{"type": "FeatureCollection", "features": [{"type": "Feature", "properties": {"regime": 0, "area_km2": 22.83}, "geometry": {"type": "MultiPolygon", "coordinates": [[[[3.3116980196018337, 6.402364912570497], [3.311697745331534, 6.401912610100733], [3.3162190582081537, 6.4019098465607405], [3.316218779979668, 6.401457544279838], [3.336564052583962, 6.400540014050965], [3.336563756518817, 6.400087712666935], [3.3406329136337463, 6.400085031046182], [3.3406326140108664, 6.399632729845228], [3.299941003318926, 6.399658094097887], [3.2999428505401256, 6.402824214986842], [3.3003947188741756, 6.402371647791623], [3.3116980196018337, 6.402364912570497]]], [[[3.358744938136979, 6.43851822124901], [3.3582924595697867, 6.438066238954177], [3.354675169935765, 6.438068763352326], [3.354674856094308, 6.43761646349746], [3.3533183733095644, 6.437617403476548], [3.3528655879213747, 6.436713116091347], [3.35150910726794, 6.436714051135645], [3.351508796294003, 6.436261751101811], [3.3478909012902762, 6.435359626329424], [3.3478905935825707, 6.434907326096194], [3.344273322245912, 6.434909775638577], [3.344273626754311, 6.435362076045381], [3.342917148441988, 6.435362988087995], [3.3429174517724114, 6.43581528855142], [3.341560972064373, 6.435816197057923], [3.3415612742166476, 6.4362684975777125], [3.34020479311358, 6.436269402547592], [3.340205094087533, 6.436721703123493], [3.3379442898176013, 6.436723203510704], [3.3379448878298486, 6.43762780485107], [3.339753835127863, 6.438078905744835], [3.3397535344892164, 6.437626605171633], [3.3415621808035474, 6.437625399089066], [3.3415618785862344, 6.437173098593284], [3.3451785562021636, 6.436266066719861], [3.3451782508501196, 6.435813766372285], [3.3478912090200623, 6.435811926554653], [3.347891516771929, 6.436264226771877], [3.349248305733049, 6.4367156015400795], [3.3492498509352844, 6.438977102138339], [3.349702013287135, 6.438976792748177], [3.3497004660844767, 6.436715292259466], [3.3506047867207154, 6.436714672497828], [3.3515100403236153, 6.438070951189122], [3.3533189986144016, 6.438522003311434], [3.353771786560162, 6.439426290099468], [3.358293410832603, 6.439423137934367], [3.358744938136979, 6.43851822124901]]], [[[3.310374260930718, 6.456189677813996], [3.311730522387965, 6.45573654797364], [3.311729969198163, 6.454831944911958], [3.3130859479735038, 6.453926510178161], [3.313536734778018, 6.451664724679584], [3.3139889100085376, 6.451664446360934], [3.3139883531655405, 6.4507598433510225], [3.3148921435962064, 6.449854682626211], [3.3148913061959293, 6.448497778121393], [3.3153434785605014, 6.448497498737798], [3.315342360703803, 6.446688292698186], [3.314438297793158, 6.447141152467967], [3.3144391338113692, 6.448498057104106], [3.3135353448244897, 6.4494032169963145], [3.313536178736898, 6.450760121630329], [3.313084004288353, 6.450760399508613], [3.3126329387740463, 6.452569883209335], [3.3090177226715585, 6.456190502523277], [3.309018271164691, 6.457095105770321], [3.3103745363712838, 6.456641979383283], [3.310374260930718, 6.456189677813996]]], [[[3.306758731202811, 6.459357980911278], [3.3090188197362913, 6.457999708985264], [3.309018271164691, 6.457095105770321], [3.3081139106219832, 6.45709565364707], [3.308114457588218, 6.458000256939397], [3.306758731202811, 6.459357980911278]]], [[[3.3008835659663043, 6.4647891110102185], [3.3035950718601477, 6.462073688765315], [3.305403540051524, 6.461620304937694], [3.306307092786625, 6.46026285650549], [3.3054027263900987, 6.460263399833648], [3.3049510847812154, 6.461168274344291], [3.3017866001666336, 6.462527066309442], [3.300430844637288, 6.463884774544126], [3.299979990851402, 6.466146550622478], [3.300884100739027, 6.465693714640421], [3.3008835659663043, 6.4647891110102185]]], [[[3.3013443317886866, 6.479262496994115], [3.3022487323102814, 6.479261959305729], [3.3027001238604687, 6.477904785350867], [3.301795725793291, 6.477905323731173], [3.3013429901214497, 6.477000989159067], [3.299986128167007, 6.476549490740087], [3.2999882652471952, 6.480167903696377], [3.300892667494502, 6.48016736834951], [3.3013443317886866, 6.479262496994115]]], [[[3.3980660178594038, 6.416778784694934], [3.3962497742841777, 6.406829627016226], [3.394893379478358, 6.40683067238811], [3.3944419425435552, 6.407735616704353], [3.393085891250027, 6.408188955835099], [3.393539757545325, 6.410450101001359], [3.3944440272961582, 6.410449406479381], [3.3939929339523127, 6.411806648793605], [3.395350038913149, 6.412710201375782], [3.3939946703174786, 6.414068140057379], [3.393995712436612, 6.41542503471989], [3.395806014611609, 6.4176851318482315], [3.396710296865867, 6.417684432546512], [3.3967113467642114, 6.419041326571309], [3.3976159821250667, 6.419492923466954], [3.3980702325688936, 6.422206359657657], [3.398522377571974, 6.422206007961895], [3.3985181580755475, 6.416778433298801], [3.3980660178594038, 6.416778784694934]], [[3.395800780476037, 6.410900659901407], [3.3953489936581156, 6.411353306792326], [3.3953486452899475, 6.4109010085818845], [3.395800780476037, 6.410900659901407]]], [[[3.3827033721074122, 6.430359455042035], [3.3817983911218485, 6.4294555337320505], [3.3822505434053953, 6.429455196025042], [3.3822491924093603, 6.427646001585811], [3.383153155220539, 6.427193026582891], [3.3836022565499193, 6.423122000417315], [3.383150109930075, 6.423122338986868], [3.3831484189531196, 6.420860845598294], [3.3822437923067703, 6.420409222549987], [3.3822431177306074, 6.419504625026707], [3.381338830705443, 6.419505298987902], [3.381338157821859, 6.418600701336943], [3.377720681922921, 6.418151081811133], [3.377721015137659, 6.418603380838933], [3.3759124432193355, 6.418604711014008], [3.3741051912526414, 6.420415231590595], [3.3704886866745336, 6.421322459486056], [3.3700358878304706, 6.420418187618951], [3.3686791276012578, 6.419966866313944], [3.3686752254492376, 6.414539272125903], [3.3677706215387797, 6.414087622022297], [3.368674250437657, 6.41318237339935], [3.365961418290763, 6.41318431673024], [3.3659610957247104, 6.4127320170006055], [3.3641522211403356, 6.412281004660656], [3.3641541471805603, 6.414994803515917], [3.3668676364335215, 6.415897468482552], [3.3668682835088615, 6.4168020677302655], [3.3664161415936835, 6.416802391204636], [3.3668686070814546, 6.417254367342153], [3.3668702252936544, 6.419515865281857], [3.3691329010778177, 6.422228037806677], [3.3732025487291226, 6.422677387315961], [3.3732018898739096, 6.421772788925366], [3.374558658268329, 6.422224097711271], [3.3750101425467167, 6.421319168556079], [3.375914433436477, 6.42131850558007], [3.377721681639049, 6.419507978870579], [3.3799827352675655, 6.419958605821899], [3.3813401767630213, 6.421314494193998], [3.38134152320782, 6.423123689272291], [3.3822461540874875, 6.423575313629868], [3.382247504210168, 6.42538450835688], [3.380891394464544, 6.42583781836654], [3.3808924037898183, 6.42719471451919], [3.3799881030481114, 6.427195386896967], [3.379989110194272, 6.428552283120765], [3.382704725284347, 6.432168649193399], [3.384061189109737, 6.432167632042669], [3.383607678151388, 6.430358777533559], [3.3827033721074122, 6.430359455042035]]], [[[3.3963129884226184, 6.488243179927696], [3.3945038216386414, 6.487792293911353], [3.394504173466875, 6.4882445908073505], [3.392695708350464, 6.488698292219914], [3.3922438539073725, 6.489150939345779], [3.3926971095603125, 6.490507480085754], [3.3922449036420335, 6.490507830306876], [3.3917940960798485, 6.4923173680579085], [3.393601872493702, 6.490959075329991], [3.394958491159069, 6.490958019750465], [3.3949591959982364, 6.491862613371878], [3.395864316483988, 6.492766501025333], [3.3958650231381515, 6.493671094482974], [3.395412814570391, 6.493671447702235], [3.3958667902134603, 6.495932577985714], [3.3967719199317017, 6.496836463332755], [3.3963204165025416, 6.497741410795998], [3.39722484077973, 6.497740701891199], [3.397678829165995, 6.500001829474411], [3.400392113357775, 6.4999996898908545], [3.400388537185501, 6.495476725906848], [3.3999363272556997, 6.495477083263445], [3.40038817970811, 6.495024429463999], [3.4003796078778192, 6.484169312413076], [3.399927408032371, 6.484169669142445], [3.3994737841704716, 6.482360838641056], [3.3985690324478073, 6.481909253107033], [3.3976625111516436, 6.4791961815567465], [3.39675776665385, 6.478744592293999], [3.39585126151721, 6.4760315162366595], [3.3949465242407943, 6.475579923248844], [3.3949458212071733, 6.4746753290467876], [3.3935881953172697, 6.4733194903706055], [3.39358749494819, 6.472414895939705], [3.393135305193595, 6.472415245981304], [3.3926817181934448, 6.47060640646494], [3.391776993338739, 6.470154806981368], [3.3917762965362783, 6.469250212240817], [3.390872270017923, 6.469703205782598], [3.3913234135983226, 6.468345965679269], [3.389965814700142, 6.466990115386656], [3.3899651214610786, 6.466085520337416], [3.386798799436852, 6.464731044114517], [3.3867984557411117, 6.4642787463832585], [3.3858947757460305, 6.465184028672428], [3.3858937470694275, 6.4638271353333225], [3.384989381970935, 6.463827820415366], [3.383631811709103, 6.462471951251406], [3.3827277887593596, 6.462924930151532], [3.382274927717402, 6.462020674015656], [3.3813709041960385, 6.46247365053733], [3.3813702267133663, 6.461569054408459], [3.3809180459412325, 6.461569393012615], [3.3809190609966744, 6.462926287265552], [3.380466878995476, 6.462926625539622], [3.3804648515117357, 6.460212836818214], [3.380012671895891, 6.4602131745474765], [3.380009298702096, 6.455690192464003], [3.3804614743043904, 6.455689854973129], [3.3809122980712374, 6.453880324213512], [3.384076493180578, 6.452521054171364], [3.384075811951352, 6.451616457977052], [3.384980155475267, 6.451615775804164], [3.3858834724295366, 6.450258197964996], [3.3872403271122598, 6.450709467465406], [3.387239640465956, 6.449804871545395], [3.388596150389454, 6.449803839553964], [3.389951623091569, 6.44844591045232], [3.391308128963148, 6.4484448714642], [3.3922114232995186, 6.447087283595049], [3.394019743290667, 6.446633592101472], [3.395826657048815, 6.444370704058096], [3.3967313378875286, 6.444822299369133], [3.3971827993275516, 6.44391735258014], [3.398538939001834, 6.4434639976383545], [3.398538233121855, 6.442559402693294], [3.400346530328688, 6.4421056900262705], [3.4003334315630407, 6.42537068117439], [3.398525192592923, 6.425824390431471], [3.39762370642316, 6.429443476180271], [3.3967194035127712, 6.42944417837246], [3.3967197541083225, 6.429896476180921], [3.3949107973900774, 6.429445577960772], [3.394457251655972, 6.427636735048844], [3.392194769175062, 6.4253769824914135], [3.393549475976358, 6.4231144508697735], [3.3930973298987355, 6.423114798223436], [3.3926437974427412, 6.42130595252561], [3.39128736377465, 6.421306990698239], [3.3912866731414444, 6.420402394176763], [3.3903823855011703, 6.420403084198025], [3.3908341844533108, 6.419950441089713], [3.390381696563061, 6.419498487546594], [3.3908324604233693, 6.41768894948375], [3.390380318984138, 6.417689294147904], [3.3899254267409136, 6.414071251036881], [3.3881168733956124, 6.414072623327968], [3.387666102216754, 6.415882159643406], [3.38630968209182, 6.415883183770244], [3.3849522434705586, 6.4145273082041285], [3.384047965509833, 6.414527986423656], [3.3840469498453447, 6.413171090103686], [3.383142674178469, 6.413171766583967], [3.383141998784606, 6.412267168901241], [3.382237724614413, 6.412267843690938], [3.3808789640070858, 6.409102759907037], [3.379070760170102, 6.409556398369275], [3.3777153537470928, 6.410914296280996], [3.377264879983408, 6.413176124836851], [3.377717018142863, 6.413175791978567], [3.3777183500909356, 6.414984988393039], [3.3786229633707126, 6.415436620327099], [3.3786239650475713, 6.416793517387981], [3.3813371486779875, 6.417243804800623], [3.3813374850350777, 6.4176961036540465], [3.383598194438824, 6.417694416237701], [3.3835988712138967, 6.418599013680827], [3.3845038348684966, 6.419502933140297], [3.386764210155647, 6.419048932745018], [3.386313089896895, 6.4204061695378885], [3.3867652339513747, 6.4204058283187795], [3.3872187449820315, 6.422214680590046], [3.38947912896069, 6.421760667686771], [3.3894798165502076, 6.4226652643561], [3.3917415832458353, 6.424020434265282], [3.3917422750748236, 6.424925030609827], [3.391290127300782, 6.424925376464562], [3.3912946214205237, 6.430805252243691], [3.3899391964747143, 6.432163182805593], [3.3881305792665066, 6.432164558998823], [3.387677739472587, 6.431260305519099], [3.3849648175708893, 6.431262355123904], [3.384965498204832, 6.432166951942953], [3.384061189109737, 6.432167632042669], [3.3840615286638935, 6.432619930488406], [3.384965838558453, 6.432619250340477], [3.3845147036314716, 6.433976485831299], [3.379540984548134, 6.433980203242857], [3.379088157688235, 6.433075941411864], [3.3777316906665775, 6.4330769455100025], [3.377731356684713, 6.432624646737962], [3.375922402893761, 6.432173680967795], [3.3759217382474334, 6.431269083194718], [3.371399538434275, 6.430367788987971], [3.3713988819703635, 6.429463190682402], [3.370494576232438, 6.429463846512227], [3.370493921460895, 6.4285592480816485], [3.369589617226994, 6.428559902219967], [3.369136812794138, 6.427655630088026], [3.3668760556771757, 6.4276572562116066], [3.3668757315690674, 6.427204956783429], [3.362806691402132, 6.4276601580613795], [3.3628070119384743, 6.428112457687416], [3.362354539700502, 6.4276604784912985], [3.3573808694710507, 6.4276639768489545], [3.354666077672981, 6.424952064313126], [3.353309628460317, 6.424953002428051], [3.3524043953629583, 6.423596725224214], [3.3505954911823017, 6.423145666683184], [3.349238121296634, 6.421789692576586], [3.3492368884597066, 6.419980490898794], [3.351044231744195, 6.418170053169989], [3.352400352478551, 6.417716821720916], [3.3524006633354717, 6.418169122038298], [3.353304950951217, 6.418168499288966], [3.3533055743276092, 6.419073099811308], [3.354209863449124, 6.419072475377371], [3.355114779138175, 6.419976449660082], [3.356020954976983, 6.422689622423927], [3.356925250212173, 6.42268899284407], [3.356923990061499, 6.4208797927353345], [3.356019383835771, 6.4204281220445685], [3.3560187555374466, 6.41952352183693], [3.3578270190337243, 6.419069961680423], [3.3578267033455353, 6.418617661646148], [3.3582791633799114, 6.4190696456726695], [3.360991710498214, 6.418615441369984], [3.3609923474817838, 6.419520041115109], [3.3596359135884555, 6.4195209951915695], [3.359184719771278, 6.420878212247639], [3.361445129940217, 6.420424321959406], [3.361896317328451, 6.419067103245595], [3.3623484614689687, 6.419066783646581], [3.3618950403539167, 6.417257903872763], [3.358278215186924, 6.417712745613241], [3.3573732984450717, 6.416808776925871], [3.357373613643664, 6.417261077014487], [3.35511321266357, 6.417714948818298], [3.3546601309375372, 6.416358361298508], [3.354208301188094, 6.4168109742334325], [3.3528515622659274, 6.416359609634127], [3.3519478986001756, 6.417264832127598], [3.3496871830466257, 6.41726637980408], [3.3483322898961134, 6.419528806158371], [3.346523708811527, 6.419530032767623], [3.3451684911520543, 6.421340151027747], [3.344264197154331, 6.42134075971653], [3.343359297024992, 6.4204367654052685], [3.3415507117855774, 6.420437974627601], [3.34155010902014, 6.419533373020568], [3.339740327736639, 6.417725372034643], [3.3397388296106367, 6.415463867290699], [3.3410943534670743, 6.414106063716273], [3.3424507757455757, 6.4141051594954455], [3.342902311911814, 6.413200255589352], [3.3438068947455593, 6.413651950882311], [3.343806591684449, 6.413199650070519], [3.345163011179694, 6.41319873880229], [3.345162706944879, 6.412746438047312], [3.3496840998491773, 6.412743374791217], [3.3505889962207065, 6.413647358334965], [3.3505896143657425, 6.414551959281647], [3.35149389578063, 6.414551340076221], [3.3519466570804717, 6.415455630658036], [3.3546595054380495, 6.415453760813552], [3.356014987645372, 6.41409591992068], [3.3596321074165183, 6.4140933954288055], [3.3596324244719877, 6.414545695452922], [3.363249866238462, 6.414995445096735], [3.3632479449807944, 6.412281645967869], [3.362343668729047, 6.412282285680669], [3.3623427108019155, 6.410925385872107], [3.3627948477440475, 6.410925066283195], [3.363246024552981, 6.409567846551908], [3.36595916081609, 6.410018218455333], [3.3664122653214315, 6.411374794963842], [3.3677686766484145, 6.4113738241725375], [3.3677683525817046, 6.410921524503], [3.3686726258862745, 6.410920875362236], [3.3686729507497595, 6.4113731749856075], [3.3695772247575224, 6.411372524204495], [3.3695768990972623, 6.4109202246274055], [3.3700293617262385, 6.411372198216122], [3.373646127382477, 6.410917276594093], [3.3740979341200505, 6.410464647690294], [3.374095956896251, 6.40775085141109], [3.3722870946122754, 6.407299867070934], [3.372286111169266, 6.405942968519079], [3.371381847001124, 6.40594362352329], [3.3713811930826836, 6.4050390243556405], [3.3700247990419636, 6.405040003735985], [3.369572017007652, 6.404135730014491], [3.367763494381574, 6.40413702850339], [3.367310717099182, 6.4032327524822374], [3.3532949891257533, 6.403694886592732], [3.353295300085296, 6.404147187113019], [3.351487083554964, 6.404600728877118], [3.3510355696721996, 6.405505639416273], [3.346966068649494, 6.40505610494952], [3.3474206486185856, 6.4086742052255286], [3.34515996981721, 6.408675730893739], [3.3442563046473515, 6.40958094010428], [3.342899894582888, 6.409581848463591], [3.3424480595428236, 6.410034451393256], [3.342901103073269, 6.411391052090247], [3.341544989014494, 6.411844258072165], [3.341545290017898, 6.41229655901529], [3.3401888723917064, 6.412297460587362], [3.339285191953147, 6.4132026617181035], [3.3356680706164905, 6.413205042332295], [3.3338586266832646, 6.411849319186265], [3.332502209161671, 6.411850200366628], [3.3325019161484017, 6.411397898992971], [3.3311454996321763, 6.411398776523696], [3.331145207835193, 6.410946475079664], [3.3297887923250262, 6.410947348961257], [3.329788501744158, 6.410495047447103], [3.327075672549745, 6.410496784326572], [3.3270753843798366, 6.410044482680914], [3.3243625568282478, 6.410046205091961], [3.32436284260812, 6.410498506860136], [3.3234585657959363, 6.410499077850007], [3.323458280812743, 6.410046776041221], [3.3171283464181225, 6.410050728057386], [3.317128625824552, 6.4105030301472805], [3.3148679320176186, 6.4105044227533154], [3.3148682094523236, 6.410956724934292], [3.3117035091615112, 6.4114109602937095], [3.311703783847185, 6.411863262596226], [3.310799229627199, 6.411411509045673], [3.310347636830917, 6.412316387537871], [3.3071826521255914, 6.412318293096271], [3.3062778307768386, 6.41141422889204], [3.3035649905318465, 6.411415841669078], [3.3031123162500764, 6.410511503709045], [3.301755898199828, 6.4105123034075895], [3.3017556323370387, 6.410060000658132], [3.299946812011749, 6.409608758435521], [3.299951042301979, 6.416845602805004], [3.314419396224858, 6.416384628066363], [3.3144191189490857, 6.415932325961332], [3.316227693244196, 6.41593121331866], [3.316227414393635, 6.415478911284723], [3.3175838437082943, 6.415478072674501], [3.3175835636818327, 6.415025770692191], [3.3193921342244592, 6.415024647041742], [3.320295854598454, 6.414119479075211], [3.327078267012942, 6.414567498778809], [3.327078555390413, 6.415019800344748], [3.329791699284768, 6.415470363664331], [3.3306974425351217, 6.417731287906507], [3.332053875856124, 6.41773041069894], [3.3325066068928195, 6.418634720014539], [3.3352200691337575, 6.419537554415839], [3.335672807371789, 6.420441860497607], [3.3365771005944374, 6.420441267061758], [3.3374819894015935, 6.421345273987655], [3.340195173347822, 6.421795779896612], [3.341100371843597, 6.423152080693263], [3.342004669338964, 6.423151477421623], [3.3438144783644472, 6.424959468583824], [3.345170928973493, 6.424958555631093], [3.346075840541648, 6.4258625459832235], [3.349240896476331, 6.425860395884424], [3.3496939738926796, 6.427216988022708], [3.3515022709949536, 6.426763448543412], [3.3515028920281273, 6.42766804893899], [3.350598587469928, 6.427668669420843], [3.3515035131505364, 6.4285726493025965], [3.3510522907359572, 6.429929860338875], [3.349695518764839, 6.429478489351331], [3.349242747593549, 6.428574197730112], [3.346981674904885, 6.4281234357702095], [3.3469813683493688, 6.427671135365464], [3.345172758259645, 6.427672358748086], [3.344719996631519, 6.426768062544529], [3.3433638444813183, 6.427221275151726], [3.3433635411650213, 6.42676897455788], [3.3415549335714005, 6.426770184982478], [3.341554631874371, 6.426317884294765], [3.34019817714955, 6.426318787854196], [3.3401984776484728, 6.42677108860602], [3.338842021531223, 6.426771988633925], [3.338842320853543, 6.427224289441613], [3.335224804274434, 6.426774371129655], [3.335225100401565, 6.427226672106376], [3.328443098552576, 6.427683371962122], [3.3275416865210286, 6.4322069644670705], [3.3257330567760373, 6.432208119942302], [3.3252803241738262, 6.431303805114896], [3.3243760107347184, 6.4313043795721905], [3.323471125378795, 6.430400349539042], [3.3198541595782833, 6.430854926267592], [3.319401720712908, 6.4304029072474975], [3.3198533115094335, 6.429498021410792], [3.3194008739036827, 6.4290460023066025], [3.318496845379804, 6.42949886786403], [3.3184962824992614, 6.428594264466142], [3.3171395383734077, 6.428142805431924], [3.316688503463058, 6.429952292639294], [3.317592534525598, 6.429499430167744], [3.317593095888643, 6.430404033613417], [3.316688783355452, 6.430404594397898], [3.316237186104487, 6.431309477723429], [3.313524243107679, 6.431311148321359], [3.313524797437307, 6.432215752059176], [3.31262048134672, 6.432216305805231], [3.3121694273722078, 6.434025789693517], [3.3112651079643274, 6.434026341196746], [3.3108134980006363, 6.43493122022511], [3.309457016282356, 6.434932043396881], [3.309457563731555, 6.435836647358258], [3.3090051289851328, 6.435384618991483], [3.3076489179661865, 6.43583773947493], [3.307649190120336, 6.436290041520996], [3.30448378712611, 6.4358396352756975], [3.303580000982532, 6.43674477776127], [3.3031275703442606, 6.436292743997928], [3.3026756760339544, 6.436745314293491], [3.2999624353545203, 6.436294611924788], [3.29996376241264, 6.4385561236540685], [3.3004161924806015, 6.439008160216662], [3.3013205216218062, 6.439007627497277], [3.301320254952609, 6.43855532523197], [3.302224583217008, 6.438554790949275], [3.302224850686508, 6.439007093176744], [3.306746223383428, 6.438552095520234], [3.307198659164621, 6.439004125793239], [3.30719784360963, 6.437647219717234], [3.3130754082452922, 6.436739047537843], [3.3135270155517973, 6.435834166690599], [3.314883499134712, 6.435833332599805], [3.3157867042088918, 6.434023567681642], [3.3166913032915013, 6.434475309865579], [3.317594780461553, 6.43311784375858], [3.3180472203286566, 6.433569864290123], [3.3194034148787046, 6.433116716913445], [3.3198561391161308, 6.434021037320309], [3.319403979762816, 6.434021320071459], [3.318953513128512, 6.436735411824775], [3.318049470915438, 6.437188277145782], [3.318050315218568, 6.438545181834641], [3.3171465496991677, 6.4394503473009435], [3.3171473919037027, 6.440807251989213], [3.3166952264282425, 6.440807532638555], [3.3171479534740453, 6.441711855074699], [3.315792293488638, 6.443069600687307], [3.3153420812896703, 6.446235991168249], [3.316697750525244, 6.444878246449802], [3.316245021175873, 6.443973923824525], [3.317600682181581, 6.442616176998824], [3.318953795322582, 6.437187713363797], [3.319858119648747, 6.437187147981127], [3.319857270727244, 6.435830243460203], [3.3203094316598736, 6.435829960228813], [3.3198567048810843, 6.434925640406254], [3.320761025126282, 6.434925073623709], [3.320760457761827, 6.434020470618089], [3.321664207443797, 6.433115299358912], [3.323472841128555, 6.433114158116803], [3.3248301779271796, 6.434470201984141], [3.3270912645496082, 6.434921061342662], [3.326640549490621, 6.437182856589322], [3.3289013584060703, 6.437181406116882], [3.3289010674112847, 6.436729105024635], [3.3302572591362605, 6.436275928962859], [3.3311621667996203, 6.4371799456402075], [3.3329705185412166, 6.436726469150302], [3.3329708131362823, 6.437178770055826], [3.3347794591347957, 6.437177588068747], [3.334779755351233, 6.437629888882542], [3.33749272611131, 6.43762810377044], [3.337492128899151, 6.4367235023877285], [3.334327001871811, 6.436725583322999], [3.334326706097874, 6.436273282472227], [3.3325177690619574, 6.435822161749018], [3.332516592661712, 6.434012957899466], [3.33342032047367, 6.433107766909569], [3.335228951990395, 6.433106584076368], [3.335680813012961, 6.432653986516519], [3.335228062843057, 6.431749681433987], [3.3365842351206547, 6.431296489465919], [3.337035795470701, 6.430391589993579], [3.338844117239076, 6.4299380941199], [3.3392956724157807, 6.429033192876371], [3.339748126681081, 6.429485193485828], [3.3438172118056997, 6.429030173734544], [3.3438175156305, 6.429482474266885], [3.3460785923511227, 6.429933250016954], [3.346531359414196, 6.430837544627994], [3.3487924439332235, 6.4312883079059375], [3.348793060616216, 6.432192908405034], [3.349697373343848, 6.4321922906818445], [3.3496970641918598, 6.431739990480085], [3.3524099994428895, 6.43173812784609], [3.3528624671899108, 6.432190116055308], [3.3528621552399436, 6.431737816007705], [3.3546707782039147, 6.431736564655924], [3.354670464677615, 6.431284264689035], [3.3564794008077166, 6.43173530690696], [3.3564790856826905, 6.431283007029238], [3.359644171569394, 6.431280790732483], [3.360096008305372, 6.430828172813455], [3.360096326604991, 6.431280472519482], [3.3614531110960533, 6.431731815111889], [3.361453750207908, 6.432636414348242], [3.3628102185683657, 6.432635453508005], [3.3632630170443663, 6.433539731450787], [3.3623590237098138, 6.433992672846364], [3.3623596646505485, 6.434897271911958], [3.3596486245657284, 6.4376129860926765], [3.3587443032297988, 6.437613621949817], [3.358744938136979, 6.43851822124901], [3.3605535839183025, 6.438516947753587], [3.361004786978641, 6.437159729756733], [3.3619091072857574, 6.437159089943002], [3.36190846691505, 6.436254490912034], [3.365523477855002, 6.433085820431887], [3.366879946790694, 6.433084848726055], [3.366880271201508, 6.43353714805027], [3.3691407278840835, 6.4330832212182125], [3.3700456945998614, 6.4339871657327645], [3.3714018368004917, 6.433533882805517], [3.371854650919101, 6.434438152196386], [3.3768293787951795, 6.435791405657269], [3.377282204463572, 6.436695669487136], [3.3831602685584015, 6.436691295121206], [3.383160607556284, 6.4371435935350005], [3.385421061350089, 6.436689594666941], [3.386324694773249, 6.435784315170411], [3.3876811676078695, 6.435783287841106], [3.388132638546495, 6.434878348246125], [3.38948910868616, 6.434877316262215], [3.3894887642116167, 6.434425018147465], [3.3903934219890455, 6.434876626272869], [3.39039273146524, 6.433972030133151], [3.391297043069572, 6.43397133864176], [3.391296697045202, 6.4335190406089], [3.3949146377391517, 6.434420854505608], [3.3949153363102815, 6.435325450136993], [3.3958203500860193, 6.436229345997961], [3.3958221012036036, 6.438490834608365], [3.393561651551902, 6.438944879393985], [3.3922062127244157, 6.440302816482241], [3.390397567213291, 6.440304202438612], [3.39039791280971, 6.440756500400362], [3.38949358910486, 6.440757191025315], [3.38768597113116, 6.442115461746822], [3.386329481490324, 6.442116490095144], [3.3854258375479986, 6.443021770044755], [3.383617180951868, 6.443023132558389], [3.3831656954429468, 6.443928068780758], [3.3818092002645823, 6.443929085402757], [3.381357710751014, 6.444834020230527], [3.3790972166745554, 6.445288003308949], [3.3786457211529317, 6.446192936042259], [3.3777413865699386, 6.446193606416274], [3.376385885085176, 6.447551504755813], [3.375029379210029, 6.447552503916843], [3.3741257049993907, 6.448457765404614], [3.374127031601443, 6.450266960077317], [3.3727708486627934, 6.450720252365966], [3.373224344105397, 6.452529116253138], [3.372320658200353, 6.453434375059258], [3.3727734935725486, 6.454338641823986], [3.372321318767574, 6.454338972422325], [3.3723223097956683, 6.455695868406722], [3.3718701337635486, 6.455696198673808], [3.372323631497354, 6.457505062940177], [3.371418946541094, 6.457053424591596], [3.37141993558657, 6.458410320571344], [3.3723242924900103, 6.458409660158721], [3.3736818229469394, 6.459765562085699], [3.3741349991935774, 6.461122125416821], [3.373230637661797, 6.46112278932252], [3.373229974779393, 6.460218192293858], [3.3727777947810056, 6.460218523597443], [3.372779781303028, 6.46293231472731], [3.371423233937434, 6.462933306648349], [3.3709723698286824, 6.464742830784015], [3.371424553937999, 6.464742500854132], [3.37142521407976, 6.4656470979087866], [3.3723295838348886, 6.46564643675009], [3.3723289220858628, 6.464741839788697], [3.3750416927115485, 6.464287548594862], [3.3750420259612417, 6.46473984694705], [3.3759463937295315, 6.464739179451391], [3.3759470619076084, 6.465643776037478], [3.376851431187691, 6.46564310683987], [3.37685109628306, 6.465190808598044], [3.377755464663786, 6.465190137839968], [3.3777547933191525, 6.464285541426814], [3.378206976669985, 6.464285205492296], [3.378207648818191, 6.465189801858056], [3.3795642011372267, 6.465188791500818], [3.379563526578305, 6.464284195277587], [3.3804675550166166, 6.463831221715791], [3.3800167229128504, 6.465640751986984], [3.380921091760483, 6.465640075554375], [3.3818268180527804, 6.4674485893544285], [3.384540617108362, 6.468351140593722], [3.384089455066206, 6.469708375758566], [3.3849938307122187, 6.469707691657009], [3.3849945155005816, 6.470612287111971], [3.385446704091197, 6.470611944409592], [3.3849975982581273, 6.4746829662608585], [3.3859019826560464, 6.474682280018855], [3.3868073998112944, 6.476038484781166], [3.387711441313086, 6.475585497691901], [3.3886165188899904, 6.476489401380045], [3.3886172108525923, 6.477393996205429], [3.389521599687135, 6.477393303230555], [3.3895222933588953, 6.478297897926142], [3.3913324680354284, 6.48010569585123], [3.3922389581094112, 6.482818780567082], [3.393143356213085, 6.482818080558457], [3.3926915071146304, 6.483270727847725], [3.3931447577383027, 6.484627268745316], [3.3926925570869795, 6.484627619049679], [3.3926946577048933, 6.4873414012357875], [3.3922428043968673, 6.487794048312044], [3.3940516182402702, 6.487792645598152], [3.3949553206242085, 6.486887348054518], [3.3949539121496346, 6.485078160424281], [3.3935983619016943, 6.486436105996972], [3.3935973092114344, 6.48507921503971], [3.3945010079145423, 6.484173918452899], [3.394501359542384, 6.48462621541344], [3.396762715716016, 6.485076748626137], [3.396763776871731, 6.486433639063085], [3.3976685354978855, 6.486885227342001], [3.398122158055326, 6.488694059283457], [3.3967658998633654, 6.4891474197191155], [3.3963129884226184, 6.488243179927696]], [[3.3908743560468015, 6.472416990153796], [3.390422166142879, 6.472417337781193], [3.390420082527111, 6.469703553263046], [3.390872270017923, 6.469703205782598], [3.3908743560468015, 6.472416990153796]], [[3.3809190609966744, 6.462926287265552], [3.3813715817755545, 6.463378246634048], [3.3809193993968534, 6.463378585333788], [3.3809190609966744, 6.462926287265552]], [[3.318496845379804, 6.42949886786403], [3.3180449710338125, 6.42995145092264], [3.318044689962794, 6.429499149215732], [3.318496845379804, 6.42949886786403]], [[3.3646194875270052, 6.433538765675106], [3.3641670087105133, 6.433086788538562], [3.364619165115162, 6.433086466236245], [3.3646194875270052, 6.433538765675106]], [[3.393143356213085, 6.482818080558457], [3.393595204505678, 6.482365432907405], [3.3935955552274937, 6.482817729949616], [3.393143356213085, 6.482818080558457]], [[3.392690807257732, 6.482366133672768], [3.392690107500567, 6.481461539465558], [3.393142305331274, 6.481461189333641], [3.3931430058941863, 6.482365783491581], [3.392690807257732, 6.482366133672768]], [[3.3922379096449267, 6.4814618891945415], [3.392237210793126, 6.480557294905872], [3.3926894078431338, 6.480556945226101], [3.392690107500567, 6.481461539465558], [3.3922379096449267, 6.4814618891945415]], [[3.397670308753163, 6.489146710952805], [3.397671018232028, 6.490051304340626], [3.3972188129930196, 6.490051658975327], [3.397218104320875, 6.489147065537666], [3.397670308753163, 6.489146710952805]], [[3.398123223445786, 6.490050949302456], [3.3981239338324905, 6.490955542608089], [3.3976717278118973, 6.490955897696155], [3.397671018232028, 6.490051304340626], [3.398123223445786, 6.490050949302456]], [[3.3981239338324905, 6.490955542608089], [3.398576495462536, 6.491407483732226], [3.3981242890637624, 6.491407839248796], [3.3981239338324905, 6.490955542608089]], [[3.3999388274824924, 6.498643158312752], [3.399939542061573, 6.499547751111233], [3.3994873284716154, 6.499548108289573], [3.3990344018930605, 6.498643872165173], [3.3999388274824924, 6.498643158312752]], [[3.399935613133752, 6.494572490319488], [3.399483047366745, 6.494120550712994], [3.3999352561108713, 6.494120193835391], [3.399935613133752, 6.494572490319488]], [[3.399482334204407, 6.493215957670443], [3.3990297701026067, 6.492764017535831], [3.399481977661288, 6.492763661137052], [3.399482334204407, 6.493215957670443]], [[3.3990294139884005, 6.4923117209693295], [3.398576851122578, 6.491859780339884], [3.3990290578995324, 6.491859424394755], [3.3990294139884005, 6.4923117209693295]], [[3.395861843986217, 6.489600423669218], [3.395409286339791, 6.48914847984297], [3.3958614908727944, 6.489148126871767], [3.395861843986217, 6.489600423669218]], [[3.3940484565414333, 6.483721972948608], [3.3935959059743, 6.483270026983765], [3.3940481053666627, 6.483269675947215], [3.3940484565414333, 6.483721972948608]], [[3.391784664732443, 6.4801053470017616], [3.3922365120409417, 6.479652700584957], [3.3922368614045815, 6.480104997749446], [3.391784664732443, 6.4801053470017616]], [[3.3913321194772776, 6.479653398637614], [3.3913314224355147, 6.478748804186206], [3.391783617924381, 6.478748455410387], [3.3917843157715475, 6.479653049812696], [3.3913321194772776, 6.479653398637614]], [[3.3908785307847125, 6.477844558026578], [3.390877834746892, 6.476939963461663], [3.391330028650143, 6.476939615186691], [3.3913307254931366, 6.477844209702564], [3.3908785307847125, 6.477844558026578]], [[3.3904252932396832, 6.47648801401495], [3.390423208285391, 6.473774229931589], [3.3908753993962555, 6.473773882230715], [3.390877486765208, 6.476487666167121], [3.3904252932396832, 6.47648801401495]], [[3.384992461428798, 6.467898500650523], [3.3845399333683903, 6.46744654501005], [3.3849921191690475, 6.467446202878789], [3.384992461428798, 6.467898500650523]], [[3.385895461652925, 6.466088624191624], [3.38544293454308, 6.465636669274701], [3.385895118687228, 6.465636326436046], [3.385895461652925, 6.466088624191624]], [[3.3759393836234266, 6.455240913356637], [3.376844068812194, 6.455692543663135], [3.3768450720906804, 6.457049438870743], [3.375940384422786, 6.456597808729919], [3.3759393836234266, 6.455240913356637]], [[3.3926625468568568, 6.445730042531577], [3.3922110757535764, 6.446634985843648], [3.3917589088069926, 6.446635333277315], [3.3917582145910083, 6.4457307377013064], [3.3926625468568568, 6.445730042531577]], [[3.352847518852274, 6.410479704758414], [3.352395071332523, 6.410027715104814], [3.352847207977196, 6.4100274043275425], [3.352847518852274, 6.410479704758414]]], [[[3.3714268648468155, 6.467908590404702], [3.37142521407976, 6.4656470979087866], [3.370973029166811, 6.465647427885216], [3.370522490978198, 6.467909250188197], [3.3718793823719238, 6.468360558361576], [3.3714268648468155, 6.467908590404702]]], [[[3.3750483622293412, 6.4733335141103785], [3.3759520762863016, 6.472428249407573], [3.375951072980938, 6.471071354878385], [3.3750466939569947, 6.471072023033223], [3.3750460268147338, 6.470167426546021], [3.372332562875573, 6.469717122678283], [3.372333556314622, 6.4710740178428745], [3.3732382676216415, 6.4715256528408265], [3.3732389316887987, 6.472430249467399], [3.3718823590697578, 6.472431244065303], [3.371882689932012, 6.47288354243659], [3.3750483622293412, 6.4733335141103785]]], [[[3.3727890630043067, 6.475596669505531], [3.372336869314653, 6.475597001201674], [3.372335875166431, 6.474240106278566], [3.3714314901308327, 6.474240768323249], [3.371433473810317, 6.476954558376779], [3.372789726692997, 6.476501266033956], [3.3727890630043067, 6.475596669505531]]]]}}, {"type": "Feature", "properties": {"regime": 1, "area_km2": 12.93}, "geometry": {"type": "MultiPolygon", "coordinates": [[[[3.3207618763256574, 6.436281978072146], [3.3198578366546108, 6.436734846482152], [3.319858402663185, 6.437639449472098], [3.3212151744352933, 6.438090899759204], [3.3216664834629537, 6.436733710995197], [3.3207621600995005, 6.43673427953896], [3.3207618763256574, 6.436281978072146]]], [[[3.306752472142783, 6.448955040335774], [3.30539649411601, 6.449860458303083], [3.3044916062474976, 6.4489563952569755], [3.304492416049855, 6.450313301077443], [3.3067530159999463, 6.449859644032494], [3.306752472142783, 6.448955040335774]]], [[[3.3108220295251516, 6.448952576220246], [3.3112750303094924, 6.450309205376936], [3.313084004288353, 6.450760399508613], [3.312630444073816, 6.44849916902615], [3.3108220295251516, 6.448952576220246]]], [[[3.302685597163265, 6.453480491859823], [3.301780707151389, 6.452576424205496], [3.3022323476211795, 6.451671552294759], [3.3008758203477293, 6.451672354763179], [3.3013274617343136, 6.4507674835847215], [3.302684254933049, 6.451218982018902], [3.3026847917674926, 6.452123585979327], [3.3035888747219606, 6.451670746216605], [3.3035880671512015, 6.450313840353917], [3.302231275709653, 6.449862344233919], [3.3022310077797346, 6.449410042198666], [3.3035875288670518, 6.449409236405375], [3.3035872597538836, 6.448956934419079], [3.302682913183185, 6.448957471977537], [3.3026821083638316, 6.447600565856537], [3.30222993625191, 6.4476008339775115], [3.301778834045554, 6.449410309994551], [3.300422312728189, 6.449411110976565], [3.3008752867592412, 6.450767750635358], [3.2999712027346684, 6.451220585639147], [3.299972266856452, 6.453029793981322], [3.3013290651349614, 6.453481295758698], [3.301329332435352, 6.453933597759626], [3.302685597163265, 6.453480491859823]], [[3.300424443874615, 6.4530295276386305], [3.300876354012615, 6.452576958858927], [3.3008766208737073, 6.453029260894774], [3.300424443874615, 6.4530295276386305]], [[3.300876354012615, 6.452576958858927], [3.301328263348561, 6.452124389707794], [3.301328530591566, 6.452576691732782], [3.300876354012615, 6.452576958858927]]], [[[3.3053970356457656, 6.450765062082874], [3.3063022000371114, 6.452121425054584], [3.308563626912614, 6.4530246648707354], [3.3085628059350207, 6.451667759713459], [3.3053970356457656, 6.450765062082874]]], [[[3.3153454355803906, 6.45166360899851], [3.315345994909089, 6.452568211857979], [3.3148938189364596, 6.452568491419378], [3.31534655431786, 6.453472814685366], [3.314442200748399, 6.453473373485998], [3.3144424796806193, 6.453925674927144], [3.316251468900534, 6.454376856996069], [3.3167016801349027, 6.451210466644051], [3.3153454355803906, 6.45166360899851]]], [[[3.3063035585022518, 6.4543829340517025], [3.3067549201133937, 6.453025756718473], [3.3063027433648355, 6.453026028677494], [3.3063022000371114, 6.452121425054584], [3.3053981189379122, 6.4525742695462425], [3.305397577253066, 6.451669665830595], [3.3049454016492974, 6.4516699365287185], [3.304494576373278, 6.4539317162459175], [3.3053989316105805, 6.453931175059566], [3.3058516518811607, 6.454835507461676], [3.307208186940154, 6.4548346913540025], [3.3072079143864834, 6.454382389617105], [3.3063035585022518, 6.4543829340517025]], [[3.3053989316105805, 6.453931175059566], [3.3058508378887916, 6.453478602053963], [3.305851109200166, 6.453930903864555], [3.3053989316105805, 6.453931175059566]]], [[[3.312634048045691, 6.454379089304476], [3.313539237948267, 6.455735438004221], [3.3148960538428685, 6.456186902694448], [3.314895494996328, 6.455282299923817], [3.312634048045691, 6.454379089304476]]], [[[3.3035910290919404, 6.455289161497595], [3.303591567877156, 6.456193765237627], [3.3026872084736025, 6.456194303404248], [3.301783384645213, 6.457099443825162], [3.3040445570763035, 6.457550401044993], [3.304495656998893, 6.4557409236376655], [3.3035910290919404, 6.455289161497595]]], [[[3.3117324591756314, 6.458902658436748], [3.312636545067899, 6.458449802549189], [3.3126368226140444, 6.458902103980695], [3.313993646393055, 6.459353570649664], [3.31444499096885, 6.4579963875364115], [3.3148971717758298, 6.45799610813941], [3.3144441536931213, 6.456639483405545], [3.3135397944272613, 6.456640040877002], [3.3139925314313916, 6.457544365143307], [3.312635990035149, 6.457545199662095], [3.3121832553792636, 6.4566408740737575], [3.3112788959147945, 6.456641427531305], [3.3117316290050387, 6.457545754000714], [3.310827267895771, 6.457546306733539], [3.310826716152905, 6.456641703657989], [3.3103745363712838, 6.456641979383283], [3.3103753628112007, 6.457998884042987], [3.310827543796802, 6.457998608259274], [3.3103761894284474, 6.459355788630455], [3.311280277426726, 6.458902935062475], [3.3112797247626715, 6.4579983320740855], [3.31173190570878, 6.457998055487418], [3.3117324591756314, 6.458902658436748]]], [[[3.3225848151464596, 6.458895898959492], [3.3225853879622904, 6.45980050092226], [3.3221329198766636, 6.459348486227605], [3.320776659563946, 6.459801643724429], [3.321229697457757, 6.461158261691836], [3.322134064066111, 6.461157690169744], [3.3216813094396005, 6.460253374136253], [3.3234900392803315, 6.4602522280404795], [3.3234891776170605, 6.458895325229889], [3.3225848151464596, 6.458895898959492]]], [[[3.319422098874189, 6.4629686042122545], [3.319873147392352, 6.461159115962427], [3.3180646961718905, 6.461612550512526], [3.318065261200943, 6.462517152780584], [3.3185174458623146, 6.462516869972223], [3.3180658263107645, 6.463421755016514], [3.3189704806086757, 6.463873489984128], [3.3189710474467313, 6.464778092091975], [3.319875420685524, 6.464777524266196], [3.319874852240388, 6.463872922238453], [3.320327038025798, 6.463872637762851], [3.319422098874189, 6.4629686042122545]]], [[[3.3212308387614007, 6.462967465666821], [3.3216838810793323, 6.464324082862423], [3.3230404393348976, 6.46432322334733], [3.322587393462781, 6.462966607538984], [3.3212308387614007, 6.462967465666821]], [[3.321683595259897, 6.46387178192498], [3.322135494763051, 6.463419194916711], [3.3221357809637904, 6.463871495842004], [3.321683595259897, 6.46387178192498]]], [[[3.320779223790872, 6.463872352885406], [3.3207797938430867, 6.4647769548328125], [3.3198759892118894, 6.465682126261792], [3.321232836827918, 6.466133572313735], [3.3216838810793323, 6.464324082862423], [3.320779223790872, 6.463872352885406]]], [[[3.3225893999667577, 6.466132713762069], [3.321685596424813, 6.467037888318314], [3.322138357690744, 6.4679422038080245], [3.323042736270806, 6.46794163007249], [3.3230421619137767, 6.467037028439426], [3.3234943503691188, 6.467036741009048], [3.3225893999667577, 6.466132713762069]]], [[[3.3144525345351563, 6.4702085214615765], [3.313096237916625, 6.470661660040153], [3.3135478723198752, 6.469756778922824], [3.3126432116533375, 6.469305034688546], [3.312644323862422, 6.471114239595045], [3.3149052863555313, 6.471112843772336], [3.3144525345351563, 6.4702085214615765]]], [[[3.3225931289937, 6.472012624274224], [3.323044747166447, 6.471107735534937], [3.323949131293863, 6.47110715990706], [3.3234963637919237, 6.470202846442193], [3.32214007642903, 6.470656008756952], [3.321688743134398, 6.472013197569107], [3.321236550174097, 6.472013483613019], [3.32123597866573, 6.4711088819631275], [3.3203315942928873, 6.47110945276344], [3.319879971170939, 6.472014339330632], [3.3207846425759056, 6.4724660700875845], [3.3207852134020124, 6.47337067172946], [3.3198808249657454, 6.473371241926018], [3.3198811096046326, 6.4738235427750555], [3.3212379793019293, 6.4742749875969645], [3.321236835958873, 6.4724657844259], [3.3225931289937, 6.472012624274224]]], [[[3.3180726139288317, 6.474276979339885], [3.3176207014619505, 6.474729563197473], [3.319881678943334, 6.474728144448992], [3.3198811096046326, 6.4738235427750555], [3.31852452559091, 6.473824395111639], [3.3194283465008856, 6.472919225543515], [3.318071764840473, 6.472920076552786], [3.3180726139288317, 6.474276979339885]]], [[[3.320788068754556, 6.477893679455995], [3.321240553016946, 6.478345694261046], [3.3212411251779725, 6.479250295653392], [3.323049922655693, 6.479249147770988], [3.3230496349541716, 6.478796847159632], [3.322145237061624, 6.478797421865996], [3.322144663330752, 6.477892820538221], [3.320788068754556, 6.477893679455995]]], [[[3.318075445536015, 6.478799988107077], [3.3180760120997927, 6.479704589763904], [3.3203367263166195, 6.4792508671777505], [3.320336155766346, 6.478346265704954], [3.318075445536015, 6.478799988107077]]], [[[3.322146384768813, 6.480606624424907], [3.321693611091908, 6.47970230995094], [3.3207892114658564, 6.479702882321196], [3.3207894971946006, 6.480155183017363], [3.3198848117583335, 6.479703453080109], [3.319885666588937, 6.481060355264954], [3.321242269744783, 6.481059498341444], [3.3203392947996395, 6.483321573406643], [3.321695617260693, 6.482868414372972], [3.321696190635605, 6.483773015563899], [3.3221483940438796, 6.483772728592864], [3.321694470755977, 6.481059211894432], [3.32350327459621, 6.481058062077182], [3.323502986409826, 6.4806057615183095], [3.322146384768813, 6.480606624424907]]], [[[3.3171747208301183, 6.484680464663497], [3.316723081062998, 6.485585348807028], [3.318984391460473, 6.486036232364021], [3.3185319019165718, 6.485584215921716], [3.318983538378236, 6.484679330324908], [3.3171747208301183, 6.484680464663497]]], [[[3.3117518803901485, 6.490563741401881], [3.3112988373541845, 6.489207116589863], [3.309942211108856, 6.489207947972196], [3.310395804469689, 6.491469176077627], [3.3117518803901485, 6.490563741401881]]], [[[3.317178397867413, 6.490560374012619], [3.3176317412217786, 6.4923692932968216], [3.3185364479895325, 6.492821026020106], [3.3185355952064404, 6.491464124283947], [3.317178397867413, 6.490560374012619]]], [[[3.3221561534938444, 6.495984840968557], [3.3226086558504515, 6.496436853373866], [3.322157016575491, 6.497341741980512], [3.323061447536715, 6.497341165615554], [3.323512507406263, 6.4955316757046395], [3.3221561534938444, 6.495984840968557]]], [[[3.3090441388658016, 6.499611422094836], [3.309948021232661, 6.498706267308593], [3.309043586683926, 6.498706820361325], [3.30904303458055, 6.497802218595509], [3.308590818084581, 6.497802494477106], [3.3085913693801063, 6.49870709628165], [3.3076869347137077, 6.498707646910209], [3.3076877593799843, 6.500064549672371], [3.3085916450572634, 6.499159397171805], [3.3090441388658016, 6.499611422094836]]], [[[3.3388390294907953, 6.4222489801176685], [3.338387478838865, 6.423153880925264], [3.339291776593318, 6.423153282445085], [3.3397445253570575, 6.424057584256184], [3.341100974157491, 6.424056682215335], [3.3411015765579775, 6.42496128370546], [3.341553726913344, 6.4249609821836895], [3.34155282214741, 6.423604080000717], [3.340648523810382, 6.423604682516549], [3.3406479223380923, 6.4227000809357655], [3.3388390294907953, 6.4222489801176685]]], [[[3.3329711077524826, 6.437631070953345], [3.3329714023898167, 6.438083371842862], [3.3338757270317516, 6.438082781566047], [3.333876022490454, 6.4385350824057515], [3.332971697048286, 6.438535672724374], [3.3329722864286273, 6.4394402744633865], [3.334780347847855, 6.438534490486116], [3.334779755351233, 6.437629888882542], [3.3329711077524826, 6.437631070953345]]], [[[3.3397559402022092, 6.441245009533111], [3.3388510105559974, 6.440341009386152], [3.3393016730952096, 6.438079206286274], [3.338397348965323, 6.438079806168481], [3.3383979479065307, 6.438984407418422], [3.3379457850090946, 6.438984706801589], [3.3383988464794347, 6.440341309233289], [3.3374951158168056, 6.441246508981092], [3.3383994456354342, 6.4412459104031665], [3.3383991460466946, 6.440793609822232], [3.3397559402022092, 6.441245009533111]]], [[[3.3420185812506054, 6.443957302368208], [3.3402087074592717, 6.442149309409915], [3.3402096112880755, 6.443506210801346], [3.3393052776377754, 6.443506812795656], [3.339305578156313, 6.443959113286044], [3.340662079800765, 6.443958209629791], [3.340661778080848, 6.443505909203346], [3.3420185812506054, 6.443957302368208]]], [[[3.336591680003438, 6.4426040079059845], [3.3356873476115876, 6.442604603406967], [3.336140704636772, 6.444413508427154], [3.334784497704176, 6.44486670081439], [3.3347847942818616, 6.445319001492048], [3.3361413001740874, 6.445318109664297], [3.3361415979747497, 6.445770410270848], [3.3370456373289343, 6.445317513109069], [3.3374981048766696, 6.445769514773643], [3.337949675016693, 6.444864614421088], [3.336592574286672, 6.443960909782554], [3.3370444431356225, 6.443508310771556], [3.336591680003438, 6.4426040079059845]], [[3.33704504018949, 6.444412911956337], [3.336593170582321, 6.444865510993544], [3.336592872423814, 6.444413210392056], [3.33704504018949, 6.444412911956337]]], [[[3.3320711935966902, 6.444416172715057], [3.330714982487987, 6.4448693544732505], [3.3307155684544973, 6.445773956196058], [3.3316199069191375, 6.445773369215597], [3.3316204945720953, 6.446677970823303], [3.3329767094759197, 6.446224786484955], [3.3329764144581513, 6.445772485739595], [3.3320720761198968, 6.445773075124302], [3.3320711935966902, 6.444416172715057]]], [[[3.3293613956889767, 6.449393240728707], [3.32936168766916, 6.44984554157604], [3.3311706727967896, 6.450296670831868], [3.331170085608723, 6.449392069310863], [3.332074430442579, 6.449391481196334], [3.332074136078467, 6.448939180465385], [3.3293613956889767, 6.449393240728707]]], [[[3.3343376638669797, 6.453008408616967], [3.334338850230919, 6.454817610786099], [3.335695381441328, 6.454816718837169], [3.335694488026449, 6.453459817411385], [3.3347904332956295, 6.453912712844493], [3.3347898393539515, 6.453008111785832], [3.3343376638669797, 6.453008408616967]]], [[[3.3252999243894394, 6.462060278828465], [3.3253002133403067, 6.462512579635789], [3.324395556462007, 6.462060856055445], [3.3243964209665533, 6.463417758575518], [3.325300791303996, 6.463417181226338], [3.3253010803168177, 6.463869482009561], [3.3266573466552, 6.463416312188963], [3.3266567662814164, 6.462511710721038], [3.3252999243894394, 6.462060278828465]]], [[[3.327561716785696, 6.463415730821644], [3.3271092411318737, 6.462963720996759], [3.3271104036523025, 6.464772923786353], [3.3280147761517607, 6.4647723414921865], [3.328465795028964, 6.462962847199269], [3.327561716785696, 6.463415730821644]]], [[[3.3298246933977547, 6.466580374247838], [3.3302762940458512, 6.465675479781613], [3.3284678380951997, 6.466128951565113], [3.3298252797719896, 6.467484975282995], [3.3311818453477136, 6.467484093631739], [3.331181256561839, 6.466579492720908], [3.330729362841964, 6.467032087445415], [3.3298246933977547, 6.466580374247838]]], [[[3.323495788425576, 6.469298244930068], [3.3234952131413795, 6.46839364338578], [3.324399592402328, 6.468393067197036], [3.324851204387887, 6.467488177044972], [3.326207480668877, 6.467035007983908], [3.326206610847289, 6.46567810590143], [3.3253022365746228, 6.4656786850621], [3.3243969974058882, 6.464322360215395], [3.322588539913604, 6.464775811143245], [3.323041587638783, 6.466132426774209], [3.3234934877816955, 6.465679838559968], [3.324398150531691, 6.466131563398725], [3.3239468267760945, 6.467488753956614], [3.323042736270806, 6.46794163007249], [3.323043597960168, 6.469298532461786], [3.323495788425576, 6.469298244930068]], [[3.3243984388646286, 6.4665838641744635], [3.3248509156118042, 6.467035876305662], [3.324398727218161, 6.467036164942164], [3.3243984388646286, 6.4665838641744635]]], [[[3.338416256888847, 6.4665747301382694], [3.3375118821463463, 6.466575331089247], [3.3379655717993666, 6.468836531458306], [3.3384177611697963, 6.468836230675795], [3.338416858536772, 6.467479330377401], [3.3388690466796858, 6.467479029256434], [3.338416256888847, 6.4665747301382694]]], [[[3.332538115124895, 6.467030907972894], [3.333894085548768, 6.466125418470364], [3.3325372284236283, 6.465674006757731], [3.3325378195366944, 6.466578607575877], [3.331633739025538, 6.467031498513233], [3.3316346235049137, 6.468388399780966], [3.333444269936663, 6.469744117787118], [3.3334436769197, 6.468839517165041], [3.3325390020161665, 6.468387809115702], [3.332538115124895, 6.467030907972894]]], [[[3.325755871517859, 6.4679398992155335], [3.328017691945327, 6.4692953474928325], [3.3289211950313216, 6.467937861586975], [3.3275637543725436, 6.466581835419147], [3.326659378616688, 6.466582417073584], [3.325755871517859, 6.4679398992155335]], [[3.326659668979853, 6.4670347177392395], [3.32711214805595, 6.467486727729654], [3.3266599593637567, 6.467487018396856], [3.326659668979853, 6.4670347177392395]]], [[[3.340678101902015, 6.467930120752961], [3.3402259134433465, 6.467930423503541], [3.340227426087919, 6.470191923494962], [3.3415839974300146, 6.470191013716342], [3.340679010630073, 6.469287020707908], [3.340678101902015, 6.467930120752961]]], [[[3.332088289334953, 6.470649606497427], [3.3311830231717705, 6.469293295356919], [3.330278642926058, 6.469293883692374], [3.3298273327414103, 6.470651078652769], [3.3302792303557935, 6.470198484589657], [3.3307314212933727, 6.470198190581577], [3.330732009611323, 6.471102791405246], [3.332088289334953, 6.470649606497427]]], [[[3.326661992631768, 6.470653122775036], [3.3271133114070586, 6.469295930197741], [3.3262089307857194, 6.469296511293919], [3.3253059966945755, 6.47155859409458], [3.327115348071056, 6.472462034207271], [3.3271144750904496, 6.471105132537162], [3.3262103814203177, 6.471558014402894], [3.326209801104347, 6.470653413183432], [3.326661992631768, 6.470653122775036]]], [[[3.331185085173375, 6.4724593980663485], [3.330279817869404, 6.471103085454769], [3.329827919492562, 6.47155567954318], [3.3284710506923263, 6.471104257629909], [3.329376606383491, 6.472912874146053], [3.3307331864991956, 6.47291199295605], [3.331185085173375, 6.4724593980663485]]], [[[3.3370644910300014, 6.473812432990422], [3.3366116981401674, 6.472908132615579], [3.3357073119673686, 6.472908730940599], [3.335256610550502, 6.47517053021307], [3.3370644910300014, 6.473812432990422]]], [[[3.3248558276101, 6.474724987780234], [3.324404498613864, 6.476082178607359], [3.3262135746389885, 6.476533320534646], [3.3262132842428254, 6.476081020017453], [3.325308891469653, 6.476081600117622], [3.325308312349407, 6.475176998977395], [3.325760507941362, 6.475176709169434], [3.3257599280988743, 6.474272108037831], [3.3248552494185786, 6.473820386550951], [3.325306575484362, 6.47246319536356], [3.323949419451135, 6.471559460614675], [3.3244030549925885, 6.47382067549275], [3.319881678943334, 6.474728144448992], [3.3198822483632737, 6.475632746090736], [3.3207869263691343, 6.47608447646197], [3.3207877831276496, 6.477441378719566], [3.321239980937504, 6.477441092836489], [3.321239122971312, 6.476084190639273], [3.3225957126553545, 6.476083330755533], [3.322595425499911, 6.475631030067579], [3.3234998177152417, 6.475630454839217], [3.3234992418559672, 6.4747258535201775], [3.3248558276101, 6.474724987780234]]], [[[3.3343522202260654, 6.475171126333555], [3.333899430702091, 6.474266823402828], [3.3334475330436093, 6.474719420633373], [3.331638458438576, 6.474268304438037], [3.3316396391340493, 6.476077505597406], [3.332543735312023, 6.4756246139881055], [3.333448720263066, 6.476528621426953], [3.333448126610996, 6.475624021046262], [3.3343522202260654, 6.475171126333555]]], [[[3.327118550599123, 6.477437339711388], [3.327570164850926, 6.476532447303347], [3.3253094706725155, 6.476986201225653], [3.3253106293260934, 6.478795403345096], [3.3262150269304804, 6.478794822999834], [3.326666934799225, 6.478342231766571], [3.3262141554934495, 6.477437921544874], [3.327118550599123, 6.477437339711388]]], [[[3.3221469587451318, 6.481511225656035], [3.322599447540007, 6.481963238966237], [3.3226008849558317, 6.484224741761717], [3.3244096999140624, 6.484223588153177], [3.3244094107778586, 6.483771287691331], [3.323505004145861, 6.483771865261216], [3.3230513614709682, 6.481510650706956], [3.3221469587451318, 6.481511225656035]]], [[[3.3257660205712964, 6.48377041831333], [3.3266707181481716, 6.484222137072337], [3.326669844756524, 6.482865235968782], [3.325313237504953, 6.482866107642691], [3.325314977220353, 6.485579910145167], [3.324863061965352, 6.486032500428616], [3.32621938691182, 6.485579329187162], [3.3262188053117057, 6.484674728466943], [3.325766601282494, 6.4846750191066675], [3.3257660205712964, 6.48377041831333]]], [[[3.3244157765326956, 6.493721895989337], [3.3235113521546475, 6.493722474452942], [3.323510774652097, 6.492817873778666], [3.3226066397401235, 6.493270750928077], [3.3226072156692177, 6.494175351667236], [3.3235116409367365, 6.494174774777974], [3.3235122185625445, 6.495079375403823], [3.3244166453626622, 6.495078796818343], [3.3239641427460067, 6.494626786024394], [3.3244157765326956, 6.493721895989337]]], [[[3.3578368166315804, 6.4330912587807445], [3.3573852919361666, 6.433996174678394], [3.3578374494841245, 6.43399585832985], [3.357838082427517, 6.434900457846952], [3.358742399054739, 6.434899823860124], [3.359192969148702, 6.432638007751057], [3.3578368166315804, 6.4330912587807445]]], [[[3.3650729357865687, 6.435347640533945], [3.3646201324201197, 6.434443364528823], [3.3637158171887713, 6.434444008870535], [3.362812785530242, 6.436253849588523], [3.363717425827173, 6.4367055060930936], [3.364168619001897, 6.435348285767077], [3.3650729357865687, 6.435347640533945]]], [[[3.3456322454412044, 6.438527262571695], [3.3451794723897494, 6.437622967714573], [3.344275454263589, 6.438075878318149], [3.344274845006423, 6.437171277592572], [3.343370522953461, 6.437171886193476], [3.3438232924478766, 6.438076182861823], [3.3429189687510106, 6.438076790748501], [3.3429192722120273, 6.438529091163905], [3.3442766730401448, 6.439885079673241], [3.344276063608163, 6.438980479011707], [3.3456322454412044, 6.438527262571695]]], [[[3.3637203228306998, 6.440776200589347], [3.363719678890535, 6.439871601868457], [3.362363512226916, 6.440324865633166], [3.3623644746385093, 6.441681763883304], [3.362816959986654, 6.442133742126674], [3.364173130891976, 6.441680476942277], [3.364172808463866, 6.441228177624672], [3.3628163175092722, 6.441229143362745], [3.3628159963051254, 6.440776843968765], [3.3637203228306998, 6.440776200589347]]], [[[3.344729141583634, 6.4403370749401105], [3.3447300571619167, 6.44169397578354], [3.345634693124615, 6.442145664570676], [3.346086245601666, 6.441240757822634], [3.3456340810721312, 6.441241064118979], [3.345633469107402, 6.440336463635246], [3.344729141583634, 6.4403370749401105]]], [[[3.3433735621096483, 6.441694889932229], [3.3420167640484735, 6.441243500074571], [3.342017975429724, 6.443052701635704], [3.3433750825050588, 6.443956391501296], [3.3433735621096483, 6.441694889932229]], [[3.3424701417353995, 6.443052398456905], [3.342922004340657, 6.442599794542242], [3.3429223080193373, 6.4430520948775705], [3.3424701417353995, 6.443052398456905]]], [[[3.348348610226172, 6.443500720751145], [3.3488001588354, 6.442595811844128], [3.346991189049264, 6.44214474435011], [3.3469918035918234, 6.4430493446394985], [3.347443969656801, 6.443049037054819], [3.3469924182224835, 6.443953944896842], [3.34789675193216, 6.44395332923982], [3.3474452006081132, 6.4448582374503856], [3.348801394503821, 6.444405012009845], [3.348800776625331, 6.44350041194301], [3.348348610226172, 6.443500720751145]]], [[[3.3456359174928503, 6.443954865377947], [3.3438281632466675, 6.445312987858487], [3.345184362053805, 6.444859771802674], [3.345184973656197, 6.445764372169497], [3.345637142212113, 6.445764066057025], [3.3456359174928503, 6.443954865377947]]], [[[3.341567019229045, 6.4448622059326395], [3.3411145491144025, 6.444410208006917], [3.3411151534634174, 6.445314808777005], [3.3420194901447506, 6.4453142034068724], [3.3415679270517273, 6.4462191069875105], [3.3424725687442094, 6.446670801022965], [3.342923522951728, 6.444861296138766], [3.341567019229045, 6.4448622059326395]]], [[[3.3465427075335556, 6.447572653007233], [3.3460902307177953, 6.447120659903956], [3.346090844142108, 6.4480252601039485], [3.3478995260712283, 6.448024029609113], [3.347446739793475, 6.44711973776454], [3.3478989094412968, 6.447119429583155], [3.3478982928996994, 6.446214829525131], [3.348802630526486, 6.446214212047351], [3.348351696498371, 6.448023720983288], [3.3488041760529823, 6.4484757119138925], [3.3497082076470104, 6.4480227927007405], [3.3497088275713507, 6.448927392519688], [3.351065029749168, 6.448474160658167], [3.3510644074648437, 6.447569560954988], [3.3506122375715215, 6.447569871963889], [3.349253561681785, 6.444404702757382], [3.3483498444697095, 6.445309920940174], [3.3469933403336642, 6.4453108452227665], [3.3474464319122936, 6.446667437717737], [3.3465427075335556, 6.447572653007233]], [[3.350160067655943, 6.447570182571973], [3.3492557277581345, 6.447570802585692], [3.349255108768331, 6.446666202674824], [3.3501594470634477, 6.446665582748802], [3.350160067655943, 6.447570182571973]], [[3.3483498444697095, 6.445309920940174], [3.348802321487609, 6.4457619120499965], [3.3483501530858732, 6.445762220967398], [3.3483498444697095, 6.445309920940174]]], [[[3.363272986067014, 6.447561012206226], [3.3632720203544424, 6.446204114405095], [3.36146366817659, 6.446657698417205], [3.3614643088026686, 6.44756229712502], [3.363272986067014, 6.447561012206226]]], [[[3.3560417469850936, 6.452541408691673], [3.3546855393336417, 6.452994654068462], [3.3551383438743447, 6.4538989382974075], [3.353781817893777, 6.4538998818770485], [3.353782131743493, 6.45435218148778], [3.356043326148584, 6.45480290622918], [3.3560417469850936, 6.452541408691673]]], [[[3.365086194815552, 6.453891908380049], [3.3646336965604546, 6.453439933056197], [3.366442394023941, 6.453438635722934], [3.3664420689895116, 6.452986336728306], [3.3650855471298597, 6.452987310261233], [3.365085223321777, 6.452535011189788], [3.3628246769006487, 6.452988924793032], [3.3632771732196987, 6.45344090184373], [3.3628259643427274, 6.45479812145492], [3.3637299930151574, 6.454345177555577], [3.364183137629137, 6.455701751811875], [3.3655393424999103, 6.455248481273742], [3.365086194815552, 6.453891908380049]]], [[[3.358755745495145, 6.453896404431682], [3.358756063757142, 6.454348703796718], [3.3583035703719517, 6.453896722569141], [3.3573992200573586, 6.453897357640421], [3.3573995371160072, 6.454349657072805], [3.3587567003494567, 6.455253302502712], [3.3596604147374105, 6.454348066273124], [3.359660095673182, 6.453895766953129], [3.358755745495145, 6.453896404431682]]], [[[3.357852982752002, 6.456158537274937], [3.358304841951946, 6.455705920071037], [3.3564964511603987, 6.456159488412297], [3.3569498955995396, 6.4579683693782615], [3.3574020744019615, 6.4579680522429035], [3.357401439944344, 6.457063453498549], [3.3583057958757676, 6.457062818113172], [3.357852982752002, 6.456158537274937]]], [[[3.3623763614028004, 6.458416836369072], [3.3628278961968148, 6.457511916206941], [3.361471040917755, 6.4570605816199285], [3.3610198244759735, 6.458417799887184], [3.361924825072248, 6.45932175618846], [3.3628291845601956, 6.459321112547691], [3.362828862434801, 6.458868813474551], [3.363733221027754, 6.458868168273126], [3.3637328981225885, 6.4584158692375055], [3.3623763614028004, 6.458416836369072]]], [[[3.3537902997191846, 6.466111968548263], [3.3546940416236124, 6.465206739974112], [3.3528849864500776, 6.464755698428809], [3.352885927272663, 6.466112596791514], [3.3537902997191846, 6.466111968548263]], [[3.3537899852855264, 6.465659669146371], [3.353337485465982, 6.4652076840147235], [3.3537896708743284, 6.465207369736442], [3.3537899852855264, 6.465659669146371]]], [[[3.363287819649291, 6.468366769445026], [3.362383766345177, 6.468819713725897], [3.362384410828359, 6.469724311555924], [3.3628365998016605, 6.469723989011887], [3.362385377725684, 6.471081208240629], [3.3632894349356723, 6.470628263772499], [3.363287819649291, 6.468366769445026]]], [[[3.3506268659559395, 6.468827957534948], [3.349722799345505, 6.469280879958033], [3.3501756113654864, 6.470185167717824], [3.3488190412726087, 6.470186100423862], [3.348819972042875, 6.471542999090972], [3.3497237323956326, 6.470637778542024], [3.350628113195234, 6.470637155487385], [3.3506268659559395, 6.468827957534948]]], [[[3.3429436196230413, 6.474713098412115], [3.3420386220606955, 6.473809108535889], [3.3420389264367474, 6.474261408360121], [3.3402301502089773, 6.474262622972718], [3.3402304529971, 6.474714922874456], [3.3411348419591245, 6.47471431633042], [3.341135449209992, 6.475618916024307], [3.3415876444634396, 6.475618612105705], [3.3420392308345153, 6.4747137081763055], [3.3429436196230413, 6.474713098412115]]], [[[3.348369640485668, 6.474257106502179], [3.348822455071352, 6.475161395182531], [3.3479180660481656, 6.475162015455898], [3.3479189951342883, 6.476518913988466], [3.3492755822583256, 6.476517982777893], [3.349275271333288, 6.476065683340655], [3.34837088074444, 6.476066304506595], [3.3483705706465696, 6.475614005017566], [3.3492749604304257, 6.475613383895367], [3.3492740278548925, 6.4742564855112], [3.348369640485668, 6.474257106502179]]], [[[3.3646521703466394, 6.479220967692186], [3.3646518455969114, 6.4787686690642134], [3.3641999730151184, 6.479221292324847], [3.3632952547410855, 6.478769641685339], [3.362844027228947, 6.480126861220257], [3.36374907166879, 6.481030811168699], [3.3646534695770782, 6.481030162123501], [3.3651046928306108, 6.479672941253766], [3.36555689051852, 6.479672615792604], [3.3655565649401953, 6.479220317218472], [3.3646521703466394, 6.479220967692186]], [[3.36465249511952, 6.479673266312101], [3.364200621778559, 6.480125889602316], [3.3642002973852767, 6.479673590967609], [3.36465249511952, 6.479673266312101]]], [[[3.3424947794768003, 6.4796887007060695], [3.342043494683501, 6.481045904757456], [3.3429472837524865, 6.480140695062961], [3.344756080392705, 6.480139469669538], [3.3447557733178046, 6.479687170079166], [3.3424947794768003, 6.4796887007060695]]], [[[3.3610358773905507, 6.481032748634405], [3.361487110495219, 6.479675530441301], [3.36058271468128, 6.479676173709913], [3.360583678263778, 6.481033070135162], [3.359679279941579, 6.4810337119279415], [3.359679920832974, 6.481938309594797], [3.360132441694061, 6.482390287653509], [3.3614887206086124, 6.4819370242167285], [3.3614880764943993, 6.481032426730734], [3.3610358773905507, 6.481032748634405]]], [[[3.357418602157021, 6.481487608308771], [3.3551572869649484, 6.481036896717056], [3.3556088528148313, 6.480131981948543], [3.357417646964839, 6.48013071143502], [3.356512614864739, 6.4792267494518505], [3.3533472301874925, 6.479228962668974], [3.353347544892289, 6.479681261851597], [3.3551563378825677, 6.479679999484056], [3.3551566542208113, 6.48013229856978], [3.3524434621841497, 6.48013418983721], [3.352444090094731, 6.481038788250676], [3.3515396909586634, 6.481039415538569], [3.351539064659269, 6.480134817036827], [3.3492783815815907, 6.480588677350606], [3.3492793150885225, 6.481945575396502], [3.351088116940103, 6.481944327091703], [3.351540943825298, 6.482848612445347], [3.352445346184428, 6.482847984980902], [3.3524444040835886, 6.4814910874453195], [3.3528966040209096, 6.481490773174889], [3.3533491187527957, 6.481942757643852], [3.35289754733044, 6.482847670644137], [3.353801949555215, 6.482847040761524], [3.355612021466633, 6.484654972139728], [3.356968629200425, 6.484654019188718], [3.356967992871279, 6.483749421348995], [3.3578720773652195, 6.483296485235126], [3.357418602157021, 6.481487608308771]], [[3.356967992871279, 6.483749421348995], [3.3565154733944342, 6.483297440403418], [3.3569676747407042, 6.483297122417042], [3.356967992871279, 6.483749421348995]], [[3.3560626374441305, 6.482393160009239], [3.3556107537349638, 6.482845776159975], [3.3556104368584947, 6.482393477144883], [3.3560626374441305, 6.482393160009239]], [[3.3556104368584947, 6.482393477144883], [3.355157919799286, 6.481941494832098], [3.355610120004604, 6.481941178121732], [3.3556104368584947, 6.482393477144883]], [[3.355610120004604, 6.481941178121732], [3.356062002953165, 6.481488561999498], [3.356062320187344, 6.481940861008398], [3.355610120004604, 6.481941178121732]], [[3.3533484891412875, 6.481038159351126], [3.3538010038283033, 6.481490143425203], [3.3533488039358237, 6.481490458501517], [3.3533484891412875, 6.481038159351126]], [[3.3542528880981033, 6.481037528839918], [3.354705403545841, 6.481489512063747], [3.3542532036983186, 6.481489827945946], [3.3542528880981033, 6.481037528839918]]], [[[3.3619425331971735, 6.484198195325329], [3.361941888047446, 6.483293597965296], [3.359681202889814, 6.4837475048317925], [3.359681523461118, 6.4841998036208865], [3.3619425331971735, 6.484198195325329]]], [[[3.3885792994472563, 6.427641233074858], [3.3885799860816235, 6.4285458296339275], [3.390841432150571, 6.429448703653586], [3.390839015036052, 6.426282616523959], [3.389030418801184, 6.426283994644772], [3.3890307624314095, 6.426736292927916], [3.3903872108427713, 6.426735259863227], [3.3903879005737014, 6.427639856258943], [3.3885792994472563, 6.427641233074858]]], [[[3.389484976623199, 6.429449738357063], [3.388128863877292, 6.429903067739361], [3.388581359646303, 6.430355022656098], [3.3885817030991285, 6.4308073208916445], [3.38767739679439, 6.430808007242887], [3.388130236139396, 6.431712260762932], [3.3899385070476193, 6.431258586520921], [3.389484976623199, 6.429449738357063]]], [[[3.3723077960344585, 6.43579472006816], [3.3709509926174612, 6.435343407513921], [3.370499817790933, 6.436700632804986], [3.3714041363217744, 6.436699976230983], [3.3714038077480146, 6.436247677194215], [3.3723084547583224, 6.436699318056453], [3.3723077960344585, 6.43579472006816]]], [[[3.368239021052799, 6.436702267237677], [3.3682383695285694, 6.435797668831544], [3.366429410789719, 6.43534666968389], [3.36643005906759, 6.4362512682902615], [3.3677868616349396, 6.436702592923818], [3.3677875124525847, 6.437607191344072], [3.366883191946712, 6.437607841608071], [3.3668838412573527, 6.438512440088418], [3.3682399985144382, 6.438059164786836], [3.3682406502723956, 6.438963763112909], [3.368692811667285, 6.438963436911135], [3.3691443196803217, 6.438058512075471], [3.368692159109081, 6.438058838631263], [3.3686911804472857, 6.436701941151403], [3.368239021052799, 6.436702267237677]]], [[[3.3718566245492054, 6.437151946349251], [3.370048313308242, 6.437605558680763], [3.3700479858874894, 6.4371532595902785], [3.369143666415591, 6.437153913809828], [3.369596480228132, 6.438058185119463], [3.3723097724896216, 6.438508513936971], [3.3718566245492054, 6.437151946349251]]], [[[3.3781888649693137, 6.439861091475221], [3.3777360346125236, 6.438956828818195], [3.379092517232756, 6.43895582379484], [3.379091846268924, 6.4380512265932195], [3.378187860816273, 6.4385041955664], [3.3781871915009347, 6.4375995982538115], [3.379543670448106, 6.437598592243409], [3.3790908400036384, 6.436694330730729], [3.377282204463572, 6.436695669487136], [3.3763785525687826, 6.437600933998395], [3.3763792186833776, 6.438505531500205], [3.3772835397977197, 6.43850486433379], [3.3772845415497725, 6.439861760384699], [3.3781888649693137, 6.439861091475221]], [[3.376830712337726, 6.43760060066253], [3.3772832059282623, 6.4380525656341385], [3.376831045783158, 6.4380528993938295], [3.376830712337726, 6.43760060066253]]], [[[3.3723104314970587, 6.439413111829185], [3.3714054508525506, 6.4385091722980015], [3.369144646347832, 6.4385108111962825], [3.369597461501368, 6.439415082388407], [3.3705014570125376, 6.4389621281013], [3.3709542749437493, 6.4398663979141455], [3.3686937906801058, 6.440320334270884], [3.3686941170645164, 6.44077263337478], [3.37005093351983, 6.441223951116347], [3.370502440827699, 6.440319025182995], [3.371406765760509, 6.440318368236896], [3.3714061082593814, 6.439413770283466], [3.3723104314970587, 6.439413111829185]]], [[[3.3750247285461605, 6.441220321985186], [3.3750240645464804, 6.440315724438161], [3.3741194088285478, 6.439864088957503], [3.3745702446994374, 6.438054562189044], [3.37321343351888, 6.4376032561441905], [3.373666916176266, 6.439412121145498], [3.372762593080464, 6.4394127820015905], [3.3727632529828444, 6.44031737981506], [3.37321574572994, 6.440769348411733], [3.3741197399922367, 6.440316387789995], [3.374573892163999, 6.443029849000173], [3.375930053186325, 6.4425765530569725], [3.3759287217939487, 6.440767358215335], [3.3750247285461605, 6.441220321985186]]], [[[3.371860245077894, 6.442127234880852], [3.371407094546434, 6.440770667201597], [3.37005093351983, 6.441223951116347], [3.3705034248545123, 6.441675922192602], [3.370052571915442, 6.443485446128256], [3.3709565739731024, 6.443032490717783], [3.370955916989843, 6.442127892813945], [3.371860245077894, 6.442127234880852]]], [[[3.3786453856745773, 6.445740637549909], [3.378644714789972, 6.444836040541156], [3.379548374482986, 6.44393077176109], [3.3772882164845974, 6.444837045287825], [3.3772868798093905, 6.443027850889781], [3.3781915437669685, 6.4434794802129325], [3.378190873923524, 6.4425748830765786], [3.378643037999062, 6.442574547879003], [3.378642367450937, 6.441669950758046], [3.3781902041761, 6.441670285908174], [3.3777387098239795, 6.442575217873656], [3.3772862116154756, 6.4421232536426745], [3.3763822173816034, 6.442576219861892], [3.376835716530656, 6.444385080790971], [3.3763835507575184, 6.444385414480994], [3.3759323840416675, 6.44574264372132], [3.37638455104031, 6.445742310361163], [3.3763852180149603, 6.4466469075745225], [3.3772892192424613, 6.446193941002192], [3.37728855071327, 6.445289343867296], [3.3786453856745773, 6.445740637549909]]], [[[3.3980906549522847, 6.448439622406965], [3.3985421167139527, 6.4475346744942605], [3.3971859664514126, 6.447988030037341], [3.397638839183508, 6.448892272572364], [3.396735205241236, 6.44979757182591], [3.397639544168599, 6.449796867392708], [3.3985431764066845, 6.448891566635201], [3.3980906549522847, 6.448439622406965]]], [[[3.368700976543217, 6.450270912705426], [3.3677969598020274, 6.450723864836741], [3.3673467426162293, 6.45343798464921], [3.3682507644765867, 6.452985033068254], [3.368700976543217, 6.450270912705426]]], [[[3.3840788782508686, 6.455687140598611], [3.3827230312136605, 6.45659275769299], [3.3831752074730925, 6.456592417746178], [3.3831762277502175, 6.457949311904969], [3.384080923547708, 6.45840092865167], [3.3840802416845674, 6.457496332666111], [3.3836280646712193, 6.457496673463808], [3.3840788782508686, 6.455687140598611]]], [[[3.3687071916318643, 6.458864590956449], [3.367802180537538, 6.457960647324861], [3.3678028335497454, 6.458865244991362], [3.3668981496592547, 6.45841359854489], [3.366446621588359, 6.459318521922571], [3.366898801112498, 6.4593181962874535], [3.3668994526589073, 6.460222793997884], [3.3682559935002954, 6.460221814544957], [3.367803160090872, 6.459317543812565], [3.3687071916318643, 6.458864590956449]]], [[[3.3831786092482097, 6.461115397994321], [3.384536516133292, 6.462923566609135], [3.3854408796739013, 6.462922882427297], [3.3854405372813483, 6.462470584591258], [3.386797424801224, 6.4629218531412445], [3.3863428412606447, 6.459756111956017], [3.3849863044927773, 6.459757139528986], [3.3849859626729604, 6.459304841612541], [3.3858903197397847, 6.4593041570138], [3.3849852791066457, 6.458400245755546], [3.384984595638089, 6.457495649866419], [3.3845324186735337, 6.457495991466981], [3.3840812645158516, 6.458853226632401], [3.383176908056591, 6.458853907970669], [3.383177928698587, 6.460210802008964], [3.383630108144758, 6.460210461468477], [3.3831786092482097, 6.461115397994321]], [[3.3836294268894975, 6.459305865499056], [3.3845337841028744, 6.459305183309593], [3.3845341255212364, 6.4597574812501595], [3.383630108144758, 6.460210461468477], [3.3836294268894975, 6.459305865499056]], [[3.3858910050097326, 6.460208752741997], [3.3858913476814525, 6.460661050594041], [3.3845348084311953, 6.460662077107192], [3.384535491438799, 6.46156667293208], [3.384083310836742, 6.461567014348057], [3.3840822875665753, 6.460210120526386], [3.3858910050097326, 6.460208752741997]], [[3.38589169037767, 6.461113348438052], [3.3858923758435977, 6.462017944101961], [3.3849880139584614, 6.462018628990682], [3.384987330098867, 6.461114033230113], [3.38589169037767, 6.461113348438052]]], [[[3.36599574201493, 6.461128042728661], [3.3669007560312285, 6.462031989322336], [3.36690043015321, 6.461579690503275], [3.368709156046877, 6.46157838348611], [3.368708828585858, 6.461126084751253], [3.367351959172358, 6.4606747667353295], [3.367352285405337, 6.461127065547444], [3.36599574201493, 6.461128042728661]]], [[[3.370970062887089, 6.461576740676594], [3.3696135188533836, 6.461577727567378], [3.369612862348519, 6.460673130182207], [3.3687081737340407, 6.460221487257433], [3.368708828585858, 6.461126084751253], [3.369161009599256, 6.4611257570158624], [3.368710138570375, 6.462935279642467], [3.3691623211902373, 6.462934951814556], [3.369161665347875, 6.462030354431282], [3.370970721895505, 6.462481337890329], [3.370970062887089, 6.461576740676594]]], [[[3.368715054347898, 6.469719759338927], [3.3696194316208437, 6.469719102586976], [3.3691682279900608, 6.471076326816782], [3.3700729368115914, 6.471527967609852], [3.370071291133504, 6.469266475087044], [3.367810349903138, 6.469268115845763], [3.367811004082849, 6.470172713110337], [3.368715382253666, 6.4701720579210145], [3.368715054347898, 6.469719759338927]]], [[[3.384542326885524, 6.470612629412096], [3.384089796643937, 6.47016067353829], [3.3831854200961553, 6.470161356079159], [3.383187124328576, 6.472422845097579], [3.384995542866444, 6.471969180234052], [3.384542326885524, 6.470612629412096]]], [[[3.366459327871079, 6.476958172371535], [3.3673627371745503, 6.475600623289631], [3.365553961149148, 6.475601928335407], [3.366007784398465, 6.477863095675479], [3.36736469954011, 6.478314414448841], [3.3673653538485584, 6.479219011437466], [3.3678175510174095, 6.479218683985222], [3.3678162408832115, 6.477409490067928], [3.366459327871079, 6.476958172371535]]], [[[3.3795790658208134, 6.485089900266622], [3.379127202003773, 6.485542536269754], [3.3777702585168443, 6.485091250784211], [3.37777093206802, 6.48599584645649], [3.3795800810210084, 6.48644679347804], [3.3795790658208134, 6.485089900266622]]], [[[3.3714400922068815, 6.486000523127005], [3.3718929583731776, 6.486904787951097], [3.3732499024822125, 6.487356089154088], [3.373248571314553, 6.485546896932312], [3.3714400922068815, 6.486000523127005]]], [[[3.390436428067772, 6.490961524225379], [3.3899835257581805, 6.490057278258394], [3.388174702954363, 6.490058666940267], [3.3881757419457466, 6.491415558513492], [3.389079461518307, 6.490510270556692], [3.390436428067772, 6.490961524225379]]], [[[3.3719022525990168, 6.499569132075654], [3.37190258487808, 6.50002142996298], [3.3737114466916105, 6.500020097324547], [3.3741629935112463, 6.499115167605839], [3.3719022525990168, 6.499569132075654]]]]}}, {"type": "Feature", "properties": {"regime": 2, "area_km2": 23.28}, "geometry": {"type": "MultiPolygon", "coordinates": [[[[3.3094466296743503, 6.41774456205707], [3.311254936679102, 6.417291164433687], [3.312159777240556, 6.418195218727176], [3.312159501879116, 6.4177429165558495], [3.3135159377144454, 6.417742088419361], [3.3135156611764134, 6.417289786298893], [3.314419950836263, 6.417289232252499], [3.3144202281718966, 6.417741534333602], [3.315324518549532, 6.41774097865203], [3.3153242404162984, 6.417288676610405], [3.313967529099393, 6.416837207366383], [3.3139672522024104, 6.416384905249631], [3.3135153846582774, 6.416837484170447], [3.313062964097769, 6.416385458419555], [3.3121586759136576, 6.416386009994006], [3.312158951215667, 6.416838312189263], [3.30808964982118, 6.416840774705258], [3.308090465078433, 6.418197681768102], [3.3071867152781422, 6.4191028294675405], [3.3080910086810307, 6.419102286436778], [3.3094466296743503, 6.41774456205707]]], [[[3.308543972100535, 6.42045892120802], [3.308996665344109, 6.421363253148476], [3.310805259737389, 6.421362158717602], [3.3108047111510666, 6.420457554361519], [3.3099004155898277, 6.420458102297491], [3.3099001421242007, 6.420005800068568], [3.308543972100535, 6.42045892120802]]], [[[3.3062851250215894, 6.42362639453702], [3.306285395450932, 6.424078696856604], [3.308093999893334, 6.424077611543885], [3.3080931838735244, 6.4227207047922805], [3.306736734163526, 6.422721519202395], [3.3067364633933813, 6.4222692168780755], [3.3040230291502657, 6.421366229900918], [3.3035703444712525, 6.42046189314735], [3.300857455688469, 6.420463493849773], [3.3008579867180297, 6.421368099049463], [3.3017622846517107, 6.421367567002934], [3.302214967090227, 6.422271905435239], [3.304023565843256, 6.422270834803239], [3.303571952155774, 6.423175707968579], [3.304024102613426, 6.4231754396736305], [3.3044773284205364, 6.424984380548064], [3.3062859363679316, 6.424983301471815], [3.305381093112984, 6.424079237116853], [3.30538082348205, 6.423626934758923], [3.3062851250215894, 6.42362639453702]]], [[[3.314426334604321, 6.427692178098538], [3.314879044992095, 6.428596503770774], [3.3135234117624797, 6.429954242654675], [3.3148801580481027, 6.4304057111699], [3.3153306425436933, 6.427691621548408], [3.314426334604321, 6.427692178098538]]], [[[3.3148843348560453, 6.4371902377773225], [3.3153373343119177, 6.438546863933858], [3.314433007182606, 6.438547421431542], [3.3139813993547507, 6.439452303022504], [3.315789777320573, 6.438998886230921], [3.3157889389586814, 6.43764198126804], [3.3148843348560453, 6.4371902377773225]]], [[[3.3053900018071904, 6.439005210445809], [3.3049386471466584, 6.440362386900038], [3.3062951438540202, 6.440361575039461], [3.3062956861707162, 6.4412661790790136], [3.3067478525015512, 6.441265907619643], [3.3067470378548736, 6.439909001605958], [3.3053900018071904, 6.439005210445809]]], [[[3.309913290660708, 6.441716298045291], [3.309008957452543, 6.441716846208405], [3.3090084102932633, 6.440812242416316], [3.3076521851047818, 6.4412653634996175], [3.3076524574932606, 6.44171766544965], [3.307200018812916, 6.441265635759845], [3.305843790607627, 6.441718752164913], [3.3058432490526646, 6.4408141481029935], [3.3049389170944887, 6.440814688981297], [3.304939727054113, 6.442171595177042], [3.3040353926165746, 6.442172134568279], [3.3040351234113814, 6.441719832472859], [3.302226188321761, 6.441268604194038], [3.3022259207563436, 6.440816302006588], [3.304487020653244, 6.441267260912206], [3.304486751086353, 6.440814958819849], [3.303582419012129, 6.4408154972957465], [3.3035816128288404, 6.4394585908562805], [3.3022251181751923, 6.439459395396211], [3.3022256532101095, 6.440363999811133], [3.301773487486709, 6.440364267228343], [3.3013205216218062, 6.439007627497277], [3.299964027881382, 6.439008425975921], [3.300416458368564, 6.43946046251169], [3.3004169902016938, 6.440365067077739], [3.2999648244018465, 6.4403653328934585], [3.2999674807076658, 6.444888355431561], [3.300419650511471, 6.444888089427643], [3.300420182802257, 6.445792693801522], [3.2999682779707014, 6.446245262036825], [3.3004207151693206, 6.446697298143358], [3.3013245239549027, 6.445792160516261], [3.3031334746081025, 6.446243391198586], [3.302228329535712, 6.444887021405394], [3.303132668932842, 6.444886484990333], [3.3044899871646494, 6.446242583399648], [3.30403673893202, 6.444433644925273], [3.3049408072712616, 6.443980803325939], [3.304940267123975, 6.443076199267507], [3.3058446030856694, 6.443075658197743], [3.305845686661515, 6.444884866129402], [3.3049413474959732, 6.444885407352335], [3.3049418877981105, 6.445790011346693], [3.306298398920719, 6.445789198796344], [3.306298941704029, 6.446693802643692], [3.308559250402497, 6.445787836531519], [3.308108172200036, 6.447597317140398], [3.3094646877209737, 6.447596495942785], [3.3090114206402093, 6.4457875628764185], [3.30991576105676, 6.44578701436408], [3.3099154864896216, 6.445334712582921], [3.311272271533972, 6.445786188590237], [3.311724165484104, 6.445333610827653], [3.311270892887156, 6.4435246798964165], [3.3103671063914875, 6.444429834197663], [3.3108181742308456, 6.442620351884977], [3.3099138394999055, 6.442620901727747], [3.309913290660708, 6.441716298045291]], [[3.310819275348912, 6.444429558998133], [3.311271720015971, 6.4448815851367405], [3.3108195506777527, 6.444881860756398], [3.310819275348912, 6.444429558998133]], [[3.3090105994011227, 6.444430657392497], [3.309462768417564, 6.444430383394846], [3.3090111468742323, 6.445335261056455], [3.307202467408306, 6.445336353195322], [3.30674893896971, 6.443075115525809], [3.3076532747758667, 6.443074571251707], [3.3076530023288035, 6.442622269325696], [3.3094619461536112, 6.4430734778969985], [3.3090105994011227, 6.444430657392497]], [[3.3062967710374105, 6.443075387062047], [3.30629622856518, 6.442170783086544], [3.306748395696689, 6.442170511588739], [3.30674893896971, 6.443075115525809], [3.3062967710374105, 6.443075387062047]], [[3.3076530023288035, 6.442622269325696], [3.3072005628087284, 6.44217023969045], [3.3076527299012684, 6.442169967391676], [3.3076530023288035, 6.442622269325696]], [[3.3013234562452953, 6.443982951887362], [3.300419384394683, 6.444435787228685], [3.3004180540967774, 6.442174276113781], [3.3013223888417143, 6.442173743130324], [3.300870487900619, 6.442626312042443], [3.3013234562452953, 6.443982951887362]], [[3.3013221220386346, 6.4417214409210475], [3.302226455906361, 6.441720906373483], [3.3022280618168245, 6.444434719282002], [3.301775892489993, 6.4444349868696165], [3.3017745561855074, 6.442173476037866], [3.3013221220386346, 6.4417214409210475]], [[3.3035832253688433, 6.442172403663169], [3.303584031898986, 6.4435293099585325], [3.303131863430756, 6.443529578709989], [3.303131058101842, 6.442172672357573], [3.3035832253688433, 6.442172403663169]]], [[[3.3157964907101882, 6.44985412333952], [3.315345155946068, 6.451211307556748], [3.3148929811763828, 6.451211587058878], [3.3148938189364596, 6.452568491419378], [3.315345994909089, 6.452568211857979], [3.3153454355803906, 6.45166360899851], [3.3162497858615843, 6.4516630487515], [3.316700837743985, 6.449853562448969], [3.3157964907101882, 6.44985412333952]]], [[[3.3058502953242894, 6.452573998408715], [3.3063019284024153, 6.4516691232311025], [3.3053973064397226, 6.451217363960743], [3.3053967648711944, 6.450312760196986], [3.304492416049855, 6.450313301077443], [3.304492686022632, 6.450765603001567], [3.3035880671512015, 6.450313840353917], [3.3031372367158016, 6.4525756192168116], [3.3040421290186375, 6.453479684350194], [3.3049462130026104, 6.453026842147558], [3.3049454016492974, 6.4516699365287185], [3.3058502953242894, 6.452573998408715]]], [[[3.3112764104382193, 6.452570713469675], [3.3126326615057495, 6.4521175816655], [3.312632384257299, 6.451665280113642], [3.31127585832745, 6.451666110256635], [3.3108231317480903, 6.4507617828846895], [3.310370957180731, 6.450762058356834], [3.3103715076087052, 6.451666661679896], [3.3090149813828944, 6.45166748580669], [3.3090155294836965, 6.452572089214174], [3.3103717828522456, 6.452118963329401], [3.309919881924555, 6.452571540119785], [3.3103726087010803, 6.453475868229794], [3.310824785674419, 6.453475592640812], [3.310823958622466, 6.452118687798837], [3.3112764104382193, 6.452570713469675]]], [[[3.301785796027641, 6.461170160796758], [3.303142886949235, 6.462073958296564], [3.3035939933646206, 6.460264481670527], [3.3017852600307718, 6.460265557081486], [3.301785796027641, 6.461170160796758]]], [[[3.302239591053364, 6.463883703348053], [3.3008838333431143, 6.465241412829338], [3.3026928535073568, 6.4656926415342255], [3.3026920465551286, 6.464335736303921], [3.302239591053364, 6.463883703348053]]], [[[3.315359442821077, 6.474278670850757], [3.3144550522913416, 6.474279231467743], [3.315358881570457, 6.4733740687624515], [3.315358039844691, 6.472017165569652], [3.3149058466014725, 6.472017445980605], [3.314454492650216, 6.473374629300461], [3.3140022981601343, 6.473374908965807], [3.314456171813172, 6.476088435705739], [3.3153605655625857, 6.476087874930801], [3.3149080883849678, 6.475635854491876], [3.315359442821077, 6.474278670850757]]], [[[3.3094820047700466, 6.476091491181242], [3.3090295325672923, 6.475639465254106], [3.308125413344041, 6.4760923160379145], [3.307672668436707, 6.475187987496929], [3.3063160791910553, 6.475188807406779], [3.3063166245022835, 6.476093410210252], [3.30812568763896, 6.476544617350532], [3.3081259619534418, 6.476996918655101], [3.309030357867245, 6.476996369075875], [3.3094820047700466, 6.476091491181242]], [[3.3067688217419673, 6.476093137271087], [3.307220745491827, 6.47564056257006], [3.3072210189621742, 6.476092863929306], [3.3067688217419673, 6.476093137271087]]], [[[3.3130995810393844, 6.476089273848565], [3.3135520571092045, 6.476541295948985], [3.313551498878499, 6.475636693783432], [3.311290515969947, 6.475638084551049], [3.3112910701754754, 6.476542686912482], [3.310838872729322, 6.4765429638972645], [3.3099339259874165, 6.475638914180631], [3.3108397029780785, 6.477899867437552], [3.311743822691601, 6.477447011815233], [3.3117432676018645, 6.476542409525061], [3.3130995810393844, 6.476089273848565]]], [[[3.3126479407353284, 6.476994154652265], [3.310839979767135, 6.478352168601548], [3.310840533404457, 6.479256770905382], [3.3121968548943417, 6.478803637302256], [3.3126479407353284, 6.476994154652265]]], [[[3.3027001238604687, 6.477904785350867], [3.3027009325423076, 6.47926168985732], [3.300892399487286, 6.479715066795827], [3.300892667494502, 6.48016736834951], [3.3031536727779347, 6.480166022932157], [3.3036056033531938, 6.4797134512001024], [3.3031523228652433, 6.477904515556625], [3.3027001238604687, 6.477904785350867]]], [[[3.3126512823648095, 6.482421767343785], [3.314458972015319, 6.480611445737225], [3.314006491376771, 6.480159424731177], [3.314457291654444, 6.477897639814949], [3.3158136058813215, 6.477444496855581], [3.3158133247032535, 6.476992195891577], [3.3144567316938773, 6.476993037776445], [3.3135537322791113, 6.479255102252442], [3.3126493327335536, 6.479255660081326], [3.312197689063735, 6.480160540545989], [3.309936409664175, 6.479709625079317], [3.3103897159475038, 6.481518553320408], [3.30948586359341, 6.482423708012047], [3.3103902690553504, 6.48242315555044], [3.3103905456388363, 6.48287545665337], [3.309486415168294, 6.483328310287583], [3.309487242678, 6.484685213640455], [3.30903503790258, 6.484685489363697], [3.308583933503956, 6.486494969196465], [3.3076792463079814, 6.486043217627035], [3.3076797949718504, 6.4869478199284085], [3.308584483819729, 6.487399571404436], [3.3099391711745008, 6.484232636423916], [3.3121996361527732, 6.483326647832795], [3.311294674438459, 6.4824226014768005], [3.3126512823648095, 6.482421767343785]], [[3.310843302775243, 6.483779781941322], [3.31039082224203, 6.483327757748245], [3.3108430257493495, 6.483327480873979], [3.310843302775243, 6.483779781941322]], [[3.311746321575185, 6.481517721722458], [3.3121982452757757, 6.4810651426682115], [3.31219852341153, 6.481517443717239], [3.311746321575185, 6.481517721722458]], [[3.3121982452757757, 6.4810651426682115], [3.312650168170699, 6.480612563242134], [3.3126504466894495, 6.481064864279632], [3.3121982452757757, 6.4810651426682115]]], [[[3.3126526755541077, 6.484683272289571], [3.3131048801715166, 6.484682993341135], [3.3131043220301732, 6.483778391426226], [3.312200470916847, 6.48468355083486], [3.310843856886241, 6.48468438405183], [3.310392482275065, 6.486041564148266], [3.31265323296879, 6.485587874211475], [3.3126535117059093, 6.486040175160337], [3.3140104090928815, 6.486491637810634], [3.3140098491798953, 6.485587036038844], [3.313105438392382, 6.485587595223804], [3.3126526755541077, 6.484683272289571]]], [[[3.310393035777078, 6.486946166217126], [3.310392759016217, 6.486493865186727], [3.309488346299389, 6.486494417998122], [3.3090366910336715, 6.4873992959681726], [3.3117502119142737, 6.48784993583664], [3.31129717165421, 6.48649331076228], [3.310393035777078, 6.486946166217126]]], [[[3.3131068342924634, 6.487849099789412], [3.3135582029027812, 6.486491917644064], [3.312201584213138, 6.4864927547247815], [3.3126540692397053, 6.486944777033877], [3.3122024193935036, 6.487849657557578], [3.3131073927916646, 6.488753701559216], [3.314011529158115, 6.488300841257469], [3.3140112491118985, 6.487848540407854], [3.3131068342924634, 6.487849099789412]]], [[[3.3099419346527865, 6.488755646962664], [3.309942211108856, 6.489207947972196], [3.3112988373541845, 6.489207116589863], [3.3112982820417938, 6.488302514679588], [3.309036966624199, 6.487851597040704], [3.3090375178641236, 6.488756199161577], [3.3099419346527865, 6.488755646962664]]], [[[3.3036118279777407, 6.490116382281269], [3.3027068681612426, 6.489212320689405], [3.3018029883938897, 6.490117462702514], [3.301803526920037, 6.4910220653555255], [3.3031598885743874, 6.49056895426546], [3.3036118279777407, 6.490116382281269]]], [[[3.3067770228344706, 6.489662174880944], [3.305420122349549, 6.48921069302347], [3.3054209397340135, 6.490567596582414], [3.304516519328143, 6.490568140866191], [3.304516791021514, 6.491020442074616], [3.3063261800422006, 6.491923954055845], [3.306325633369488, 6.491019351816389], [3.307230054426883, 6.49101880426599], [3.3072297803127997, 6.490566503172633], [3.306777570197294, 6.490566777130359], [3.3067770228344706, 6.489662174880944]]], [[[3.3135607198684176, 6.490562625395072], [3.313561279413128, 6.491467227028801], [3.3149176302409105, 6.491014084914822], [3.314916787382647, 6.489657182605249], [3.313107951370391, 6.489658303296763], [3.3131085100286444, 6.490562905002052], [3.3135607198684176, 6.490562625395072]]], [[[3.3117554978660015, 6.496443652463543], [3.311304116765448, 6.4978008331279415], [3.3126599281390434, 6.496443094758222], [3.314920722260979, 6.495989392761966], [3.3153715290820664, 6.493727607956774], [3.314466823203531, 6.493275869538673], [3.3140148912679623, 6.493728450823714], [3.314467946079785, 6.49508507242269], [3.313563518388404, 6.495085633240967], [3.3126585323688715, 6.494181590860894], [3.3131101864805705, 6.493276709924298], [3.3122054832479657, 6.492824967323531], [3.3122052046166193, 6.492372666476051], [3.3135618390374812, 6.49237182863026], [3.313561279413128, 6.491467227028801], [3.3117527148953267, 6.491920644075612], [3.3117521585387455, 6.491016042301189], [3.3112999482161665, 6.49101632031363], [3.311300781570207, 6.4923732230217555], [3.311752993103311, 6.492372944950719], [3.312206040570132, 6.49372956899428], [3.3117538278460406, 6.4937298475276295], [3.311754384440175, 6.494634449205223], [3.311302170888954, 6.494634727373922], [3.311301337238403, 6.493277824786832], [3.3103974666313154, 6.494182981606729], [3.3108496798183618, 6.494182704265051], [3.3108505123763905, 6.495539606862228], [3.3122068767020703, 6.495086471439877], [3.3117549411134948, 6.495539050850527], [3.312207713012435, 6.496443373812825], [3.3117554978660015, 6.496443652463543]], [[3.3122068767020703, 6.495086471439877], [3.3126588114831983, 6.494633891656504], [3.3126590906173785, 6.495086192444041], [3.3122068767020703, 6.495086471439877]]], [[[3.3207502591263642, 6.417737611050548], [3.323010698591616, 6.417283889226316], [3.322558269662125, 6.416831872298848], [3.3230092743349644, 6.415022380599293], [3.321652846946475, 6.4150232335060755], [3.321652563352521, 6.414570931696123], [3.32074884473576, 6.415476101958939], [3.3202964193742734, 6.415024082823821], [3.3193921342244592, 6.415024647041742], [3.3193924158455466, 6.415476948944186], [3.3180357063477923, 6.415025490377753], [3.3175841237549113, 6.415930374648838], [3.3184884106613306, 6.415929813541427], [3.3184886915255287, 6.41638211546791], [3.3162285299162884, 6.417288119372614], [3.316228808847123, 6.417740421374643], [3.3184895342393954, 6.4177390211995045], [3.3184898151844417, 6.418191323094078], [3.319394105997723, 6.418190760191365], [3.3198456871112096, 6.417285874464459], [3.3207499762075328, 6.4172853092481805], [3.3207502591263642, 6.417737611050548]], [[3.3216534141956204, 6.415927837102056], [3.3216531305608417, 6.415475535308055], [3.322557416304272, 6.415474967061928], [3.3225577007364198, 6.415927268815545], [3.3216534141956204, 6.415927837102056]], [[3.3212009876584925, 6.415475818832901], [3.3212015541510658, 6.416380422453232], [3.322105841530145, 6.416379854924067], [3.3221061256044915, 6.416832156681938], [3.3202975491698288, 6.416833290225342], [3.32074884473576, 6.415476101958939], [3.3212009876584925, 6.415475818832901]], [[3.3202967017926728, 6.4154763846861655], [3.3198448408692993, 6.415928968889015], [3.3198445588292587, 6.41547666701458], [3.3202967017926728, 6.4154763846861655]], [[3.3184886915255287, 6.41638211546791], [3.318941116630301, 6.416834136194492], [3.3184889724099387, 6.4168344173864185], [3.3184886915255287, 6.41638211546791]], [[3.3184895342393954, 6.4177390211995045], [3.318941397933694, 6.417286438085043], [3.3189416792573283, 6.417738739967617], [3.3184895342393954, 6.4177390211995045]]], [[[3.3252725682143605, 6.419091665582976], [3.325272855203751, 6.41954396715093], [3.326177147796655, 6.419543392156291], [3.326176860009438, 6.419091090629178], [3.327533297546732, 6.419090225205708], [3.3275330085835626, 6.418637923732087], [3.325272281245612, 6.418639364007043], [3.3252719942975077, 6.41818706242313], [3.3239158445948997, 6.418640223383923], [3.323915273112382, 6.417735620086024], [3.323010983504443, 6.41773619092779], [3.322559407759178, 6.418641079169728], [3.3216548326757063, 6.418189345952418], [3.3216554002106315, 6.419093949436714], [3.3202989618716257, 6.419094799297758], [3.320299527094634, 6.419999402870871], [3.3212035375171736, 6.419546534873097], [3.321204104376665, 6.420451138349814], [3.3225608308410823, 6.420902587578786], [3.3225602615469083, 6.419997984239107], [3.3221081146972806, 6.419998268763646], [3.3225596923346172, 6.419093380867501], [3.3252725682143605, 6.419091665582976]]], [[[3.3175860846455545, 6.419096488245838], [3.315777220832536, 6.4186453042325615], [3.316229924771149, 6.419549629302984], [3.3144213377139695, 6.41955074257823], [3.3144216151493735, 6.420003044619438], [3.317135057727016, 6.420905976014311], [3.3175874858863774, 6.421357997718605], [3.3171358974557337, 6.422262881685823], [3.3189447751532155, 6.422714060149255], [3.318945338306517, 6.423618663714873], [3.3198496386556418, 6.42361809953364], [3.320754505351562, 6.4245221371283865], [3.3193988987249976, 6.425879890498166], [3.319851615919846, 6.4267842114814115], [3.3189473099806985, 6.426784775942974], [3.319400309465558, 6.4281413989727145], [3.3207570552852106, 6.428592851912678], [3.3207581891183513, 6.430402058275722], [3.3212100613243964, 6.429949472926992], [3.322566813373795, 6.430400920716919], [3.3225662432198035, 6.429496317712706], [3.323470839492358, 6.429948048081434], [3.323469981956228, 6.428591143660653], [3.324826445014971, 6.428590284139608], [3.3252791741931564, 6.429494599625824], [3.323922995064475, 6.429947761913171], [3.3239235676571117, 6.430852364779809], [3.3257324808624267, 6.431303517286547], [3.3261852142433677, 6.432207831673281], [3.3275413969550205, 6.4317546632251], [3.327539949436813, 6.4294931568953295], [3.327992104423294, 6.429492867150167], [3.3284425182594575, 6.426778769392576], [3.328894670807444, 6.426778478971667], [3.3288952518993913, 6.427683081500002], [3.3293474052253327, 6.42768279063831], [3.329346823334556, 6.426778188151242], [3.3297992671751024, 6.427230198158166], [3.3311557257662288, 6.427229322039079], [3.331155433233692, 6.426777020874365], [3.3316078785879406, 6.427229029200292], [3.3343207950752394, 6.427227263777124], [3.333415900626132, 6.426323251720589], [3.333415017227975, 6.424966348467015], [3.3347711737013346, 6.424513162035351], [3.3343187282224878, 6.424061156478486], [3.334770286964318, 6.423156258874427], [3.335674585061006, 6.423155666782872], [3.3356748814171038, 6.42360796780247], [3.337483180998509, 6.42315447780829], [3.3379362250495825, 6.424511082284531], [3.3392923757137503, 6.424057884137776], [3.339291776593318, 6.423153282445085], [3.338387478838865, 6.423153880925264], [3.3392911775590184, 6.422248680720447], [3.3392905786108504, 6.421344078963871], [3.337482287268695, 6.421797574954792], [3.3370295445990044, 6.420893270749401], [3.3356733998496484, 6.421346462624632], [3.335672807371789, 6.420441860497607], [3.3352206607284964, 6.420442156616852], [3.3352212524083322, 6.421346758785935], [3.3343169574619056, 6.421347349911016], [3.334316367378116, 6.420442747657985], [3.332959633380328, 6.4199913300250495], [3.33341266243061, 6.42134793943939], [3.332508367314676, 6.421348527371061], [3.332055340616147, 6.419991917033296], [3.331603486818687, 6.420444511202511], [3.329342752440168, 6.420445969847148], [3.32934246181876, 6.4199936684798296], [3.327986022137513, 6.419994538815354], [3.32798573273383, 6.4195422373782405], [3.326177147796655, 6.419543392156291], [3.326177435604572, 6.419995693675425], [3.3275338755354285, 6.419994828129011], [3.3275353208709353, 6.422256335297581], [3.3270828835433375, 6.421804322876474], [3.3261785870432448, 6.4218048996721375], [3.3261788749546644, 6.422257201151358], [3.325726438762133, 6.4218051874711595], [3.319848791561189, 6.422261194293377], [3.3193963606690606, 6.421809174740783], [3.319847662386106, 6.420451987194592], [3.318491220212859, 6.420452832447269], [3.318490658140855, 6.4195482287299335], [3.3175863648534087, 6.419548790156353], [3.3175860846455545, 6.419096488245838]], [[3.3297981019633416, 6.425420993202757], [3.3307024045168827, 6.425420409688542], [3.3302511283260436, 6.426777605311837], [3.3297989758407653, 6.4267778969312985], [3.3297981019633416, 6.425420993202757]], [[3.3307021124676996, 6.424968108471125], [3.331606414138718, 6.424967523400702], [3.331606999855269, 6.4258721257445055], [3.33115484823167, 6.425872418520967], [3.3307021124676996, 6.424968108471125]], [[3.333416195134506, 6.426775552789136], [3.3320597380572705, 6.426776434838823], [3.3320591514578224, 6.425871832568582], [3.3329634545996756, 6.4258712450183575], [3.333416195134506, 6.426775552789136]], [[3.3329628664873296, 6.424966642799543], [3.3329622784595103, 6.424062040548777], [3.3334144284016727, 6.424061746258027], [3.333415017227975, 6.424966348467015], [3.3329628664873296, 6.424966642799543]], [[3.3325098349132025, 6.423610033281958], [3.3325095413512917, 6.423157732115747], [3.3343181378840905, 6.423156554321271], [3.33431843304268, 6.423608855403872], [3.3325098349132025, 6.423610033281958]], [[3.335674585061006, 6.423155666782872], [3.3361264373434736, 6.422703069131636], [3.336126734077409, 6.42315537013816], [3.335674585061006, 6.423155666782872]], [[3.337483180998509, 6.42315447780829], [3.337935031598914, 6.422701878644411], [3.3379353299294103, 6.4231541795664215], [3.337483180998509, 6.42315447780829]], [[3.332508660792176, 6.42180082856921], [3.331604364793722, 6.421801414945806], [3.331604072114332, 6.421349113706024], [3.332508367314676, 6.421348527371061], [3.332508660792176, 6.42180082856921]], [[3.3275353208709353, 6.422256335297581], [3.3279877589967324, 6.422708347270402], [3.3275356100003974, 6.422708636707345], [3.3275353208709353, 6.422256335297581]], [[3.327986311562011, 6.420446840244486], [3.32843845854225, 6.42044655051116], [3.3284393281377183, 6.421803454688932], [3.3288914762941957, 6.421803164494674], [3.329344496607545, 6.423159777883418], [3.3284401979207843, 6.423160358794853], [3.327986311562011, 6.420446840244486]], [[3.3288914762941957, 6.421803164494674], [3.3293433337456873, 6.421350572557839], [3.329343624429799, 6.42180287390121], [3.3288914762941957, 6.421803164494674]], [[3.329343915134813, 6.422255175236596], [3.3302482121414565, 6.4222545928107], [3.3302485036655978, 6.422706894096753], [3.3293442058607283, 6.422707476564], [3.329343915134813, 6.422255175236596]], [[3.319848791561189, 6.422261194293377], [3.3193969245395967, 6.422713778298317], [3.3193966425941936, 6.42226147652354], [3.319848791561189, 6.422261194293377]], [[3.319396078764198, 6.42135687295004], [3.3189436490895137, 6.420904852922216], [3.319395796879606, 6.420904571151315], [3.319396078764198, 6.42135687295004]], [[3.323920991637845, 6.426781651628185], [3.324824723307536, 6.425876475448071], [3.3257290271173487, 6.425875900680588], [3.3257296025347958, 6.426780503528158], [3.324373717496639, 6.427685968140336], [3.323920991637845, 6.426781651628185]], [[3.3288940897989914, 6.425873876411374], [3.329346532420521, 6.42632588689572], [3.3288943802927804, 6.426326177695514], [3.3288940897989914, 6.425873876411374]], [[3.3234676960965244, 6.424972731520311], [3.323920133334808, 6.425424747100483], [3.3234679817571346, 6.425425033065816], [3.3234676960965244, 6.424972731520311]], [[3.3288935088740343, 6.424969273819125], [3.32934595065516, 6.425421284360716], [3.328893799326076, 6.425421575119243], [3.3288935088740343, 6.424969273819125]], [[3.324823862732129, 6.424519570994452], [3.3243719984327402, 6.424972159230828], [3.3243717119941443, 6.42451985771795], [3.324823862732129, 6.424519570994452]], [[3.3243717119941443, 6.42451985771795], [3.323919275216792, 6.4240678425008895], [3.3243714255761345, 6.424067556197088], [3.3243717119941443, 6.42451985771795]], [[3.3320582717167087, 6.424514929103306], [3.3325107157255522, 6.424966936732665], [3.332058564942672, 6.424967230266386], [3.3320582717167087, 6.424514929103306]], [[3.334769695912538, 6.422251656727214], [3.3347699914278053, 6.4227039578048135], [3.333413545320921, 6.422704842884642], [3.333413251002991, 6.422252541744207], [3.334769695912538, 6.422251656727214]], [[3.3307000687110873, 6.421801999725584], [3.331152509064263, 6.422254008787871], [3.330700360613354, 6.422254300998902], [3.3307000687110873, 6.421801999725584]], [[3.3361258439396, 6.42179846709463], [3.336578288827689, 6.422250471115295], [3.3361261406308707, 6.422250768117125], [3.3361258439396, 6.42179846709463]], [[3.329795481461334, 6.4213502815858305], [3.3302479206382736, 6.4218022915166655], [3.329795772544502, 6.421802582908541], [3.329795481461334, 6.4213502815858305]], [[3.3166823509154653, 6.4200016519288035], [3.317134777857697, 6.420453674107843], [3.3166826303656856, 6.420453953863121], [3.3166823509154653, 6.4200016519288035]]], [[[3.3171378575271877, 6.425428994639914], [3.316234112346128, 6.426334157896826], [3.3162349504030133, 6.427691063399973], [3.317139258182051, 6.427690503653229], [3.3171386978597224, 6.426785900071868], [3.3180427230308607, 6.4263330370436185], [3.318042161231976, 6.425428433493968], [3.3171378575271877, 6.425428994639914]]], [[[3.3194034148787046, 6.433116716913445], [3.3162399825377515, 6.435832494908227], [3.3162402622914735, 6.436284796582716], [3.317596746713793, 6.43628395523075], [3.3171451464275457, 6.437188839327081], [3.318501633129118, 6.437187995454875], [3.3185010695612625, 6.436283392328866], [3.3189532309546874, 6.436283110277751], [3.3189518203892288, 6.434021602422639], [3.319403979762816, 6.434021320071459], [3.3194034148787046, 6.433116716913445]]], [[[3.3234762748454205, 6.43854177440852], [3.323024111655424, 6.438542060562104], [3.322572804935045, 6.439899250329825], [3.3216681913348216, 6.439447519386366], [3.321668760788781, 6.440352122119393], [3.3234774200747217, 6.4403509795830205], [3.323929298106591, 6.4398983916866825], [3.3234762748454205, 6.43854177440852]]], [[[3.3266425730335216, 6.440348964730173], [3.326641705676453, 6.438992061289263], [3.3257370904868506, 6.438540337636769], [3.325737667062053, 6.439444940036525], [3.32483333926666, 6.439445516027563], [3.3248336267848657, 6.439897817256219], [3.3252857910930897, 6.4398975294404766], [3.3252863669918504, 6.440802131833013], [3.3266425730335216, 6.440348964730173]], [[3.325737667062053, 6.439444940036525], [3.3261901196475687, 6.439896952607971], [3.3257379553806667, 6.439897241224394], [3.325737667062053, 6.439444940036525]]], [[[3.324385484269976, 6.446230321316891], [3.324836215376545, 6.44396852795381], [3.323027543525216, 6.443969675944474], [3.3230289743423844, 6.446231182013411], [3.324385484269976, 6.446230321316891]]], [[[3.319863500394819, 6.445780874940643], [3.320314535133669, 6.4439713859125956], [3.3189577481652774, 6.4435199340696725], [3.319410198840191, 6.443971952697201], [3.3189591608564775, 6.4457814410842555], [3.318054821237151, 6.445782005625029], [3.318055384852866, 6.4466866084546535], [3.3162464219517918, 6.446235431396402], [3.3162469824026775, 6.447140034369071], [3.3180559485493384, 6.447591211252227], [3.319863500394819, 6.445780874940643]]], [[[3.3320753136613916, 6.450748383341069], [3.3320750192340416, 6.450296082634175], [3.3316231400523995, 6.450748677661215], [3.329814152983317, 6.450297550120972], [3.330266911943978, 6.451201858997463], [3.3347886517256224, 6.451198909572246], [3.3347883548716704, 6.450746608998795], [3.333431834361777, 6.450747497974516], [3.3334315387317512, 6.450295197330209], [3.3320753136613916, 6.450748383341069]]], [[[3.32529414970876, 6.45301426099587], [3.32574574779894, 6.4521093702689685], [3.3243892224251836, 6.4521102353669315], [3.3248428382543582, 6.4543714523433025], [3.3257471924935538, 6.454370875006282], [3.325294726805124, 6.453918862923589], [3.3257463256147504, 6.45301397218796], [3.32529414970876, 6.45301426099587]]], [[[3.3248434146722885, 6.455276054263647], [3.3239396336414657, 6.456181232046627], [3.3280092418809577, 6.456178627877462], [3.3280089508117765, 6.455726327080608], [3.3248437029121862, 6.4557283552117815], [3.3248434146722885, 6.455276054263647]]], [[[3.332983205214434, 6.4561754008544305], [3.3280092418809577, 6.456178627877462], [3.328009532970961, 6.456630928666291], [3.3329835007183566, 6.456627701415337], [3.332983205214434, 6.4561754008544305]]], [[[3.3207758051881906, 6.45844474052622], [3.3216804525939447, 6.458896471082968], [3.3221320619493024, 6.457991583186693], [3.3234886032775597, 6.457990723316018], [3.323940496138979, 6.457538134940831], [3.3234871677881808, 6.455729218390871], [3.32258281093612, 6.455729791836935], [3.3225825247022693, 6.455277490787324], [3.3216784540021473, 6.455730363677667], [3.321677883159705, 6.454825761489636], [3.320774096986493, 6.455730933913067], [3.319869172256509, 6.454826900194218], [3.3162520300741223, 6.455281459680085], [3.31625231069103, 6.455733761010057], [3.318965382711057, 6.455732069567866], [3.318965665755477, 6.45618437077034], [3.3176091286324754, 6.456185218357303], [3.3167053325863773, 6.457090383988607], [3.318966231905061, 6.4570889731512136], [3.319419262288468, 6.458445593230554], [3.3203236242419414, 6.458445025162502], [3.3203227712535184, 6.4570881218317515], [3.321227130717532, 6.457087552278352], [3.3207758051881906, 6.45844474052622]], [[3.319418411708167, 6.457088689779477], [3.3198705914909956, 6.457088406006325], [3.319871159326931, 6.457993008274987], [3.3194189787414237, 6.457993292088222], [3.319418411708167, 6.457088689779477]]], [[[3.31941982944339, 6.459350195491134], [3.3176105381384215, 6.458446724548613], [3.3176113840839405, 6.459803628167071], [3.319872295242476, 6.459802212715985], [3.319871727244091, 6.458897610511544], [3.31941982944339, 6.459350195491134]]], [[[3.3320823862419036, 6.461603597899449], [3.326204002500829, 6.461607399220059], [3.3262045819884127, 6.462512000761047], [3.3271086599962576, 6.462059119553756], [3.3280136104174147, 6.462963138866885], [3.3284652114834268, 6.462058245879573], [3.332082681196273, 6.462055898405695], [3.3320823862419036, 6.461603597899449]]], [[[3.3180689358585527, 6.4683970667395965], [3.318974166503935, 6.4697534031104755], [3.3198782641296627, 6.469300533922676], [3.319877410883188, 6.467943631110136], [3.3180689358585527, 6.4683970667395965]]], [[[3.324407098429762, 6.480152883706481], [3.324407676393199, 6.481057484751033], [3.3253120781077974, 6.481056905813205], [3.3253123679261036, 6.48150920628266], [3.3262164797397755, 6.4810563252636975], [3.326215607992061, 6.479699423929542], [3.324407098429762, 6.480152883706481]]], [[[3.317172459729632, 6.481062058233107], [3.317624377973607, 6.48060947459223], [3.3185290632502946, 6.481061208562175], [3.318528495759736, 6.480156606993584], [3.3171718946558952, 6.480157456544944], [3.317171329662712, 6.479252854824569], [3.3162669304370658, 6.479253419098386], [3.3158150120724335, 6.479706001554829], [3.3162680572817833, 6.481062622665785], [3.3158158560277236, 6.481062904277743], [3.315364497680744, 6.482420088196555], [3.317625226883375, 6.481966377028521], [3.317172459729632, 6.481062058233107]]], [[[3.3307381920208723, 6.480601098110277], [3.3307384866523155, 6.481053398340993], [3.329834085436886, 6.481053986948886], [3.329835554880083, 6.4833154881886905], [3.331191867575866, 6.482862304191959], [3.3316425923466717, 6.480600507932237], [3.3307381920208723, 6.480601098110277]]], [[[3.3239592290364097, 6.486937679883754], [3.3244105674462627, 6.485580489490356], [3.323053952630709, 6.485581355484117], [3.3226031858862988, 6.487843145815361], [3.323507599856852, 6.487842569493252], [3.323507311362354, 6.487390269055273], [3.325316427551228, 6.4878414120088825], [3.3253158473569093, 6.486936811287585], [3.3239592290364097, 6.486937679883754]]], [[[3.3198893729672214, 6.486940263894658], [3.3207946437949913, 6.4882965941705395], [3.3216990587357422, 6.488296021034912], [3.3216979112505696, 6.4864868189432485], [3.3198893729672214, 6.486940263894658]], [[3.320794357699612, 6.487844293619437], [3.321246278298651, 6.487391706734396], [3.3212465647769096, 6.487844007273436], [3.320794357699612, 6.487844293619437]]], [[[3.317627491530121, 6.485584783170782], [3.3162708757992565, 6.485585631020344], [3.31627143974373, 6.486490232594548], [3.3153670275434357, 6.486490795890768], [3.3144631760621954, 6.487395959274079], [3.315820641849985, 6.48875201833778], [3.3158217687680516, 6.490561221307418], [3.3167261881877277, 6.490560656847737], [3.3167264707742796, 6.491012957530319], [3.3185350267855123, 6.490559523086169], [3.318534174305817, 6.4892026212289995], [3.3176297574676163, 6.4892031887971555], [3.3176291908622324, 6.488298587438941], [3.319437736345617, 6.487845150237359], [3.318984391460473, 6.486036232364021], [3.3171758518636967, 6.486489667685279], [3.317627491530121, 6.485584783170782]], [[3.3167247755566396, 6.488299153313826], [3.3167244930907556, 6.487846852582851], [3.3176289075897927, 6.487846286747739], [3.3176291908622324, 6.488298587438941], [3.3167247755566396, 6.488299153313826]], [[3.318984960283235, 6.486940833683122], [3.3185330379493885, 6.4873934186398605], [3.318532753910846, 6.486941117972418], [3.318984960283235, 6.486940833683122]], [[3.3167256230749587, 6.489656055458368], [3.316273696324912, 6.490108638568842], [3.3162734141819756, 6.489656337850279], [3.3167256230749587, 6.489656055458368]]], [[[3.3185350267855123, 6.490559523086169], [3.318083384780334, 6.49146440836953], [3.3185355952064404, 6.491464124283947], [3.3189889443110965, 6.493273042013588], [3.319893368290461, 6.493272471664327], [3.3198922263632857, 6.491463269605762], [3.3185350267855123, 6.490559523086169]]], [[[3.317179813018826, 6.492821877245497], [3.317179529948262, 6.492369576615058], [3.316275107340836, 6.492370142040642], [3.316727601321604, 6.492822160179977], [3.3162759541913878, 6.4937270440269], [3.317180379220375, 6.493726478482165], [3.3171806623513604, 6.494178779088393], [3.3180848041687985, 6.49372591132257], [3.318085656044256, 6.4950828129975475], [3.3185378696992234, 6.4950825287523015], [3.318083952475126, 6.492369009574953], [3.317179813018826, 6.492821877245497]]], [[[3.3189917924759427, 6.49779604699558], [3.320348440527061, 6.4977951902648705], [3.3203481544077835, 6.497342889863133], [3.3194437232017595, 6.497343461380795], [3.319442867388917, 6.495986560006788], [3.3185378696992234, 6.4950825287523015], [3.318538722967764, 6.496439430294756], [3.3189909378138, 6.496439145585754], [3.3189915075683056, 6.497343746533714], [3.3180870762406567, 6.497344315627725], [3.3185404300509904, 6.49915323316165], [3.319444579197168, 6.498700362682125], [3.3194454353751452, 6.500057263910763], [3.320349871428591, 6.500056692152413], [3.319896510266038, 6.498247776659478], [3.318992077403837, 6.498248347449373], [3.3189917924759427, 6.49779604699558]]], [[[3.3867594353630603, 6.412716752450806], [3.3872115726146257, 6.412716411245012], [3.3876647349976405, 6.41407296540396], [3.388116531253782, 6.413620324772475], [3.3899254267409136, 6.414071251036881], [3.3899250830048633, 6.413618952578936], [3.3912814965584563, 6.41361791924762], [3.392185080753765, 6.412712631671993], [3.393993975696404, 6.413163543575804], [3.393992239581264, 6.4109020522322515], [3.3930872763060638, 6.409998149314668], [3.393085545048378, 6.407736657445273], [3.3948937272226125, 6.407282970695083], [3.3944409005051615, 6.406378721709208], [3.395797294191959, 6.406377677606399], [3.395795900381577, 6.4045684844651865], [3.395343770769813, 6.4045688327984935], [3.3948888610833383, 6.400950793672286], [3.393984608100103, 6.4009514879527005], [3.393079317684023, 6.399595285065746], [3.3921750668871797, 6.399595976015379], [3.3921754118445233, 6.400048274597842], [3.391722941451417, 6.399596320893493], [3.376802788298681, 6.3996074787030075], [3.376803119735358, 6.40005977810497], [3.376350662033907, 6.399607810055755], [3.365951751411112, 6.399615321374056], [3.365952073303716, 6.4000676213347605], [3.36549962458112, 6.399615643179414], [3.359621973691183, 6.399619790448384], [3.3596222900163846, 6.400072090727481], [3.3578134649462688, 6.399621053005597], [3.35690983833845, 6.400526282717087], [3.3564573966905793, 6.400074296182709], [3.3560055821483137, 6.4005269101069695], [3.3537446301002514, 6.400076171057166], [3.3528409951776443, 6.400981394036864], [3.3523885564864666, 6.400529403751773], [3.351032171493538, 6.4005303323037435], [3.3510324803074973, 6.400982632990144], [3.3501279147201664, 6.4005309493490445], [3.350128222738662, 6.400983250079402], [3.3483197073346167, 6.400984479483145], [3.3483200137842872, 6.401436780293112], [3.347415143867761, 6.40053279093609], [3.3465114964355607, 6.401438003417606], [3.3465108867402953, 6.4005334016154825], [3.3460587581435663, 6.400533706358373], [3.346059062582473, 6.400986007285123], [3.3447026754674503, 6.400986919191529], [3.3447029787350315, 6.4014392201752734], [3.3442505463853256, 6.4009872223645345], [3.3428941590080017, 6.400988129496157], [3.3428944606845357, 6.40144043056611], [3.3410856422004236, 6.4009893334344], [3.3410862423930388, 6.401893935737858], [3.3406341123414105, 6.401894235770406], [3.3406335129443496, 6.400989633424212], [3.34018138366666, 6.400989933016126], [3.340181982268168, 6.401894535404998], [3.3379213315787366, 6.4018960276086165], [3.3379216289227696, 6.402348328897387], [3.3374692013764076, 6.4018963248554694], [3.335208550044126, 6.401897805120384], [3.3352088450012345, 6.4023501065357475], [3.328879012883809, 6.40235419864057], [3.3288787234962016, 6.401901896933792], [3.327974750817008, 6.40235477685919], [3.327522331558235, 6.4019027636030135], [3.3275229079672988, 6.40280736713206], [3.326618357560791, 6.402355641202214], [3.326618644980012, 6.402807943003765], [3.3239058555216525, 6.402809661066497], [3.323906140574318, 6.4032619629824294], [3.323453723873155, 6.40280994601723], [3.3207412158196496, 6.403263949420655], [3.320740933552151, 6.40281164736328], [3.3180278626384205, 6.402361032195257], [3.3180284223786605, 6.40326563655823], [3.3162196147253225, 6.402814451098675], [3.3153159057240944, 6.40371961165482], [3.311698293891913, 6.402817215032301], [3.311698568201771, 6.403269517486146], [3.313055241377798, 6.403720994813639], [3.313055792484137, 6.404625599564032], [3.3121515250145435, 6.404626150119424], [3.311247805467423, 6.4055313039573845], [3.3107953972546444, 6.405079275427548], [3.3098914016080543, 6.405532124532506], [3.3098903104594495, 6.403722914516835], [3.3053689789070653, 6.4037256231135435], [3.3053692476853094, 6.404177925822253], [3.304464712363141, 6.40372616005597], [3.3044652483471832, 6.4046307655418895], [3.3035604457419367, 6.403726695406091], [3.303108579190962, 6.404179265288109], [3.3035617818669527, 6.405988209251766], [3.302657511188705, 6.405988743199595], [3.302656711844074, 6.404631834802064], [3.3017524434771723, 6.40463236704335], [3.3017519122686054, 6.403727761329412], [3.3008476454169373, 6.40372829190261], [3.3008481750336784, 6.404632897692101], [3.299943906513821, 6.404633426748316], [3.299946283568094, 6.408704152745888], [3.3003984214205846, 6.408703888247489], [3.3003989506607847, 6.409608493899486], [3.3013032279016383, 6.409607963632078], [3.302208037569098, 6.410512037239909], [3.3035644555617276, 6.410511236345858], [3.3040155235518402, 6.408701757918296], [3.306276481545723, 6.409152716097694], [3.3067294302022847, 6.410509353645508], [3.3080858476139836, 6.410508540796408], [3.308085033353853, 6.409151633326984], [3.3103457226739117, 6.409150270899235], [3.309894950013994, 6.411412056203408], [3.312607788616701, 6.4114104099475195], [3.3130593766122383, 6.410505529665148], [3.3135117917330494, 6.410957555775005], [3.313963654354776, 6.410504977006231], [3.316224348361952, 6.410503588385194], [3.3162237911625234, 6.409598984118026], [3.3171280670318173, 6.409598425959524], [3.3171283464181225, 6.410050728057386], [3.325266832761418, 6.410045632548822], [3.3252665462055075, 6.4095933308134025], [3.3261708212594927, 6.409592756717226], [3.326171108612024, 6.410045058411806], [3.3302406398701465, 6.410494756572453], [3.3302409308493814, 6.4109470580659185], [3.3315973462965918, 6.410946182988749], [3.3325007443063255, 6.409588693418641], [3.333405018691538, 6.409588106572374], [3.3338574499762186, 6.41004011389446], [3.333406193720431, 6.411397311979723], [3.33431047120783, 6.411396723372262], [3.3343110604429747, 6.412301325944394], [3.336119618350463, 6.412300143778727], [3.3370233031599454, 6.411394947984624], [3.3401879730323167, 6.41094055754175], [3.3415434843225853, 6.409582753236964], [3.342899894582888, 6.409581848463591], [3.342899592514692, 6.409129547537], [3.344256001384321, 6.409128639242304], [3.344255698143137, 6.40867633837236], [3.3469685129022886, 6.4086745111559305], [3.34742003662687, 6.407769603765261], [3.346967901706985, 6.407769909652132], [3.346514241152657, 6.405508711133067], [3.347417895350322, 6.404603498403357], [3.3492267310854476, 6.40505457218659], [3.3492270385300813, 6.405506872881164], [3.350583436920011, 6.4055059483797665], [3.351034333659019, 6.4036964369413765], [3.351938595912739, 6.4036958179961205], [3.3519382861693243, 6.403243517401553], [3.3546510700061676, 6.403241651145063], [3.354651382137001, 6.403693951606743], [3.3551032005670436, 6.403241338709181], [3.3582681138606394, 6.4032391405129365], [3.358720559952402, 6.4036911251531885], [3.358720244240447, 6.40323882489275], [3.3609808957974705, 6.403237240821264], [3.3609805781189124, 6.402784940665655], [3.361433026040272, 6.403236922812857], [3.361884837785835, 6.4027843042961194], [3.364597616234563, 6.402782385635309], [3.364597937096101, 6.4032346856089735], [3.3650497458952113, 6.4027820644654785], [3.3655021971899766, 6.403234042825539], [3.3677625233716473, 6.402780129088344], [3.367763494381574, 6.40413702850339], [3.369571691722626, 6.4036834303098855], [3.369572017007652, 6.404135730014491], [3.3704762781800977, 6.404135078381491], [3.370476930412389, 6.405039677674019], [3.3713808661588125, 6.404586724759865], [3.3722867667743146, 6.406847567561618], [3.3740956274420384, 6.407298552003325], [3.3740966158758936, 6.40865545020271], [3.3750008845375685, 6.408654790138292], [3.3749998937146013, 6.407297892079786], [3.3759041598919786, 6.40729723056309], [3.3754513655893126, 6.406392962822106], [3.3768077623593715, 6.40639196889624], [3.376808425973941, 6.4072965674532405], [3.3777126919602587, 6.407295902750238], [3.3786176247462794, 6.408199834789777], [3.379974025790699, 6.408198832215716], [3.3799743604691654, 6.408651131300273], [3.381330762491214, 6.408650125069524], [3.381331434310017, 6.4095547230715475], [3.3822357037967943, 6.409554050163452], [3.382237050911515, 6.4113632458803425], [3.3835927837436923, 6.41045763554346], [3.384046272857544, 6.4122664925171495], [3.3844984098574695, 6.412266153727206], [3.385400646234947, 6.409551682434615], [3.3863049152833105, 6.409551002354807], [3.386303894449464, 6.408194106133835], [3.3872078199850453, 6.407741125898009], [3.387208502060189, 6.408645723305592], [3.388113453085639, 6.409549637414055], [3.387209525357189, 6.410002619357171], [3.387211231343623, 6.412264112616981], [3.3867594353630603, 6.412716752450806]], [[3.393984608100103, 6.4009514879527005], [3.393532827796222, 6.401404132980768], [3.393532481570971, 6.400951834496078], [3.393984608100103, 6.4009514879527005]], [[3.393984954723104, 6.401403786412708], [3.3944374286707664, 6.4018557378740635], [3.3939853013711048, 6.401856084864751], [3.393984954723104, 6.401403786412708]], [[3.3510324803074973, 6.400982632990144], [3.3514849182925115, 6.401434624505092], [3.351032789143731, 6.401434933668588], [3.3510324803074973, 6.400982632990144]], [[3.3487721430662845, 6.401436473517173], [3.3487730637413655, 6.402793375833756], [3.348320933265914, 6.402793682675245], [3.3483200137842872, 6.401436780293112], [3.3487721430662845, 6.401436473517173]], [[3.3487730637413655, 6.402793375833756], [3.349225501528518, 6.40324536932865], [3.3487733706773217, 6.4032456765900285], [3.3487730637413655, 6.402793375833756]], [[3.3496776323575532, 6.403245061669232], [3.349678247887534, 6.404149663070316], [3.349226116262662, 6.404149970773548], [3.349225501528518, 6.40324536932865], [3.3496776323575532, 6.403245061669232]], [[3.3121520746082957, 6.405530754916359], [3.3121523494348843, 6.405983057302882], [3.313508478170973, 6.40552992836841], [3.3139611655096535, 6.406434256664131], [3.3126047596181585, 6.4064350845244835], [3.312605034882476, 6.406887386875498], [3.3098919473003443, 6.40643672949257], [3.309891674444367, 6.405984427016518], [3.3121520746082957, 6.405530754916359]], [[3.3035615146034236, 6.405535906498555], [3.304013381873317, 6.405083336204225], [3.304013649515611, 6.405535638946354], [3.3035615146034236, 6.405535906498555]], [[3.3315970541222564, 6.410493881557518], [3.3311446243042693, 6.410041872167686], [3.331596761968963, 6.410041580118318], [3.3315970541222564, 6.410493881557518]], [[3.330692486618561, 6.410042163818585], [3.330691903968283, 6.409137560833241], [3.3315961777255048, 6.40913697721601], [3.331596469836713, 6.409589278671148], [3.330692486618561, 6.410042163818585]], [[3.3325007443063255, 6.409588693418641], [3.332048314572566, 6.409136684809778], [3.3325004513985563, 6.409136392005133], [3.3325007443063255, 6.409588693418641]], [[3.372286111169266, 6.405942968519079], [3.372737915052785, 6.4054903409098], [3.3727382432179156, 6.40594264041967], [3.372286111169266, 6.405942968519079]], [[3.374094639221834, 6.405941653732209], [3.3740949686048305, 6.406393953163885], [3.3727385714066993, 6.4063949399215705], [3.3727382432179156, 6.40594264041967], [3.374094639221834, 6.405941653732209]], [[3.388113111190102, 6.409097338778799], [3.388564902911768, 6.408644697953002], [3.3885652451809154, 6.409096996571885], [3.388113111190102, 6.409097338778799]], [[3.388564902911768, 6.408644697953002], [3.389016008625639, 6.407287459540694], [3.3876596114315856, 6.407288485869297], [3.3876592700573163, 6.406836187169865], [3.38856353408175, 6.406835503397741], [3.388109693589298, 6.404574351987806], [3.389014296029276, 6.405025966328999], [3.3890149809937653, 6.405930563637586], [3.3899192432778453, 6.405929877573581], [3.3908241937108357, 6.406833786997934], [3.391277703948403, 6.4086426364918125], [3.388564902911768, 6.408644697953002]], [[3.392181970762285, 6.408641946151121], [3.3921823162173452, 6.409094244574229], [3.391278393290398, 6.409547233428285], [3.391277703948403, 6.4086426364918125], [3.392181970762285, 6.408641946151121]], [[3.3876640515356917, 6.413168368236361], [3.388115847044011, 6.41271572763755], [3.3881161891365816, 6.413168026209], [3.3876640515356917, 6.413168368236361]], [[3.38811550497607, 6.4122634290581235], [3.3894715720013147, 6.411810102216068], [3.389471228787398, 6.411357803693805], [3.390827636438281, 6.41135677192541], [3.39128080676952, 6.412713322454717], [3.3894726017913586, 6.413166997734992], [3.389472258503295, 6.41271469923666], [3.388115847044011, 6.41271572763755], [3.38811550497607, 6.4122634290581235]], [[3.387663026527276, 6.4118114724251285], [3.387662684907005, 6.41135917380543], [3.3885669568965175, 6.411358489546698], [3.3885672993136113, 6.411810788117736], [3.387663026527276, 6.4118114724251285]], [[3.389019092854301, 6.411358146819522], [3.38901840729735, 6.410453549702267], [3.3903748126322557, 6.410452519276071], [3.39037515659345, 6.410904817765398], [3.389019092854301, 6.411358146819522]], [[3.3903744686958337, 6.41000022077877], [3.3912787379986398, 6.409999531884559], [3.391279082731711, 6.410451830332857], [3.3903748126322557, 6.410452519276071], [3.3903744686958337, 6.41000022077877]], [[3.390827292053932, 6.410904473468546], [3.3917315629004636, 6.410903783679306], [3.3917319080815775, 6.411356082087112], [3.3926358336475606, 6.410903092296018], [3.393088661761214, 6.411807342666644], [3.3917325985183817, 6.412260678878794], [3.390827292053932, 6.410904473468546]], [[3.3112505466610043, 6.410054327855029], [3.3107986819087327, 6.410506904338684], [3.3107984080790844, 6.410054601973236], [3.3112505466610043, 6.410054327855029]], [[3.335666000000845, 6.410038933742953], [3.335214157866562, 6.410491530650522], [3.3352138625265675, 6.41003922937853], [3.335666000000845, 6.410038933742953]], [[3.384948511674066, 6.409552021876877], [3.384496715822543, 6.41000465974173], [3.3844963770887566, 6.409552360920711], [3.384948511674066, 6.409552021876877]], [[3.3035633858526547, 6.408702025603805], [3.3031115151343213, 6.409154595607405], [3.303111248134206, 6.408702292890927], [3.3035633858526547, 6.408702025603805]], [[3.326622383315949, 6.408687865699331], [3.3261705339276593, 6.4091404550146756], [3.326170246616524, 6.4086881533041575], [3.326622383315949, 6.408687865699331]], [[3.314414131397163, 6.407790886707495], [3.31486626782899, 6.407790609500136], [3.31531895968688, 6.408694936304535], [3.3144146852503575, 6.408695491196539], [3.314414131397163, 6.407790886707495]], [[3.303562583773119, 6.407345117463625], [3.3040147202777037, 6.407344849835248], [3.3040152557745026, 6.408249455231911], [3.303563118473546, 6.408249722898377], [3.303562583773119, 6.407345117463625]], [[3.3040147202777037, 6.407344849835248], [3.3044665886453934, 6.406892279117363], [3.304466856762997, 6.407344581808569], [3.3040147202777037, 6.407344849835248]], [[3.3917288023464573, 6.40728539612978], [3.3912770147057265, 6.4077380395234504], [3.3912766701216315, 6.407285741027313], [3.3917288023464573, 6.40728539612978]], [[3.302658044181154, 6.40689334875814], [3.3022061741438975, 6.407345917958931], [3.302205908017007, 6.406893615172645], [3.302658044181154, 6.40689334875814]], [[3.3162223985151265, 6.407337473310678], [3.316221841596635, 6.406432868931981], [3.316673976753947, 6.406432590190817], [3.31667453446869, 6.407337194529838], [3.3162223985151265, 6.407337473310678]], [[3.316221841596635, 6.406432868931981], [3.315769428388194, 6.4059808450537945], [3.316221563167489, 6.405980566730685], [3.316221841596635, 6.406432868931981]], [[3.31622128475841, 6.4055282645214255], [3.317125553460664, 6.405527706720263], [3.317125832665852, 6.405980008889817], [3.316221563167489, 6.405980566730685], [3.31622128475841, 6.4055282645214255]], [[3.3822333472798807, 6.4063879573519475], [3.3813297549444963, 6.407293228006705], [3.3808766160212165, 6.405936666537427], [3.3822333472798807, 6.4063879573519475]], [[3.392633066721507, 6.407284705139862], [3.3917281124565366, 6.406380799162676], [3.3930845065930955, 6.406379762227968], [3.392633066721507, 6.407284705139862]], [[3.3917281124565366, 6.406380799162676], [3.3912756365183228, 6.405928845491071], [3.3917277675488626, 6.405928500667168], [3.3917281124565366, 6.406380799162676]], [[3.3912756365183228, 6.405928845491071], [3.390823161376214, 6.4054768913642395], [3.3912752920335447, 6.405476546963051], [3.3912756365183228, 6.405928845491071]], [[3.322551731959892, 6.406428930315486], [3.322099880690711, 6.406881516167045], [3.322099597066056, 6.4064292142338175], [3.322551731959892, 6.406428930315486]], [[3.3266206574948805, 6.405974055391699], [3.3257163888531647, 6.405974629957599], [3.325716962451567, 6.406879233507128], [3.3252648273035, 6.406879520233567], [3.325264254501289, 6.4059749166432285], [3.3239084217355734, 6.406880378023257], [3.3230035824328814, 6.405976344098158], [3.319838922290856, 6.406430627851834], [3.31983864067705, 6.405978325810035], [3.3184822367623954, 6.405979169141897], [3.318481956363046, 6.405526867032112], [3.3189338098462944, 6.405074284241915], [3.3216468957599226, 6.4055248938232054], [3.3211941961071765, 6.404620572901896], [3.322098462771829, 6.40462000642127], [3.32209817924937, 6.404167704448227], [3.322550312153085, 6.404167420630926], [3.3225508800144037, 6.405072024528638], [3.3230027293547244, 6.404619438348124], [3.326167948872569, 6.405069739333236], [3.3261673746435556, 6.404165135760865], [3.32707221588071, 6.40506916405281], [3.328428616237188, 6.405068298145989], [3.3284289053728573, 6.405520599817639], [3.3266203699305783, 6.405521753645881], [3.3266206574948805, 6.405974055391699]], [[3.3266195073620284, 6.404164848360652], [3.3270713521804396, 6.403712258805162], [3.327071640059775, 6.4041645605623385], [3.3266195073620284, 6.404164848360652]], [[3.378164158914232, 6.40639097138629], [3.377712359344764, 6.406843603523023], [3.3777120267532372, 6.406391304287838], [3.378164158914232, 6.40639097138629]], [[3.3062748631097656, 6.40643890048159], [3.3053703229920615, 6.405987136577482], [3.305370054136307, 6.405534833900618], [3.3062743237865964, 6.405534295212512], [3.3062748631097656, 6.40643890048159]], [[3.307178863807125, 6.40598605753171], [3.306726998701913, 6.406438630501825], [3.306726728632526, 6.40598632789048], [3.307178863807125, 6.40598605753171]], [[3.3076309989622303, 6.405985786774721], [3.308987404310306, 6.405984972114451], [3.3094392669488975, 6.405532397261169], [3.309439811845048, 6.406437002260057], [3.3076312698277865, 6.406438089347552], [3.3076309989622303, 6.405985786774721]], [[3.342445345100303, 6.405963742645464], [3.3424447421298913, 6.405059140613877], [3.3419926093579413, 6.405059441990466], [3.341541077942563, 6.405964345086246], [3.337924008446977, 6.405966738920919], [3.3379243059839974, 6.406419040138025], [3.3338548036247446, 6.405969401521723], [3.333855097579055, 6.4064217029283395], [3.3329508288108474, 6.406422290278872], [3.3329505356526963, 6.405969988830455], [3.3306895742065703, 6.40551914857317], [3.3306892830807864, 6.405066847004816], [3.3320456829353633, 6.405065971542233], [3.332045390636583, 6.404613670028236], [3.3347584820748426, 6.405064209866849], [3.3352100250423775, 6.404159312117591], [3.336566718131315, 6.404610726149054], [3.3365664218739597, 6.404158424836668], [3.33747068632161, 6.404157831325558], [3.3374697952902457, 6.402800927467389], [3.3379219262882445, 6.402800630178195], [3.337922818513328, 6.404157533972856], [3.340183479149696, 6.4041560412378695], [3.340635311394912, 6.403703440367268], [3.3415401759076624, 6.404607441898282], [3.3424444406772804, 6.404606839586137], [3.3424441392463997, 6.404154538550435], [3.3460614988842527, 6.404604414412527], [3.3447063161220574, 6.406414530470977], [3.342445345100303, 6.405963742645464]], [[3.345609975183968, 6.40550932069825], [3.346062412859752, 6.405961316953913], [3.345610279466379, 6.405961621559093], [3.345609975183968, 6.40550932069825]], [[3.304917919282081, 6.405535102647387], [3.3044660524681477, 6.40598767371106], [3.3044657844085057, 6.405535370995966], [3.304917919282081, 6.405535102647387]], [[3.3804244844027025, 6.4059370018045], [3.3795198869575294, 6.405485371987857], [3.3795192187582694, 6.4045807736515865], [3.380423814563172, 6.405032403579447], [3.3804244844027025, 6.4059370018045]], [[3.3822326742076316, 6.40548335933407], [3.3817808791857082, 6.405935994808673], [3.381780543059751, 6.405483695771803], [3.3822326742076316, 6.40548335933407]], [[3.302204843701217, 6.405084403947873], [3.301752974762332, 6.405536972725446], [3.301752709110178, 6.40508466988838], [3.302204843701217, 6.405084403947873]], [[3.390370687030152, 6.405024936782266], [3.3899188999871814, 6.4054775789721035], [3.3899185567212595, 6.405025280362656], [3.390370687030152, 6.405024936782266]], [[3.392179208017722, 6.405023558479281], [3.3917274226660465, 6.40547620216369], [3.391727077808087, 6.405023903652243], [3.392179208017722, 6.405023558479281]], [[3.394892336395945, 6.405473777419363], [3.394439858692035, 6.405021826642328], [3.394891988751924, 6.40502147908051], [3.394892336395945, 6.405473777419363]], [[3.394439858692035, 6.405021826642328], [3.3939873817841137, 6.404569875409727], [3.3944395114710524, 6.4045695282707635], [3.394439858692035, 6.405021826642328]], [[3.3939873817841137, 6.404569875409727], [3.3935349056721233, 6.404117923721646], [3.393987034986111, 6.404117577005483], [3.3939873817841137, 6.404569875409727]], [[3.3049173824247315, 6.404630497231512], [3.3058216505217524, 6.404629959416359], [3.3058219197367507, 6.405082262089989], [3.304917650843732, 6.405082799943429], [3.3049173824247315, 6.404630497231512]], [[3.3058213813261608, 6.404177656734768], [3.306725648549617, 6.4041771173654825], [3.306726188552144, 6.405081722643904], [3.306274054154165, 6.4050819925660285], [3.3058213813261608, 6.404177656734768]], [[3.381780206958021, 6.405031396726964], [3.3822320012324028, 6.40457876128432], [3.3826837947108475, 6.404126125483516], [3.3826844684335033, 6.405030723501247], [3.381780206958021, 6.405031396726964]], [[3.3863011733044712, 6.4045757158605205], [3.3858493828312564, 6.405028354669667], [3.385849043171911, 6.404576055833408], [3.3863011733044712, 6.4045757158605205]], [[3.3912749475735944, 6.405024248427059], [3.390822473277133, 6.404572294235264], [3.3912746031384735, 6.404571949883101], [3.3912749475735944, 6.405024248427059]], [[3.390822473277133, 6.404572294235264], [3.390369999776604, 6.404120339588383], [3.390822129264792, 6.404119995658823], [3.390822473277133, 6.404572294235264]], [[3.3722848002426544, 6.404133770338395], [3.3718329970606398, 6.40458639752675], [3.371832669762379, 6.404134097946304], [3.3722848002426544, 6.404133770338395]], [[3.3921781723991336, 6.403666662970844], [3.3917263881667408, 6.404119306605445], [3.391726043383353, 6.4036670080700935], [3.3921781723991336, 6.403666662970844]], [[3.3686671067864564, 6.40323178054539], [3.3682153009819293, 6.403684404704321], [3.368214976914054, 6.403232104922376], [3.3686671067864564, 6.40323178054539]], [[3.389917183904999, 6.403216085845186], [3.389465397932173, 6.403668727595461], [3.3894650551631162, 6.403216428929714], [3.389917183904999, 6.403216085845186]], [[3.330235987052433, 6.40325793159346], [3.3293317235194717, 6.4032585122826955], [3.329331433692247, 6.402806210612467], [3.3302356964294493, 6.402805629964581], [3.330235987052433, 6.40325793159346]], [[3.3795178826487398, 6.4027715768834526], [3.379066087336965, 6.403224210017235], [3.379065753743575, 6.402771910789476], [3.3795178826487398, 6.4027715768834526]], [[3.3939859947421067, 6.402760681744942], [3.393534212946937, 6.403213326839884], [3.393533866621801, 6.402761028387054], [3.3939859947421067, 6.402760681744942]], [[3.366857941478257, 6.402328475939091], [3.3664061347380554, 6.402781098567945], [3.366405812308281, 6.402328798677966], [3.366857941478257, 6.402328475939091]], [[3.3496767092289983, 6.4018881595078865], [3.349224886883014, 6.402340767851902], [3.3492245795935025, 6.401888467101586], [3.3496767092289983, 6.4018881595078865]], [[3.374996262529352, 6.402322598585032], [3.374092005012449, 6.402323257992017], [3.374091675843097, 6.401870958488651], [3.3749959325643752, 6.401870299128626], [3.374996262529352, 6.402322598585032]], [[3.385847345242443, 6.402314561532616], [3.3849430888828573, 6.4023152400424435], [3.384942750166035, 6.4018629411100685], [3.385847005730001, 6.401862262648558], [3.385847345242443, 6.402314561532616]], [[3.373639547446837, 6.40187128757174], [3.372735290583219, 6.40187194454407], [3.3727349626309566, 6.401419644962515], [3.373639218699007, 6.401418988036974], [3.373639547446837, 6.40187128757174]], [[3.3930810466968104, 6.401856777652295], [3.392176791922746, 6.4018574688480605], [3.392176446865863, 6.401405170297452], [3.393080700844368, 6.401404479150913], [3.3930810466968104, 6.401856777652295]], [[3.37454314515259, 6.4009660300239215], [3.374091346697483, 6.401418658977321], [3.3740910175756067, 6.400966359458028], [3.37454314515259, 6.4009660300239215]], [[3.3862984537283065, 6.400957325077287], [3.385846666242043, 6.4014099637565405], [3.385846326778568, 6.400957664856557], [3.3862984537283065, 6.400957325077287]], [[3.3709257975596274, 6.400516354665074], [3.3704739961075987, 6.4009689806067565], [3.3704736701912745, 6.400516680892802], [3.3709257975596274, 6.400516354665074]], [[3.3736385612744733, 6.400514388943552], [3.3731867623504557, 6.400967017132567], [3.37318643404777, 6.400514717558467], [3.3736385612744733, 6.400514388943552]], [[3.391271504339653, 6.400501262628991], [3.3908197218727936, 6.400953905400687], [3.390819378058847, 6.400501606760525], [3.391271504339653, 6.400501262628991]], [[3.3921757568267514, 6.400500573172342], [3.391723975205021, 6.400953216690702], [3.39172363059563, 6.4005009180995955], [3.3921757568267514, 6.400500573172342]], [[3.3872020263144638, 6.400052046646607], [3.3867502404190946, 6.400504686040615], [3.3867499002091965, 6.4000523871731385], [3.3872020263144638, 6.400052046646607]], [[3.39036690836179, 6.400049651821587], [3.3899151254228688, 6.400502293830011], [3.3899147824291096, 6.400049995132942], [3.39036690836179, 6.400049651821587]]], [[[3.3514948255569474, 6.415908241304378], [3.3505899234716336, 6.415004259743024], [3.349685949501349, 6.415457177894661], [3.3496856411705096, 6.415004877397361], [3.3469724878185416, 6.414554420153442], [3.3460675957875092, 6.41365043000049], [3.3456157603001158, 6.414103035691617], [3.3424504738583427, 6.4136528586270956], [3.3424507757455757, 6.4141051594954455], [3.340642512978832, 6.414558665271792], [3.340190671693372, 6.4150112664632974], [3.3406434140523014, 6.415915568061995], [3.3397391291927163, 6.415916168255445], [3.3397394287963564, 6.416368469212212], [3.3406440148760366, 6.416820169882246], [3.341095556449682, 6.41591526736702], [3.3415480000238924, 6.4163672671445555], [3.344712694847044, 6.415912847449167], [3.344712998836481, 6.416365148169939], [3.346069731778976, 6.416816534702857], [3.3460694265714523, 6.416364234055022], [3.34787768979675, 6.415910709082263], [3.3478783033796136, 6.416815310211895], [3.3492347318483837, 6.416814387655328], [3.3492350398692254, 6.4172666881426235], [3.351495755534021, 6.417265142460731], [3.351947277795653, 6.416360231408775], [3.3528515622659274, 6.416359609634127], [3.352851251099756, 6.415907309306931], [3.3514948255569474, 6.415908241304378]], [[3.345164228337996, 6.415007941742457], [3.3442599455077215, 6.415008549826153], [3.344259641982534, 6.414556249059854], [3.345163924015564, 6.414555641019378], [3.345164228337996, 6.415007941742457]], [[3.343355057155964, 6.414104554687954], [3.342903218769209, 6.414557158129951], [3.34290291646165, 6.41410485729106], [3.343355057155964, 6.414104554687954]]], [[[3.3379368219036, 6.4254156840566665], [3.337032520028115, 6.425416280352687], [3.337031924771175, 6.424511678495922], [3.336127327609276, 6.424059972127251], [3.3352236199786645, 6.424965167142879], [3.3352242120839986, 6.425869769152246], [3.3356760670545342, 6.425417171800985], [3.3365803690582734, 6.425416577901551], [3.3365806663195157, 6.425868878839066], [3.3347723563148084, 6.426322366138089], [3.3347726520212935, 6.426774667143801], [3.3379377173454836, 6.426772586654952], [3.3374852671177213, 6.426320584186915], [3.3379368219036, 6.4254156840566665]]], [[[3.3438147819928585, 6.425411769188089], [3.343814174757856, 6.424507167971571], [3.342457422763092, 6.424055776580384], [3.3420067834059948, 6.426317582309315], [3.3438156930090175, 6.426768670952944], [3.343815389315144, 6.426316370372649], [3.3429110864040963, 6.426316977139955], [3.3438147819928585, 6.425411769188089]]], [[[3.3483372102441016, 6.4267656129303115], [3.348336594891102, 6.425861012195652], [3.3474322932174423, 6.425861626909051], [3.3469810618158746, 6.427218834952726], [3.3456246054797902, 6.427219753023919], [3.3456249108150082, 6.427672053501787], [3.3469813683493688, 6.427671135365464], [3.346981674904885, 6.4281234357702095], [3.348338133439409, 6.428122513972366], [3.3483384412153945, 6.428574814303731], [3.3505992069944677, 6.428573269872482], [3.3505988972210723, 6.428120969650659], [3.349694591774961, 6.428121588578136], [3.3496939738926796, 6.427216988022708], [3.3483372102441016, 6.4267656129303115]], [[3.3492421304658153, 6.42766959714685], [3.3487902862400727, 6.428122205907222], [3.348789978086742, 6.427669905589713], [3.3492421304658153, 6.42766959714685]]], [[[3.3483464511512633, 6.440334620111913], [3.3492507783226375, 6.440334002401222], [3.3487983059969624, 6.439882011355247], [3.348797688561265, 6.438977411128221], [3.3492498509352844, 6.438977102138339], [3.3487973798766255, 6.438525111002698], [3.3487958367855084, 6.436263610255011], [3.3474393567320035, 6.436264534430147], [3.347439664105953, 6.436716834661166], [3.3451785562021636, 6.436266066719861], [3.3451794723897494, 6.437622967714573], [3.346083182653979, 6.43671775530054], [3.3460841013076332, 6.438074656141228], [3.3465362630137996, 6.438074349596441], [3.346536876359659, 6.4389789500734524], [3.345180694279927, 6.43943216892879], [3.345180999807245, 6.439884469212329], [3.347442123891446, 6.440335236221147], [3.347441508812755, 6.439430635879188], [3.347893671653276, 6.439430328068345], [3.3483464511512633, 6.440334620111913]], [[3.3474408938222764, 6.438526035505202], [3.3478933637468393, 6.438978027907151], [3.3474412013064896, 6.438978335696197], [3.3474408938222764, 6.438526035505202]], [[3.347440278920009, 6.437621435099193], [3.34789274800021, 6.438073427560745], [3.3474405863601167, 6.438073735306198], [3.347440278920009, 6.437621435099193]]], [[[3.334779755351233, 6.437629888882542], [3.334780940429474, 6.439439092057676], [3.3352331038766336, 6.439438795455473], [3.3361362408272797, 6.437628998127374], [3.334779755351233, 6.437629888882542]]], [[[3.3519622017639423, 6.438070639841672], [3.351509729282746, 6.437618651179301], [3.3506057173760566, 6.438071572683358], [3.350605096916909, 6.437166972567677], [3.349700775480616, 6.437167592373218], [3.349702322794256, 6.439429092821904], [3.350606958561397, 6.439880772818655], [3.350606027639011, 6.438523872729192], [3.3519628247128685, 6.438975239793195], [3.3519622017639423, 6.438070639841672]]], [[[3.361910388302825, 6.438968287908872], [3.3619107086145203, 6.439420587380324], [3.3610063843062954, 6.439421227420662], [3.361007023397755, 6.440325826430181], [3.3614591863637613, 6.440325506564871], [3.361008621527405, 6.442587323813816], [3.3619129514395913, 6.4425866834562235], [3.361912310517569, 6.441682084617446], [3.3623644746385093, 6.441681763883304], [3.3623628707341897, 6.439420266759699], [3.362814711718828, 6.4389676463127525], [3.361910388302825, 6.438968287908872]]], [[[3.356032914110962, 6.439877018776744], [3.355581380803619, 6.440781933348009], [3.3542248897502978, 6.440782876195497], [3.3542239490889267, 6.4394259766843325], [3.3533196240089427, 6.439426603114297], [3.3528683984946226, 6.440783815439468], [3.3506075792875913, 6.44078537283826], [3.3506078896840696, 6.441237672836048], [3.3515122182344164, 6.441237051033688], [3.35151284069545, 6.442141650917205], [3.3501566554974342, 6.442594883147811], [3.350156035393919, 6.441690283148347], [3.3497038706628097, 6.4416905930704145], [3.3501575858194017, 6.443951783086924], [3.35151377455434, 6.443498550682398], [3.3515131519594346, 6.442593950846944], [3.352869648220626, 6.442593014941538], [3.3528693357555284, 6.442140715078035], [3.353774292237773, 6.4430446888132655], [3.355582640137485, 6.442591132317099], [3.3564876020001893, 6.443495100918785], [3.3560344901104404, 6.4421385174366455], [3.357390668049446, 6.44168526993433], [3.3573903516260137, 6.441232970277448], [3.3569381876542734, 6.441233286584288], [3.3569369237883544, 6.439424087787104], [3.355128274078976, 6.439425348653146], [3.3551285884106794, 6.439877648453737], [3.356032914110962, 6.439877018776744]], [[3.356034174865347, 6.441686217720686], [3.356033544442957, 6.440781618264732], [3.356485708059697, 6.4407813027810645], [3.356486339282684, 6.441685902192346], [3.356034174865347, 6.441686217720686]], [[3.3551301604073154, 6.442139147336564], [3.3537736656836383, 6.442140089182875], [3.3533208750671393, 6.441235802623931], [3.3542252033490563, 6.4412351760165345], [3.3551301604073154, 6.442139147336564]]], [[[3.3587497028441047, 6.445302714971821], [3.3582965831868927, 6.443946134014422], [3.357844733818274, 6.444398750843182], [3.3560357513168033, 6.443947716220378], [3.356036382055581, 6.444852315564169], [3.3569407164736127, 6.444851683794155], [3.356941032677985, 6.445303983409329], [3.356036697458869, 6.4453046152240425], [3.3560373283332434, 6.4462092145197465], [3.3587497028441047, 6.445302714971821]]], [[[3.3610095806801707, 6.4439442221478584], [3.361462387199764, 6.444848500905378], [3.360558053237167, 6.444849140688292], [3.360558692077469, 6.445753739550769], [3.3610108598713366, 6.445753419814396], [3.3610118195053227, 6.447110317980136], [3.361463988478157, 6.447109997775121], [3.36146366817659, 6.446657698417205], [3.3623680052520855, 6.446657056850196], [3.3623664000827143, 6.444395560167271], [3.3610095806801707, 6.4439442221478584]], [[3.3619151953902975, 6.445752779139548], [3.3614633478979674, 6.446205399051272], [3.361463027642289, 6.445753099677323], [3.3619151953902975, 6.445752779139548]]], [[[3.3560373283332434, 6.4462092145197465], [3.354680508684942, 6.445757859659752], [3.354680194460768, 6.445305559941056], [3.355584529815397, 6.445304930530388], [3.3555838998324763, 6.444400331158011], [3.354226771680108, 6.443496675001569], [3.353776172439116, 6.4457584875121405], [3.3551329914213857, 6.446209844820935], [3.355133935498503, 6.44756674383813], [3.356038274814305, 6.447566113403185], [3.355587050649922, 6.448923327699268], [3.356491392325012, 6.448922696328763], [3.3564920243626193, 6.449827295451518], [3.3587538364014105, 6.451182608072957], [3.358752564127718, 6.4493734103400255], [3.3601093965685545, 6.449824753574068], [3.3596559499158127, 6.448015875063082], [3.3610121394291492, 6.447562617352681], [3.36055901153195, 6.446206038969984], [3.359654675074385, 6.446206677285777], [3.360105567236216, 6.444397160512931], [3.360557733851346, 6.444396841245031], [3.3605564565369255, 6.442587643391856], [3.3596521264873367, 6.44258828134643], [3.3601052482737654, 6.443944861039066], [3.3587487494927974, 6.443945816371467], [3.358749385037564, 6.444850415446385], [3.3592015521216942, 6.444850097357828], [3.3587506564003586, 6.446659613500042], [3.3573944669000904, 6.447112865191945], [3.3573941502044318, 6.446660565631222], [3.3560376438043305, 6.4466615141555765], [3.3560373283332434, 6.4462092145197465]], [[3.3596549937504974, 6.446658976742129], [3.3596553124494397, 6.447111276190466], [3.358751292218389, 6.447564212478774], [3.3587506564003586, 6.446659613500042], [3.3596549937504974, 6.446658976742129]], [[3.3569432467429965, 6.448470080491116], [3.356490760377922, 6.448018097173931], [3.3569429303800224, 6.448017780932055], [3.3569432467429965, 6.448470080491116]], [[3.3569426140397063, 6.447565481364977], [3.3578469531744775, 6.447564847723506], [3.3578472703162223, 6.448017147245772], [3.3569429303800224, 6.448017780932055], [3.3569426140397063, 6.447565481364977]], [[3.3578472703162223, 6.448017147245772], [3.3582997578154674, 6.448469129293164], [3.357847587480683, 6.44846944676002], [3.3578472703162223, 6.448017147245772]]], [[[3.352422166477881, 6.449377824633045], [3.352875276422567, 6.450734411114159], [3.353779935267097, 6.451186084044151], [3.354231165997524, 6.449828871093814], [3.352422166477881, 6.449377824633045]]], [[[3.36146815448651, 6.4529898886982595], [3.3614678338866577, 6.452537589444611], [3.3628246769006487, 6.452988924793032], [3.3628237115609245, 6.451632027212355], [3.361919365713818, 6.4516326700806825], [3.361919044781859, 6.45118037082564], [3.3628233898270796, 6.451179728002749], [3.362370253455281, 6.449823151869569], [3.3632742740066077, 6.449370209162146], [3.363273629990692, 6.448465610700224], [3.3619171196725564, 6.448466575126936], [3.361917761283762, 6.449371173725252], [3.361465590330161, 6.449371494444433], [3.361918723872874, 6.450728071562576], [3.3610150197748148, 6.451633311344733], [3.3596585006945063, 6.451634270232785], [3.359659138617484, 6.452538868944994], [3.359206964743042, 6.4525391878172735], [3.3592076019552546, 6.453443786542457], [3.36146815448651, 6.4529898886982595]]], [[[3.357404613139981, 6.461586446899068], [3.3574049305843343, 6.462038746194938], [3.356500249088876, 6.461587081126382], [3.3569505293451334, 6.4588729681352826], [3.3587592476296853, 6.4588716970055575], [3.3587586106729814, 6.457967098428024], [3.3569498955995396, 6.4579683693782615], [3.356497400336997, 6.457516386699234], [3.3564958184891536, 6.4552548895142], [3.356043642049087, 6.455255205712607], [3.356044905877117, 6.457064403566033], [3.3546886864160306, 6.457517649530945], [3.3546893161027, 6.4584222485271034], [3.356498349717274, 6.458873284913902], [3.3560486995310455, 6.462491996355394], [3.3524315488891663, 6.462946813863225], [3.352431861982989, 6.46339911337976], [3.3533368575145506, 6.464303085126414], [3.354693096114119, 6.46384984182935], [3.354692780989323, 6.463397542431689], [3.356049332123143, 6.463396595041147], [3.3560502811808166, 6.4647534930095025], [3.3565024660521647, 6.46475317634203], [3.3565015157892475, 6.463396278440686], [3.3569536994327196, 6.463395961438415], [3.3574052480513767, 6.462491045482773], [3.3578577487375405, 6.46294302697911], [3.3587617963675025, 6.462490090994395], [3.359214936451578, 6.463846669573817], [3.3605714881094317, 6.463845710061359], [3.360570527136678, 6.462488812718717], [3.360118344478648, 6.462489132890261], [3.3601177047478337, 6.461584534576467], [3.3592133409696894, 6.46158517362411], [3.3592127029365635, 6.46068057518798], [3.3583089771003287, 6.4615858110649755], [3.357404613139981, 6.461586446899068]], [[3.356953382321988, 6.462943662144258], [3.3565008823937976, 6.462491679799604], [3.3569530652339177, 6.462491362842064], [3.356953382321988, 6.462943662144258]], [[3.3592133409696894, 6.46158517362411], [3.358761477695562, 6.462037791773911], [3.358761159046397, 6.46158549254539], [3.3592133409696894, 6.46158517362411]]], [[[3.344743508270089, 6.461595179864433], [3.344291631430012, 6.4620477858652325], [3.344744426933942, 6.462952079576842], [3.3470053458189577, 6.462950542890979], [3.3470050375674676, 6.462498243103303], [3.3451963041099972, 6.462499473168758], [3.3451953843069813, 6.461142573497132], [3.344291019856285, 6.461143185989658], [3.344743508270089, 6.461595179864433]]], [[[3.352433114582021, 6.4652083113655205], [3.352433741015783, 6.466112910310171], [3.352885927272663, 6.466112596791514], [3.3528849864500776, 6.464755698428809], [3.351075934154833, 6.464304650268173], [3.3510765580883453, 6.465209249377301], [3.352433114582021, 6.4652083113655205]]], [[[3.3447511698209764, 6.472902675257182], [3.3456546326066086, 6.471545161784025], [3.345653710282132, 6.470188262659738], [3.345201520052627, 6.470188569941635], [3.3447505563935014, 6.471998075810737], [3.3433936752074915, 6.471546694495172], [3.3429423989433205, 6.472903899270868], [3.3438467844258093, 6.472903288068837], [3.3438464785057205, 6.472450988306465], [3.3447511698209764, 6.472902675257182]]], [[[3.339323950517993, 6.471549428029008], [3.339324856144736, 6.4729063279827495], [3.3402298474424565, 6.473810323062932], [3.3420389264367474, 6.474261408360121], [3.342942704080591, 6.4733561990682515], [3.3424895967647448, 6.471999604606392], [3.340229241974217, 6.472905723219217], [3.339776142236715, 6.471549125912312], [3.339323950517993, 6.471549428029008]], [[3.3415855166477524, 6.472452513186064], [3.342038013373739, 6.4729045088632775], [3.3415858205563604, 6.472904813055872], [3.3415855166477524, 6.472452513186064]]], [[[3.354249102649917, 6.475609938939197], [3.3528944037495636, 6.478324678797957], [3.355155389003135, 6.47832310217855], [3.355154440326647, 6.476966204800549], [3.3569638589416773, 6.477869534604989], [3.3583194912807173, 6.476511682102303], [3.359224201489607, 6.476963342117437], [3.359223881686246, 6.476511043176882], [3.360580467123411, 6.476510081769029], [3.3605801461352907, 6.476057782888116], [3.3623889247874468, 6.476056495464831], [3.362389247385655, 6.47650879425509], [3.3637455085350774, 6.476055525670065], [3.3637445372563257, 6.474698629455843], [3.3632923439042304, 6.474698953054991], [3.3632929905954048, 6.475603550584775], [3.362388602212247, 6.475604196666521], [3.3623876346246964, 6.474247300223275], [3.3628398276204874, 6.474246977451893], [3.362386022438936, 6.471985805990198], [3.361933831431741, 6.471986128245561], [3.36238473310446, 6.470176610458872], [3.360576296063505, 6.4706301956892], [3.3605775790544823, 6.472439391550953], [3.358768812912609, 6.4724406718110155], [3.3587691321084145, 6.472892970846536], [3.357864429704891, 6.472441309526801], [3.357864748096111, 6.472893608607253], [3.3565084891142973, 6.473346861369889], [3.355602522284692, 6.471085999149584], [3.3546987722110457, 6.471991229612388], [3.3546968793680687, 6.469277433974246], [3.3537918722243885, 6.468373465437104], [3.353340940802745, 6.470182977325535], [3.3542456355009165, 6.470634647178332], [3.354246265689227, 6.471539245752738], [3.353341569337416, 6.4710875760047575], [3.3533425123076697, 6.472444473963247], [3.3524378150167866, 6.4719928026663345], [3.3524384421218034, 6.4728974013696865], [3.3542472111403714, 6.472896143553996], [3.354247526335735, 6.473348442804986], [3.3556044204954825, 6.473799794327407], [3.354700981552484, 6.4751573241574025], [3.353796593109221, 6.475157954896964], [3.354249102649917, 6.475609938939197]], [[3.356057247153331, 6.474704075899247], [3.3560578809660897, 6.475608674150645], [3.356962905501871, 6.476512637470711], [3.35560631951905, 6.476513589215453], [3.3551528596501483, 6.4747047090094885], [3.356057247153331, 6.474704075899247]], [[3.355154124146249, 6.476513905658441], [3.3547019287508997, 6.476514221698797], [3.354701297262769, 6.475609623345918], [3.355153491853101, 6.4756093073500685], [3.355154124146249, 6.476513905658441]]], [[[3.351541883709641, 6.484205510040802], [3.3515425104108085, 6.485110108397466], [3.352899749170257, 6.486013764456913], [3.3533510081257725, 6.484656552328602], [3.351541883709641, 6.484205510040802]]], [[[3.348381126383115, 6.4909921831243], [3.3461182304980346, 6.488279936473494], [3.345213817844014, 6.488280553173282], [3.34611884792145, 6.4891845352098985], [3.3461194654327757, 6.490089133914033], [3.348381126383115, 6.4909921831243]]], [[[3.3547114118830565, 6.490083193124233], [3.3551645700058574, 6.491439773092875], [3.3542607848515225, 6.492345004071763], [3.3560693050591923, 6.491891437164197], [3.355615826829303, 6.490082559304831], [3.3547114118830565, 6.490083193124233]]], [[[3.351095630890991, 6.492799506738772], [3.351095944250946, 6.493251805789884], [3.3538095226491667, 6.493702216839313], [3.3542607848515225, 6.492345004071763], [3.3533560504025015, 6.491893336735279], [3.352452261078085, 6.492798564690989], [3.351095630890991, 6.492799506738772]]], [[[3.3497405614713074, 6.495061940658075], [3.350192148379799, 6.494157030013393], [3.348835514226183, 6.494157966203626], [3.348382680854069, 6.493253679118419], [3.346573838146662, 6.493254919930499], [3.346574147492755, 6.493707219192253], [3.3479307807672694, 6.493706289123397], [3.3479317125706523, 6.495063186664268], [3.3483836138021053, 6.494610576618024], [3.3497405614713074, 6.495061940658075]]], [[[3.367317186969293, 6.412278747529423], [3.3673168632543513, 6.411826447852791], [3.3659604506622762, 6.411827417517411], [3.3659594832428015, 6.4104705182328106], [3.3650552104555818, 6.410471162545539], [3.3650548888255316, 6.410018862722233], [3.3641506167423105, 6.41001950539529], [3.3641509375756984, 6.410471805264309], [3.363246344566656, 6.4100201464744995], [3.3632469846631574, 6.410924746295768], [3.3627948477440475, 6.410925066283195], [3.363248265132776, 6.412733945842619], [3.363700083072105, 6.412281325513564], [3.3659607731818815, 6.412279717262996], [3.3659610957247104, 6.4127320170006055], [3.367317186969293, 6.412278747529423]]], [[[3.373194319848159, 6.41136990513825], [3.3727425115170395, 6.41182253332268], [3.3722900462170213, 6.41137056229608], [3.3709336355931976, 6.411371545043739], [3.370933962472158, 6.411823844543225], [3.371838892464165, 6.412727788612012], [3.3722907023890607, 6.412275161147296], [3.3731953065323204, 6.41272680326291], [3.373194319848159, 6.41136990513825]]], [[[3.37048378452901, 6.414537968320774], [3.3686755504998906, 6.414991571685466], [3.368676200671386, 6.4158961707806546], [3.369580482650053, 6.4158955195367335], [3.3695801567552586, 6.415443220039409], [3.37003262360422, 6.415895193316531], [3.37229332802224, 6.4158935562330885], [3.3722929997354023, 6.4154412568752885], [3.373197280540081, 6.41544059929685], [3.3731976096242664, 6.415892898607916], [3.377266875657734, 6.415889919552674], [3.3768137383337655, 6.414533354761205], [3.375456327106464, 6.413177452283421], [3.3745523806862776, 6.413630412895405], [3.374553041080301, 6.414535011432759], [3.373196293429627, 6.414083701315781], [3.3731969514795797, 6.414988299977805], [3.37048411117413, 6.414990267787662], [3.37048378452901, 6.414537968320774]], [[3.3754573200531954, 6.4145343499603635], [3.3754579821368167, 6.415438948371766], [3.3750058418650086, 6.4154392793543815], [3.374553041080301, 6.414535011432759], [3.3754573200531954, 6.4145343499603635]], [[3.374553371312967, 6.414987310689468], [3.3741015612500265, 6.415439940123214], [3.3741012313922356, 6.414987640851018], [3.374553371312967, 6.414987310689468]]], [[[3.3849515647422463, 6.413622710761878], [3.384952582871358, 6.4149796069132865], [3.3863090008249954, 6.414978586520922], [3.38630934144615, 6.415430885149573], [3.3876654185579946, 6.414977562539644], [3.3876647349976405, 6.41407296540396], [3.3849515647422463, 6.413622710761878]]], [[[3.3835998865590855, 6.419955909785635], [3.3840513526423104, 6.419050973638144], [3.3831463905831973, 6.418147053268436], [3.3795289170763008, 6.417697446406216], [3.3786239650475713, 6.416793517387981], [3.3786249669406825, 6.41815041437703], [3.3822424432514766, 6.418600027471484], [3.382695936580867, 6.420408884922857], [3.3840530471225256, 6.4213124669459845], [3.383601579287957, 6.422217403133919], [3.3849580166066104, 6.42221638517413], [3.3845045134340963, 6.42040753042324], [3.3835998865590855, 6.419955909785635]]], [[[3.3935466972837705, 6.419496065831818], [3.392642757939319, 6.419949057952565], [3.3917377799639983, 6.419045153798987], [3.392191652911591, 6.4213062989823175], [3.3926437974427412, 6.42130595252561], [3.3926431044155416, 6.420401356151569], [3.3935477391061712, 6.420852960280963], [3.3935466972837705, 6.419496065831818]]], [[[3.3953594563697114, 6.424922249393911], [3.3944541163039252, 6.423566053009005], [3.395358409082391, 6.42356535545723], [3.395358758153073, 6.424017653444117], [3.3971669943379967, 6.423563955562025], [3.397166293078775, 6.4226593597630135], [3.3976184385314507, 6.422659008840778], [3.3971648908627996, 6.420850168069111], [3.397616683829292, 6.42039751932799], [3.3967123968891424, 6.42039822052423], [3.3967116967806787, 6.419493624563602], [3.3949027773691385, 6.419042723876761], [3.394903125790015, 6.419495021968308], [3.393998840144199, 6.419495718276364], [3.3944520271957574, 6.420852264622808], [3.3926437974427412, 6.42130595252561], [3.3926441439937185, 6.4217582507006465], [3.3940019698771278, 6.423566401185939], [3.3930983711230076, 6.42447169255481], [3.394907657542056, 6.425374896431443], [3.3944562063133135, 6.426279841107513], [3.3962651513719786, 6.426730741701189], [3.396264451357237, 6.4258261459146], [3.3958123030345373, 6.42582649581289], [3.3962637514430916, 6.424921550096033], [3.3953594563697114, 6.424922249393911]], [[3.394905216841572, 6.4222088103498525], [3.3949059140592546, 6.423113406413123], [3.3944537680566467, 6.423113754964616], [3.394000926407775, 6.42220950695465], [3.394905216841572, 6.4222088103498525]], [[3.394000926407775, 6.42220950695465], [3.393548433779318, 6.421757556540456], [3.394000578634668, 6.421757208861575], [3.394000926407775, 6.42220950695465]], [[3.396713097098312, 6.421302816452907], [3.396261302535771, 6.421755464479292], [3.396260952792462, 6.42130316650208], [3.396713097098312, 6.421302816452907]], [[3.3962602533812882, 6.420398570523693], [3.3958084591423154, 6.420851218142063], [3.3958081098482857, 6.420398920124049], [3.3962602533812882, 6.420398570523693]]], [[[3.3759204092410875, 6.42945988755258], [3.3768240484517484, 6.428554624355812], [3.376825047424767, 6.429911521005824], [3.377729353296984, 6.429910853937716], [3.377276533567824, 6.429006589960219], [3.3781808377939324, 6.429005922187419], [3.3781805036283283, 6.428553623367084], [3.377276200201229, 6.428554291092522], [3.377275866858579, 6.428101992216831], [3.3790841371023728, 6.427648356473454], [3.3790831324972475, 6.426291460058924], [3.377726349833607, 6.4258401641975365], [3.3777250155842906, 6.424030968549622], [3.3763672432402743, 6.42222277157095], [3.3754629508019582, 6.422223435439559], [3.375463282236925, 6.422675734513527], [3.374558658268329, 6.422224097711271], [3.3745593195656194, 6.423128695945259], [3.3722985838248736, 6.423130344872218], [3.372298255160005, 6.422678045642165], [3.3691329010778177, 6.422228037806677], [3.366870549005942, 6.41996816484585], [3.3659662595684727, 6.419968811717296], [3.365514759915452, 6.420873733796161], [3.3637058565116935, 6.42042272162824], [3.363254993649474, 6.422232241369223], [3.3628025265250274, 6.4217802621956945], [3.361898552918117, 6.422233201840684], [3.361445129940217, 6.420424321959406], [3.360992984556992, 6.420424640828296], [3.360993940341628, 6.421781540338196], [3.3600890114958246, 6.420877577258562], [3.3600899649548954, 6.422234476880117], [3.3587335237424236, 6.422235428967805], [3.358734157101341, 6.423140028810767], [3.3573786599056286, 6.424497877346642], [3.3578323892074438, 6.426759061041271], [3.358284540338941, 6.426758744651921], [3.358736374574718, 6.426306128009491], [3.3582829581982523, 6.424497245191785], [3.359186939241556, 6.424044311568429], [3.3591863049932127, 6.423139711802426], [3.360543066842205, 6.4235910582010085], [3.360543385175353, 6.424043358012336], [3.3618995113724868, 6.423590101118786], [3.362352299386182, 6.424494380726142], [3.361448320682073, 6.424947319819732], [3.361448959105716, 6.425851919295933], [3.361901428901363, 6.426303899459284], [3.3628054094870223, 6.425850959477306], [3.3628060503985253, 6.426755558785327], [3.3614495976211174, 6.426756518740168], [3.3619023879758747, 6.427660798521651], [3.3641628246571673, 6.4272068948085535], [3.364614009672936, 6.425849674126784], [3.366422609488599, 6.425848382385011], [3.3664235804751277, 6.4272052807864615], [3.3686843357116953, 6.427203656775922], [3.368231534168436, 6.426299383635022], [3.369135508513859, 6.425846432788769], [3.3695879847038355, 6.426298405771626], [3.369136486688926, 6.427203330775201], [3.370946729113172, 6.429463518797153], [3.3723022006978867, 6.428105635875403], [3.3718497205610536, 6.427653665554064], [3.3723002275036364, 6.425391840902635], [3.37410816339155, 6.424485923890677], [3.374561634854937, 6.4262947895125295], [3.373657995167968, 6.4272000487934635], [3.374562627478365, 6.427651686635762], [3.3745632893461783, 6.428556284677946], [3.3754675930599247, 6.428555621747954], [3.3750161039768947, 6.429460551375969], [3.3759204092410875, 6.42945988755258]], [[3.376367575473447, 6.422675070597787], [3.375915760725041, 6.4231277017977115], [3.3759154288671143, 6.4226754027552815], [3.376367575473447, 6.422675070597787]], [[3.3646104687428107, 6.420874378364645], [3.3646107905298495, 6.421326678019323], [3.3637068194786925, 6.421779620729254], [3.363706177477611, 6.420875021336562], [3.3646104687428107, 6.420874378364645]], [[3.3646107905298495, 6.421326678019323], [3.365063258736001, 6.4217786555356025], [3.3646111123400284, 6.421778977666017], [3.3646107905298495, 6.421326678019323]], [[3.361899191864729, 6.423137801367407], [3.362803487305131, 6.4231371613614625], [3.362803807611216, 6.423589461067409], [3.3618995113724868, 6.423590101118786], [3.361899191864729, 6.423137801367407]], [[3.3632565971757162, 6.424493739785164], [3.363256917950127, 6.424946039444384], [3.3623529393610023, 6.425398980127573], [3.362352299386182, 6.424494380726142], [3.3632565971757162, 6.424493739785164]], [[3.3723002275036364, 6.425391840902635], [3.371847749904662, 6.4249398703933815], [3.3722998987206276, 6.424939541712532], [3.3723002275036364, 6.425391840902635]], [[3.374561634854937, 6.4262947895125295], [3.375014115976681, 6.4267467573904], [3.3745619657056407, 6.426747088561601], [3.374561634854937, 6.4262947895125295]], [[3.374562627478365, 6.427651686635762], [3.3750144472505474, 6.427199056407981], [3.3750147785482145, 6.427651355417569], [3.374562627478365, 6.427651686635762]], [[3.3786316517547488, 6.427196392467121], [3.3777273507723073, 6.42719706084955], [3.377727017102101, 6.426744761973538], [3.3786313172857634, 6.4267440936385265], [3.3786316517547488, 6.427196392467121]], [[3.3713965850891787, 6.426297096361038], [3.370944107395864, 6.425845125068895], [3.371396257057581, 6.4258447971402965], [3.3713965850891787, 6.426297096361038]], [[3.370944107395864, 6.425845125068895], [3.3704916305011876, 6.425393153322798], [3.3709437797871415, 6.425392825816893], [3.370944107395864, 6.425845125068895]], [[3.3704916305011876, 6.425393153322798], [3.370039154405093, 6.424941181122834], [3.3704913033152843, 6.424940854039563], [3.3704916305011876, 6.425393153322798]], [[3.3759177523736112, 6.425841495884486], [3.375465934574493, 6.4262941268176395], [3.3754656029488954, 6.425841827807596], [3.3759177523736112, 6.425841495884486]], [[3.3772732009793742, 6.4244836009235025], [3.376821385575994, 6.4249362329373305], [3.3768210528241442, 6.424483933974052], [3.3772732009793742, 6.4244836009235025]], [[3.3695860264501034, 6.423584609769871], [3.3691342046084216, 6.424037235361641], [3.36913387869063, 6.423584935984884], [3.3695860264501034, 6.423584609769871]], [[3.360994258982327, 6.422233840158856], [3.3605424302445543, 6.422686458554391], [3.360542111980052, 6.4222341587191], [3.360994258982327, 6.422233840158856]]], [[[3.3858606053260254, 6.419954211792851], [3.3845038348684966, 6.419502933140297], [3.384957337047679, 6.421311788003323], [3.385409481973624, 6.421311447933245], [3.3849586962632663, 6.423120982312982], [3.385863329946681, 6.423572600089484], [3.3858640113467304, 6.424477197083745], [3.3854118636513375, 6.424477537722219], [3.3858650336304708, 6.4258340925152], [3.3840564379109748, 6.425835452962519], [3.3840540641031347, 6.422669362834842], [3.3836019179067653, 6.422669701779611], [3.383604288920093, 6.425835792075726], [3.383152139904865, 6.4258361307894845], [3.3831534937077317, 6.427645325164705], [3.382249867858857, 6.42855059882142], [3.3822505434053953, 6.429455196025042], [3.3840594917045923, 6.429906139693989], [3.384060849579957, 6.431715333588933], [3.3849651578756443, 6.431714653537429], [3.3849644772905676, 6.430810056702379], [3.385416630602455, 6.4308097161251965], [3.385416289946949, 6.4303574177198195], [3.3845119840979767, 6.4303580984261535], [3.3840588129131635, 6.429001542698523], [3.386319571480965, 6.428999840295579], [3.3867720649017996, 6.429451796972808], [3.3867713813649165, 6.428547200251294], [3.3854145870363404, 6.428095925572962], [3.3858660561346148, 6.427190987874713], [3.3849617559275753, 6.427191669042241], [3.384961075831151, 6.426287072047244], [3.386769331343398, 6.42583340989485], [3.3867710396332957, 6.428094901878542], [3.3876753412419114, 6.428094217417646], [3.3881271491039193, 6.427641576279934], [3.387673971365685, 6.426285024040884], [3.390839015036052, 6.426282616523959], [3.3912908184306465, 6.425829972826226], [3.391289436270251, 6.424020780070928], [3.3903844529100993, 6.423116873960608], [3.3894801603820435, 6.423117562678781], [3.389026983856871, 6.421761011373734], [3.3872187449820315, 6.422214680590046], [3.3858606053260254, 6.419954211792851]], [[3.3876749987359482, 6.427641919085449], [3.387222506261431, 6.427189963126921], [3.3876746562545894, 6.4271896207452555], [3.3876749987359482, 6.427641919085449]], [[3.3908372892698337, 6.42402112547724], [3.390385486949032, 6.4244737687340345], [3.3903851422446114, 6.424021470484216], [3.3908372892698337, 6.42402112547724]], [[3.3872190867936474, 6.422666979042446], [3.3858626486445873, 6.422668003063257], [3.3858623080302728, 6.422215704538161], [3.3872187449820315, 6.422214680590046], [3.3872190867936474, 6.422666979042446]], [[3.3876712327942236, 6.422666636903677], [3.3876715750295436, 6.423118935323798], [3.3872194286298383, 6.423119277486856], [3.3872190867936474, 6.422666979042446], [3.3876712327942236, 6.422666636903677]], [[3.3836059832314116, 6.4280972849045925], [3.38315417075507, 6.428549922304345], [3.383153832219242, 6.428097623738523], [3.3836059832314116, 6.4280972849045925]], [[3.384509945472836, 6.42764430753633], [3.384058134219235, 6.428096945671071], [3.3840577949088333, 6.4276446471453506], [3.384509945472836, 6.42764430753633]], [[3.388575867755115, 6.423118249799845], [3.3881240640637267, 6.4235708911492715], [3.388123721404645, 6.423118592761459], [3.388575867755115, 6.423118249799845]]], [[[3.3962669018489504, 6.428992231027732], [3.3962672520197943, 6.429444528869047], [3.39762370642316, 6.429443476180271], [3.398073747605735, 6.426729337914385], [3.3971694495392706, 6.426730040606793], [3.397171204010668, 6.4289915296846285], [3.3962669018489504, 6.428992231027732]]], [[[3.3641744208355706, 6.4434896741325804], [3.3646259406239, 6.44258475277139], [3.363269446135508, 6.442585719916068], [3.3632704112946685, 6.443942617909557], [3.3628179238754474, 6.443490640212484], [3.361913592453502, 6.443491282262957], [3.361913912994916, 6.443943581654302], [3.363270733060506, 6.4443949172246935], [3.3632710548494016, 6.444847216531818], [3.365531565100956, 6.444393302857481], [3.365078752026788, 6.443489028076519], [3.3641744208355706, 6.4434896741325804]]], [[[3.39989649283901, 6.4448198287591625], [3.4003479484950985, 6.443914879515713], [3.398087480390379, 6.44436894547066], [3.3980888910540914, 6.4461781353003245], [3.398993223418415, 6.44617742886121], [3.3989925164337182, 6.445272834062358], [3.399444681776753, 6.445272480291777], [3.399445389562601, 6.4461770750405725], [3.400350076507073, 6.446628663509362], [3.4003493670680993, 6.4457240688768875], [3.399897201375241, 6.445724423473883], [3.4003486577307744, 6.444819474212337], [3.39989649283901, 6.4448198287591625]]], [[[3.365082957314098, 6.449368917465018], [3.364630463300031, 6.448916941832192], [3.3632742740066077, 6.449370209162146], [3.3632749181147625, 6.450274807591985], [3.365535776199681, 6.450273191739799], [3.3655348040596236, 6.448916294425696], [3.3668916402507953, 6.449367619353057], [3.365986001271177, 6.44755907280361], [3.366890014354297, 6.447106124053646], [3.3673412065663046, 6.4457489014316], [3.3659847040851485, 6.445749876268041], [3.3659843798467195, 6.445297577114108], [3.365080692441972, 6.446202823347252], [3.364176033785171, 6.445751170440162], [3.3641766791268255, 6.446655768907086], [3.3659853526317, 6.446654474551861], [3.365534156082268, 6.448011696176195], [3.36508198651557, 6.448012020034087], [3.365082957314098, 6.449368917465018]], [[3.3659853526317, 6.446654474551861], [3.3664371962643944, 6.4462018508462195], [3.366437520949912, 6.446654149961162], [3.3659853526317, 6.446654474551861]]], [[[3.3714209248442506, 6.459767216478807], [3.3705162364646997, 6.459315576750703], [3.370065371555717, 6.461125100340093], [3.3714219143141406, 6.461124112313967], [3.3709694039728753, 6.460672143430714], [3.3714209248442506, 6.459767216478807]]], [[[3.373235612300855, 6.467907266012657], [3.3750450262799223, 6.468810531754872], [3.374591173670861, 6.466549373514388], [3.3723292529485573, 6.465194138273415], [3.371426534646244, 6.4674562919216045], [3.372782762683495, 6.4670030008795365], [3.3723315696492695, 6.46836022744128], [3.373235944133018, 6.468359564394337], [3.373235612300855, 6.467907266012657]], [[3.372782762683495, 6.4670030008795365], [3.373234616946537, 6.466550370819356], [3.3732349487076148, 6.467002669225168], [3.372782762683495, 6.4670030008795365]]], [[[3.3818305532915005, 6.472423866251907], [3.3813783628972867, 6.472424205831944], [3.381381078057809, 6.476042588609751], [3.3818332716711272, 6.476042248838311], [3.381831572502043, 6.473780759782199], [3.3822837640789642, 6.473780419727931], [3.3818305532915005, 6.472423866251907]]], [[[3.37504902970496, 6.474238110484893], [3.3750493634784866, 6.474690408660072], [3.372335875166431, 6.474240106278566], [3.3723365379082724, 6.475144702902025], [3.3732409244589885, 6.475144039153913], [3.3732415889052936, 6.4760486356516695], [3.3718853376800286, 6.47650192911705], [3.3718856687547807, 6.47695422741587], [3.3727903904763616, 6.477405862530162], [3.3732419211639924, 6.4765009338884685], [3.374146310034862, 6.476500268389617], [3.375953748939283, 6.4746897401285555], [3.3759534143609486, 6.474237442000462], [3.37504902970496, 6.474238110484893]], [[3.3745978375259513, 6.475595338695264], [3.3741453109149155, 6.475143373795639], [3.3745975041072622, 6.475143040512688], [3.3745978375259513, 6.475595338695264]]], [[[3.3804770294575506, 6.476495564803598], [3.3800244970726836, 6.4760436055084964], [3.3782153854258037, 6.475592657751416], [3.378668927209298, 6.477401512621544], [3.3795733171168507, 6.477400837364604], [3.379572979174695, 6.476948539474309], [3.380477706928006, 6.477400160496937], [3.3804770294575506, 6.476495564803598]]], [[[3.368271716481569, 6.48193214662594], [3.3673666627453547, 6.481028205318035], [3.3682704041755973, 6.480122952994332], [3.370078866116324, 6.4796693390255555], [3.370078536510785, 6.479217040682033], [3.3691741423837254, 6.4792176992117], [3.369173484853851, 6.478313102407787], [3.371433473810317, 6.476954558376779], [3.370980948572616, 6.476502590589638], [3.371432812489493, 6.476049961724482], [3.3714311596001227, 6.473788469952811], [3.3696227197768818, 6.474242087582795], [3.3696230487215533, 6.474694386038104], [3.368266469502368, 6.474695371326064], [3.3682671250474225, 6.475599968351316], [3.3678149311226626, 6.47560029602176], [3.3673640453249596, 6.477409817427986], [3.3682690922437444, 6.478313759233795], [3.3682700761575606, 6.479670654566284], [3.3669138102526595, 6.480123935489351], [3.366915117724768, 6.481933129397524], [3.368271716481569, 6.48193214662594]], [[3.3682684364181097, 6.477409162305187], [3.3691728274177333, 6.477408505571651], [3.3691731561240723, 6.477860803993747], [3.3682690922437444, 6.478313759233795], [3.3682684364181097, 6.477409162305187]], [[3.3700755711182917, 6.475146355227827], [3.3705290838506707, 6.476955219090633], [3.3691724987348337, 6.476956207141499], [3.368719318948801, 6.475599640278304], [3.3700755711182917, 6.475146355227827]]], [[[3.364654119331215, 6.481934759290806], [3.364654444243013, 6.482387057862369], [3.36329784372013, 6.48238803103118], [3.3632984911955606, 6.483292628287045], [3.3660110445575167, 6.482386081066588], [3.366010718437036, 6.4819337825637415], [3.364654119331215, 6.481934759290806]]], [[[3.368726873703859, 6.48600250322107], [3.3669177337872327, 6.485551516826939], [3.3669180608998786, 6.4860038152193304], [3.366013654357988, 6.486004468799124], [3.3660146334166248, 6.487361364065763], [3.3678237792577015, 6.487812353331286], [3.367822795290827, 6.4864554583649054], [3.368727860019752, 6.487359398073109], [3.368726873703859, 6.48600250322107]], [[3.3669190423776025, 6.487360710348111], [3.36737091923741, 6.486908084539147], [3.3673712468231587, 6.487360382884321], [3.3669190423776025, 6.487360710348111]]], [[[3.3642064648119496, 6.4882672636485985], [3.364204840995554, 6.4860057711200305], [3.3637526375970603, 6.4860060956922], [3.3633020539597616, 6.488267912617778], [3.3642064648119496, 6.4882672636485985]]], [[[3.361945437508538, 6.488268883046305], [3.3619444691979132, 6.486911987211902], [3.361040060534909, 6.486912632011436], [3.3614935543916697, 6.488721504333761], [3.3623986127427425, 6.489625455667167], [3.3637552327547753, 6.489624483823665], [3.361945437508538, 6.488268883046305]]], [[[3.365111852558931, 6.489623508349108], [3.3646602966146806, 6.490528430771587], [3.3655647113615634, 6.490527779153298], [3.365565363701989, 6.49143237589029], [3.366017571847535, 6.491432049430016], [3.3655660161352663, 6.492336972594994], [3.366018225087834, 6.492336646088851], [3.366019531847334, 6.494145839309642], [3.36647174239105, 6.494145512308027], [3.3646638767572297, 6.495503712929053], [3.364664202363669, 6.495956011258556], [3.3655686267968976, 6.4959553590908525], [3.365568300382947, 6.495503060807135], [3.366473051137271, 6.495954705307762], [3.366474687593649, 6.498216196375687], [3.36557025921486, 6.4982168503882685], [3.365119023508107, 6.49957407153879], [3.3655715655670853, 6.500026043280764], [3.368737075796266, 6.5000237465223565], [3.368736416917735, 6.499119150414556], [3.3696408465854817, 6.4991184906535455], [3.369641507080008, 6.500023086668755], [3.371450369365584, 6.500021762112338], [3.37144970563907, 6.499117166282992], [3.3719022525990168, 6.499569132075654], [3.373258564315255, 6.499115835447732], [3.374162325031797, 6.498210572024666], [3.3741616566473867, 6.497305976411167], [3.3759698367714663, 6.496400040797435], [3.3750647428029685, 6.495496116004957], [3.3750617298395538, 6.491425435476366], [3.3759661451186007, 6.4914247652026384], [3.376871569251231, 6.492780986614], [3.377775986760202, 6.492780312969839], [3.3773244515772567, 6.493685245438972], [3.378229545922668, 6.49458916621096], [3.37822819547872, 6.49277997554229], [3.379131936151655, 6.491874704188441], [3.3782265079641656, 6.490518487024779], [3.37913092129418, 6.49051781119617], [3.380034656463046, 6.489612538480201], [3.3795817735033666, 6.488708282002385], [3.380486183461935, 6.488707603943374], [3.38048516548063, 6.487350710995933], [3.379129230346532, 6.488256322714286], [3.3791285541359866, 6.487351727265047], [3.3795807579416457, 6.487351388911982], [3.3795800810210084, 6.48644679347804], [3.379127878021734, 6.486447131783534], [3.3782241464524776, 6.487352402761263], [3.378225158384819, 6.488709296065474], [3.3777729532972325, 6.488709633279723], [3.3777722794582137, 6.487805037704251], [3.3768675347471677, 6.487353412980795], [3.3768661906782356, 6.4855442215115096], [3.376413988341226, 6.485544557350283], [3.3764153307975002, 6.487353748914027], [3.3759631268239323, 6.487354084443956], [3.3764160021690426, 6.488258344647495], [3.3737031064329734, 6.488712650055376], [3.373250235333377, 6.487808387189365], [3.3741539770573445, 6.486903124534119], [3.3732489040709184, 6.485999194999857], [3.3727986957569387, 6.488713316012661], [3.371894284986218, 6.488713980356381], [3.371441417018235, 6.487809715690041], [3.3700851330861363, 6.488263006020854], [3.3700844730056305, 6.487358409632128], [3.369632268700465, 6.487358739515763], [3.370085793260638, 6.4891676023773055], [3.366468472154435, 6.4896225292435], [3.3664678183863517, 6.488717932533742], [3.3660156126844267, 6.4887182592598025], [3.3660165921613956, 6.490075154381224], [3.365111852558931, 6.489623508349108]], [[3.374613535033706, 6.496853344182654], [3.374160988358015, 6.496401380765348], [3.374613200497089, 6.496401046379179], [3.374613535033706, 6.496853344182654]], [[3.3782261705333045, 6.4900661892970595], [3.37822583312646, 6.489613891561267], [3.3791302448429, 6.489613215827628], [3.3791305830565035, 6.490065513515935], [3.3782261705333045, 6.4900661892970595]], [[3.3737031064329734, 6.488712650055376], [3.373251234029071, 6.489165281246786], [3.373250901106806, 6.4887129832357155], [3.3737031064329734, 6.488712650055376]], [[3.373251234029071, 6.489165281246786], [3.3727993608184934, 6.48961791207351], [3.37279902827588, 6.489165614047121], [3.373251234029071, 6.489165281246786]], [[3.3732515669750356, 6.489617579249787], [3.3737041064809237, 6.490069543994131], [3.373251899944701, 6.490069877244719], [3.3732515669750356, 6.489617579249787]], [[3.367372885101803, 6.48962187448918], [3.367825419669603, 6.490073844780562], [3.367373212827513, 6.490074172785945], [3.367372885101803, 6.48962187448918]], [[3.3709974909109826, 6.499117497981697], [3.3705456072028315, 6.499570127241594], [3.3705452761593366, 6.499117829276358], [3.3709974909109826, 6.499117497981697]], [[3.3705449451393714, 6.4986655313030415], [3.370092400175642, 6.498213564165821], [3.370544614142937, 6.498213233321642], [3.3705449451393714, 6.4986655313030415]], [[3.3696401861848466, 6.498213894606011], [3.3696395258781027, 6.497309298526155], [3.370091739061131, 6.497308968132345], [3.370092400175642, 6.498213564165821], [3.3696401861848466, 6.498213894606011]], [[3.369187642409368, 6.4977619265831645], [3.368735758132866, 6.498214554274431], [3.3687354287755538, 6.497762256192247], [3.369187642409368, 6.4977619265831645]], [[3.373257564055276, 6.497758941923259], [3.3728056836258835, 6.498211573040936], [3.3728053506334903, 6.497759275167974], [3.373257564055276, 6.497758941923259]], [[3.36737813151249, 6.496858646268665], [3.366926246288016, 6.4973112724064634], [3.3669259185928992, 6.496858974215867], [3.36737813151249, 6.496858646268665]], [[3.3709948401792653, 6.4954991141548915], [3.3705429595137133, 6.495951743293451], [3.3705426286584577, 6.495499445263577], [3.3709948401792653, 6.4954991141548915]], [[3.373256230707136, 6.495949750444176], [3.372803353176273, 6.495045487760546], [3.3741599861021525, 6.495044487236033], [3.374160654248968, 6.495949082930321], [3.373256230707136, 6.495949750444176]], [[3.369637875522008, 6.495047808185135], [3.369185993954973, 6.495500436166727], [3.3691856643344242, 6.4950481380592056], [3.369637875522008, 6.495047808185135]], [[3.3682805843329207, 6.494144200264231], [3.3678287022451157, 6.494596827073768], [3.3678283738824595, 6.494144528880779], [3.3682805843329207, 6.494144200264231]], [[3.3691843460866617, 6.493238945548361], [3.3687324656134168, 6.493691573089065], [3.3687321364902516, 6.49323927492611], [3.3691843460866617, 6.493238945548361]], [[3.3714457252613257, 6.493689590628216], [3.370993515378806, 6.493689922047618], [3.3709928531199242, 6.492785325945529], [3.3714450621952508, 6.492784994572677], [3.3714457252613257, 6.493689590628216]], [[3.3723498126035247, 6.4932366286012035], [3.3718979351202587, 6.4936892588051105], [3.3718976031718175, 6.493236960804682], [3.3723498126035247, 6.4932366286012035]], [[3.373706440756669, 6.493235629568717], [3.3732545645552516, 6.49368826091357], [3.3732542313959795, 6.493235962983221], [3.373706440756669, 6.493235629568717]], [[3.370992190955272, 6.491880729811143], [3.3705403133304883, 6.492333358828332], [3.3705399826634657, 6.4918810607338555], [3.370992190955272, 6.491880729811143]], [[3.3728010238866366, 6.4918794020843915], [3.3723491479703527, 6.492332032622785], [3.372348815689232, 6.491879734621466], [3.3728010238866366, 6.4918794020843915]], [[3.369635236172794, 6.491429423219551], [3.370087113891634, 6.490976794993371], [3.3700874441081323, 6.491429093127211], [3.369635236172794, 6.491429423219551]], [[3.370087113891634, 6.490976794993371], [3.370538990803569, 6.490524166401995], [3.370539321400006, 6.490976464520685], [3.370087113891634, 6.490976794993371]], [[3.3682779550441944, 6.49052581461427], [3.367826075997854, 6.490978441303783], [3.3678257478220504, 6.490526143046209], [3.3682779550441944, 6.49052581461427]], [[3.3746091879131255, 6.4909734721075045], [3.374156312993417, 6.490069210340066], [3.3750607259471015, 6.490068541821508], [3.3759644680495033, 6.4891632759729605], [3.375965138805524, 6.490067871689045], [3.3746091879131255, 6.4909734721075045]], [[3.3755122624389453, 6.4891636111938125], [3.375059722268987, 6.488711648094012], [3.3755119275000665, 6.488711313300108], [3.3755122624389453, 6.4891636111938125]], [[3.3759658096570355, 6.490972467372845], [3.3764176810161683, 6.490519833839949], [3.376418016857298, 6.4909721316542255], [3.3759658096570355, 6.490972467372845]], [[3.3764176810161683, 6.490519833839949], [3.3768695515684555, 6.490067199942677], [3.3768698877890917, 6.490519497741414], [3.3764176810161683, 6.490519833839949]], [[3.372799693384778, 6.4900702100918295], [3.372347818987731, 6.49052284056907], [3.3723474868011833, 6.490070542535463], [3.372799693384778, 6.4900702100918295]]], [[[3.363307565540226, 6.495956986481255], [3.3628547052597764, 6.495052713898253], [3.361498070582115, 6.495053684138535], [3.3614993617486135, 6.496862878077804], [3.362403788120223, 6.496862231473188], [3.3619506053252484, 6.49550565960315], [3.363307565540226, 6.495956986481255]]]]}}, {"type": "Feature", "properties": {"regime": 3, "area_km2": 14.88}, "geometry": {"type": "MultiPolygon", "coordinates": [[[[3.3198567048810843, 6.434925640406254], [3.3203091483266958, 6.435377658725904], [3.3203097150133822, 6.43628226172372], [3.3212140376175734, 6.43628169402046], [3.3212129011260605, 6.434472488153704], [3.3198567048810843, 6.434925640406254]]], [[[3.316692143631992, 6.435832214877527], [3.316239423090524, 6.434927891535248], [3.3148832206009065, 6.4353810308579655], [3.3153362182166344, 6.436737657189536], [3.316692143631992, 6.435832214877527]]], [[[3.3121713603110106, 6.437191902711932], [3.3121721890105653, 6.438548808171246], [3.313528957446725, 6.439000279073121], [3.313527847673079, 6.437191072045404], [3.3130754082452922, 6.436739047537843], [3.3121713603110106, 6.437191902711932]]], [[[3.317598713953793, 6.439450066310895], [3.318050033764004, 6.438092880279692], [3.317145707675804, 6.438093442540635], [3.3166929841533905, 6.437189119817472], [3.3157889389586814, 6.43764198126804], [3.3157900568146252, 6.439451187869208], [3.316694385424412, 6.43945062789068], [3.3166941051300047, 6.438998326292045], [3.317598713953793, 6.439450066310895]], [[3.316241381507085, 6.438094003200665], [3.316693824855699, 6.438546024685406], [3.3162416613611687, 6.438546304835146], [3.316241381507085, 6.438094003200665]]], [[[3.3090075897014484, 6.439455336668142], [3.3090070427383065, 6.438550732796007], [3.311268412567632, 6.439453963743025], [3.3108156978693386, 6.4385496354119764], [3.309911370343164, 6.43855018490451], [3.309910821858048, 6.437645581077966], [3.3103632594635863, 6.438097608468547], [3.31126758615009, 6.4380970582144705], [3.3112673107170902, 6.437644756355614], [3.310814872770615, 6.437192729776908], [3.30719784360963, 6.437647219717234], [3.307198931055282, 6.439456427802567], [3.3076508234553037, 6.439003853629378], [3.3090075897014484, 6.439455336668142]], [[3.309006495853619, 6.437646128891863], [3.3094589326982846, 6.438098157121703], [3.309006769286156, 6.438098430847936], [3.309006495853619, 6.437646128891863]]], [[[3.320311982573356, 6.439900673394912], [3.3207641470864706, 6.4399003895825775], [3.3207632953984687, 6.43854348532619], [3.319858685697925, 6.438091750955066], [3.319858119648747, 6.437187147981127], [3.318953795322582, 6.437187713363797], [3.3180520043698922, 6.441258990996257], [3.3185041701851667, 6.441258709125766], [3.3189554889121378, 6.4399015224298735], [3.3194076534861607, 6.43990123981856], [3.318956335980224, 6.44125842685485], [3.319860667509574, 6.441257861111737], [3.320311982573356, 6.439900673394912]], [[3.3194076534861607, 6.43990123981856], [3.31985953492396, 6.439448655355953], [3.3198598180399093, 6.439900956806907], [3.3194076534861607, 6.43990123981856]]], [[[3.302677283078963, 6.4394591276165505], [3.3035816128288404, 6.4394585908562805], [3.3035821502650964, 6.4403631951572615], [3.304938377218184, 6.439910084810774], [3.3049378374193012, 6.439005480608233], [3.302677015190099, 6.439006825416044], [3.302677283078963, 6.4394591276165505]]], [[[3.315791454585549, 6.441712695940569], [3.3162439009164655, 6.442164717622841], [3.3171479534740453, 6.441711855074699], [3.3166955068030566, 6.441259834205169], [3.317146830413882, 6.439902648871707], [3.3162425010438574, 6.439903209690571], [3.3162427809782327, 6.440355511293037], [3.314886285572015, 6.440356349578123], [3.3144335637496853, 6.439452024834652], [3.3130773476179796, 6.439905159945828], [3.313077624750708, 6.440357461686383], [3.314886564325672, 6.440808651231936], [3.3139827891203963, 6.44171381148869], [3.3148876795401714, 6.44261785776712], [3.3148890740080126, 6.444879365755914], [3.3157934123067188, 6.444878806904165], [3.315792293488638, 6.443069600687307], [3.316244461006022, 6.443069320739702], [3.315791454585549, 6.441712695940569]]], [[[3.318504734197781, 6.442163312075683], [3.3175998385344303, 6.441259272466321], [3.317600682181581, 6.442616176998824], [3.316245021175873, 6.443973923824525], [3.316697750525244, 6.444878246449802], [3.317149919604367, 6.444877965621639], [3.3171490768563006, 6.443521061149576], [3.3180534125511656, 6.44352049841076], [3.3180525675818373, 6.442163593986082], [3.318504734197781, 6.442163312075683]]], [[[3.316697750525244, 6.444878246449802], [3.315793692061352, 6.445331108438354], [3.3157942516307535, 6.446235711482695], [3.317603214211661, 6.446686890163827], [3.317602370020194, 6.445329985847591], [3.3166980310809784, 6.4453305479443355], [3.316697750525244, 6.444878246449802]]], [[[3.304489717385156, 6.445790281395384], [3.304038085729939, 6.446695155082031], [3.3053956819667714, 6.448503552573278], [3.3049421579782137, 6.446242313331853], [3.305846499547244, 6.44624177199404], [3.3058462285659203, 6.445789470047172], [3.304489717385156, 6.445790281395384]]], [[[3.310821478532064, 6.448047972839929], [3.3108217540187423, 6.448500274534096], [3.312630444073816, 6.44849916902615], [3.3126309983127276, 6.4494037722340884], [3.31353562277539, 6.449855518549004], [3.3139875180505314, 6.449402938776021], [3.3135347889823974, 6.448498613866891], [3.3144391338113692, 6.448498057104106], [3.314438297793158, 6.447141152467967], [3.3135336775370403, 6.446689407511863], [3.3135331219337747, 6.445784804286272], [3.312628781833358, 6.445785359209991], [3.312629335834132, 6.446689962514097], [3.311273098959161, 6.447143093710394], [3.311725822797671, 6.44804742092675], [3.310821478532064, 6.448047972839929]], [[3.312629335834132, 6.446689962514097], [3.3130817841263425, 6.447141986833786], [3.312629612864286, 6.44714226415413], [3.312629335834132, 6.446689962514097]]], [[[3.32076982968939, 6.448946416116581], [3.319865484622556, 6.448946984144178], [3.319866051727504, 6.449851586701623], [3.318509531570106, 6.449852435856276], [3.3189628362224424, 6.451661358384573], [3.3194150112118863, 6.451661075252977], [3.3194144447463767, 6.450756472719595], [3.320770967187314, 6.450755621038744], [3.3216747449863044, 6.449850448881912], [3.32076982968939, 6.448946416116581]], [[3.32077068278229, 6.45030331982023], [3.3203182250727323, 6.449851302848144], [3.320770398397628, 6.449851018593697], [3.32077068278229, 6.45030331982023]]], [[[3.3090144333605562, 6.450762882367128], [3.3090133375512694, 6.448953675391805], [3.308561164508688, 6.448953949182418], [3.308563079574631, 6.452120061440571], [3.3090152554234877, 6.452119787514441], [3.3090147073619174, 6.451215184090921], [3.3099190573968813, 6.451214635112942], [3.309918507810132, 6.450310031734953], [3.3090144333605562, 6.450762882367128]]], [[[3.309920706629291, 6.45392844505445], [3.310372333398433, 6.453023566604349], [3.3085633532338288, 6.452572363159663], [3.3094690783147245, 6.454833323148964], [3.310373159365482, 6.454380471456618], [3.309920706629291, 6.45392844505445]]], [[[3.31083278966557, 6.466592335722589], [3.3121893553974777, 6.466591504849365], [3.3121890779158214, 6.46613920353482], [3.3117366127002366, 6.4656871795328765], [3.310380325174709, 6.466140310483687], [3.3103811528559826, 6.46749721463741], [3.311737998197969, 6.4679486861632105], [3.31083278966557, 6.466592335722589]]], [[[3.3072158263609763, 6.467499136727988], [3.3072160994802333, 6.467951438232009], [3.306311447186435, 6.46749968227807], [3.306764454993679, 6.468856314249758], [3.3076682894402496, 6.467951164834584], [3.308572669301655, 6.46795061683343], [3.3085723949764354, 6.467498315387318], [3.3072158263609763, 6.467499136727988]]], [[[3.3076699309779136, 6.470664973574238], [3.3072171921523057, 6.469760644167709], [3.3063128089573133, 6.469761189910122], [3.3058617054886867, 6.4715706682156835], [3.306766364832549, 6.472022424574967], [3.3072182851364516, 6.47156984997476], [3.3067655462133203, 6.470665520198126], [3.3076699309779136, 6.470664973574238]]], [[[3.314453653338261, 6.472017725989202], [3.315358039844691, 6.472017165569652], [3.315358881570457, 6.4733740687624515], [3.3158110760005584, 6.473373787889785], [3.316262144931333, 6.471564302499931], [3.314453373607539, 6.471565424869359], [3.314453653338261, 6.472017725989202]]], [[[3.3094806275522015, 6.473829984787858], [3.311289961843474, 6.474733482157424], [3.310837212764667, 6.473829156599375], [3.3121937977995177, 6.4738283247886725], [3.312193242221774, 6.472923722408857], [3.310836659600997, 6.472924554102374], [3.310836383048764, 6.472472252841805], [3.311740770677793, 6.472471698820907], [3.3108355535104734, 6.471115349011835], [3.3094798014572815, 6.472473080855272], [3.3094803521675793, 6.473377683485039], [3.3090281574597813, 6.473377958723539], [3.3090276075541185, 6.4724733560549925], [3.308575688172054, 6.472925932209985], [3.307218831745554, 6.4724744528300295], [3.3072193784326767, 6.4733790556531225], [3.3085767865308418, 6.474735137560161], [3.309481178380392, 6.474734587369352], [3.3094806275522015, 6.473829984787858]], [[3.310384189204633, 6.4724725292486776], [3.3103847415241994, 6.473377131800717], [3.309932546855728, 6.473377407844099], [3.3099319953407957, 6.472472805253167], [3.310384189204633, 6.4724725292486776]], [[3.308124042162895, 6.473830809354114], [3.308575962732364, 6.473378233559596], [3.308576237312265, 6.473830534901165], [3.308124042162895, 6.473830809354114]]], [[[3.3198822483632737, 6.475632746090736], [3.319881678943334, 6.474728144448992], [3.319429767784932, 6.475180729848675], [3.318072896998674, 6.474729280252824], [3.318073463198941, 6.47563388205456], [3.317169070495492, 6.475634447620987], [3.3167180019258735, 6.477443933546009], [3.318978707688658, 6.476990217400225], [3.318978991684845, 6.477442518224929], [3.3203358705217174, 6.477893964956476], [3.3203353000934763, 6.476989363435368], [3.319883102645504, 6.476989648492986], [3.3203344446036542, 6.475632461093328], [3.3198822483632737, 6.475632746090736]]], [[[3.305413861533786, 6.478807763328123], [3.3058663336267413, 6.479259792439757], [3.305414949634405, 6.480616968798678], [3.306771553491646, 6.480616150613275], [3.307223481073067, 6.480163575800281], [3.306770460558044, 6.478806945373016], [3.305413861533786, 6.478807763328123]]], [[[3.3054182157978977, 6.486044584437044], [3.3054179435109483, 6.485592283178167], [3.3063226280603106, 6.486044038922747], [3.305869603926822, 6.48468740813819], [3.3072259447639913, 6.484234287018933], [3.3072248495951775, 6.482425082113425], [3.308129255253193, 6.4824245336818995], [3.3081289807039447, 6.48197223247396], [3.30903338547789, 6.481971682469096], [3.309033936207632, 6.4828762847995245], [3.308582008015956, 6.483328861214662], [3.3076773265998307, 6.482877109318351], [3.307678149214679, 6.484234012927566], [3.309487242678, 6.484685213640455], [3.30903476244941, 6.484233188234741], [3.309486690985212, 6.483780611413265], [3.3094853120971286, 6.481519105704286], [3.3085809081681528, 6.481519656476357], [3.308580358361809, 6.480615054058875], [3.306772373396366, 6.481973054458908], [3.3063209897927295, 6.483330231478721], [3.30541658236709, 6.483330776762888], [3.30496383510927, 6.4824264461395895], [3.3045119034992148, 6.4828790190893235], [3.3027028201392765, 6.4824278000905355], [3.3027033596256743, 6.483332402941817], [3.3031552933083543, 6.48287983151704], [3.304512174863881, 6.483331320434794], [3.3045129890738894, 6.484688224422862], [3.3036085790752105, 6.484688766596888], [3.3036088497110585, 6.485141067948256], [3.3054182157978977, 6.486044584437044]], [[3.3045129890738894, 6.484688224422862], [3.3049654658893255, 6.485140254025254], [3.3045132605158956, 6.485140525736101], [3.3045129890738894, 6.484688224422862]]], [[[3.306774287189119, 6.4851391631500785], [3.306775107678193, 6.486496066753987], [3.3076795206301477, 6.486495518781754], [3.307678697722258, 6.48513861529342], [3.308583108177251, 6.485138065824048], [3.308582833107537, 6.484685764683788], [3.306774287189119, 6.4851391631500785]]], [[[3.304514618015957, 6.487402032181395], [3.3045140749579263, 6.486497429627459], [3.30315745509351, 6.486498242512374], [3.303610744701778, 6.488307177182137], [3.304514889573976, 6.48785433344627], [3.304515432748021, 6.488758935951834], [3.306324267028101, 6.488757846076598], [3.3063239938181765, 6.488305544904444], [3.3049673693471178, 6.4883063628584905], [3.305419032775104, 6.487401488165314], [3.304514618015957, 6.487402032181395]]], [[[3.303611557129832, 6.489664081018582], [3.304515432748021, 6.488758935951834], [3.3031588068348334, 6.488759749122499], [3.303157725403276, 6.486950543850521], [3.3027055183400726, 6.486950814024626], [3.302706598158567, 6.488760019372576], [3.301802180748398, 6.488760558662509], [3.3013505096190134, 6.489665430441584], [3.30225519831867, 6.4901171932024395], [3.3022546590624167, 6.489212590555042], [3.303611286301202, 6.489211779747832], [3.303611557129832, 6.489664081018582]]], [[[3.3352292484153945, 6.433558884941166], [3.3343249318998693, 6.43355947719957], [3.334325523214325, 6.434464078989122], [3.3329690458828978, 6.4344649645026655], [3.3325177690619574, 6.435822161749018], [3.3347788667656686, 6.43627298641715], [3.3347791629396073, 6.43672528724695], [3.336587806998015, 6.436724098941362], [3.336587211471488, 6.435819497442121], [3.3361350512888346, 6.4358197950765526], [3.336586020674797, 6.434010294347626], [3.336133862091747, 6.434010591897708], [3.3361332676212108, 6.433105990260288], [3.335228951990395, 6.433106584076368], [3.3352292484153945, 6.433558884941166]], [[3.3361350512888346, 6.4358197950765526], [3.3356831880374815, 6.436272393106669], [3.3356828910848453, 6.435820092310902], [3.3361350512888346, 6.4358197950765526]]], [[[3.3216647763260885, 6.434019902315977], [3.321665914335666, 6.435829108134122], [3.32257080674474, 6.436733140850863], [3.3230218253824932, 6.434923649666838], [3.3221175053413154, 6.434924220449675], [3.322116935577609, 6.434019617564963], [3.3216647763260885, 6.434019902315977]]], [[[3.3307105904156296, 6.438084840530957], [3.3316149152684784, 6.438084254256395], [3.331614621831408, 6.437631953304383], [3.3302581357209, 6.437632832053644], [3.331161873804678, 6.436727644651413], [3.3302575513101784, 6.4367282300011235], [3.3302572591362605, 6.436275928962859], [3.3289010674112847, 6.436729105024635], [3.3289013584060703, 6.437181406116882], [3.3298056818263193, 6.43718082312672], [3.3298071411145647, 6.439442328261428], [3.3307111757523877, 6.438989442494018], [3.3307105904156296, 6.438084840530957]]], [[[3.3275469022641544, 6.440348385454615], [3.326642283893766, 6.439896663591208], [3.3266428621940105, 6.440801265861131], [3.3275471922251665, 6.440800686544561], [3.3275474822069686, 6.441252987626498], [3.3284512314116244, 6.440347804577585], [3.3298080169387165, 6.440799231246197], [3.3298071411145647, 6.439442328261428], [3.32890281369314, 6.439442911458074], [3.329354685914963, 6.438990319028312], [3.3289013584060703, 6.437181406116882], [3.327997034902318, 6.437181987506366], [3.327997615354218, 6.438086589749221], [3.327093579623834, 6.438539470770658], [3.3275460325058606, 6.438991482136744], [3.3275469022641544, 6.440348385454615]], [[3.3284512314116244, 6.440347804577585], [3.3279987765078447, 6.439895794138883], [3.3284509406709373, 6.43989550352076], [3.3284512314116244, 6.440347804577585]], [[3.327997615354218, 6.438086589749221], [3.328450068573964, 6.438538600302253], [3.327997905611396, 6.438538890858643], [3.327997615354218, 6.438086589749221]]], [[[3.332068253222748, 6.43989316416357], [3.3316155022057625, 6.438988856136411], [3.3307111757523877, 6.438989442494018], [3.3316163827695537, 6.440345758896396], [3.332972875893508, 6.440344876170375], [3.333424449960613, 6.439439979462424], [3.332068253222748, 6.43989316416357]]], [[[3.3221223516347695, 6.442613343677401], [3.321670184780987, 6.442613628811844], [3.321668760788781, 6.440352122119393], [3.321216595916181, 6.440352406752561], [3.3203136840972465, 6.442614481812106], [3.3198615171619643, 6.442614765344504], [3.3203139677557223, 6.4430667831869455], [3.3198623669970817, 6.443971669505197], [3.321670754520794, 6.44351823143277], [3.3221223516347695, 6.442613343677401]]], [[[3.3239307320039857, 6.442159897913235], [3.3239304451833847, 6.441707596683939], [3.3230261132206538, 6.441708169675279], [3.323931305706872, 6.443064500347803], [3.3252875190371376, 6.4426113365220035], [3.3252869429731993, 6.441706734193525], [3.3239307320039857, 6.442159897913235]]], [[[3.3298097691522446, 6.443513036999529], [3.329809184997331, 6.442608435113786], [3.3284523945828517, 6.442157008724815], [3.328451812955542, 6.441252406667215], [3.3266437297998777, 6.442158169205964], [3.327096765020477, 6.4435147828976795], [3.328453267180179, 6.443513911751152], [3.3284526854277794, 6.442609309741603], [3.3298097691522446, 6.443513036999529]]], [[[3.322122922175417, 6.443517946257966], [3.321218871345819, 6.4439708175256065], [3.321219724968357, 6.445327721433345], [3.322576518521637, 6.445779166892776], [3.322122922175417, 6.443517946257966]]], [[[3.319411613635372, 6.446233459571674], [3.320316805458747, 6.447589796494751], [3.3216733193606287, 6.447588942830388], [3.321673034296751, 6.447136641596038], [3.3207686925172535, 6.447137211066158], [3.3207678398519462, 6.445780307194193], [3.319411613635372, 6.446233459571674]]], [[[3.329822055750184, 6.462509669191787], [3.328465795028964, 6.462962847199269], [3.3289188562995338, 6.4643194569873375], [3.330275120108979, 6.463866277633316], [3.329822055750184, 6.462509669191787]], [[3.3289185640520285, 6.463867156376215], [3.3293704567969153, 6.463414563265238], [3.3293707494252645, 6.463866863863758], [3.3289185640520285, 6.463867156376215]]], [[[3.323949131293863, 6.47110715990706], [3.3225928420225896, 6.471560323513848], [3.3230458967008807, 6.47291693847939], [3.323950284046353, 6.472916362689255], [3.323497802567213, 6.472464350081749], [3.323949131293863, 6.47110715990706]]], [[[3.3221417959035926, 6.473369813416333], [3.3221415092733673, 6.472917512659883], [3.321237121764044, 6.472918085230735], [3.3212382651886814, 6.474727288369615], [3.3234989539571385, 6.474273552848586], [3.3234986660788493, 6.473821252168946], [3.3221417959035926, 6.473369813416333]]], [[[3.327570164850926, 6.476532447303347], [3.3275684155403864, 6.473818644448375], [3.3280206098213982, 6.473818352689315], [3.3275678326032523, 6.472914043432336], [3.3280197342399083, 6.4724614512148415], [3.3271150570567527, 6.472009733658611], [3.3271156391061285, 6.472914334747884], [3.3257599280988743, 6.474272108037831], [3.325308891469653, 6.476081600117622], [3.327570164850926, 6.476532447303347]], [[3.3262121228652886, 6.474271817868196], [3.3266646083267233, 6.474723827824987], [3.3262124131786055, 6.4747241184175826], [3.3262121228652886, 6.474271817868196]], [[3.327116803454101, 6.474723536829869], [3.3271176769331516, 6.476080438306852], [3.3266654805983586, 6.4760807293634555], [3.3266646083267233, 6.474723827824987], [3.327116803454101, 6.474723536829869]]], [[[3.3248581412012004, 6.478343392375397], [3.323953744278318, 6.478343970263308], [3.3239540327646746, 6.478796270842152], [3.3257631182563614, 6.479247413863174], [3.3253106293260934, 6.478795403345096], [3.325761377860214, 6.476533610806473], [3.324404787399909, 6.476534479206134], [3.3248558276101, 6.474724987780234], [3.3234992418559672, 6.4747258535201775], [3.3234998177152417, 6.475630454839217], [3.3239520137921126, 6.4756301666211655], [3.3235012577228664, 6.477891957995947], [3.3244053650337895, 6.477439080379533], [3.3248581412012004, 6.478343392375397]]], [[[3.3225965742445767, 6.477440232771098], [3.323500393656673, 6.476535056126061], [3.3234998177152417, 6.475630454839217], [3.321239408939647, 6.476536491379728], [3.321240266967027, 6.477893393552793], [3.3225968614819488, 6.477892533426851], [3.322597436018139, 6.478797134714203], [3.3230496349541716, 6.478796847159632], [3.3235012577228664, 6.477891957995947], [3.3225965742445767, 6.477440232771098]], [[3.3221440896816947, 6.4769882191782395], [3.3216921787269627, 6.477440806550719], [3.3216918923152488, 6.47698850584652], [3.3221440896816947, 6.4769882191782395]]], [[[3.327570164850926, 6.476532447303347], [3.3271182593563635, 6.476985039251262], [3.327571039786965, 6.477889348622159], [3.329831735416764, 6.477435584546306], [3.329831441758486, 6.476983284209747], [3.328474850651274, 6.476984163542493], [3.32847455822161, 6.476531863135969], [3.327570164850926, 6.476532447303347]]], [[[3.335711794706262, 6.4796932321620355], [3.3348070981793776, 6.479241529440909], [3.3348076945866465, 6.480146129567064], [3.3357120937260394, 6.480145532179044], [3.335260491464888, 6.481050431126407], [3.3361648921728793, 6.481049832848473], [3.336163694440052, 6.479240632880793], [3.335711794706262, 6.4796932321620355]]], [[[3.324407676393199, 6.481057484751033], [3.3239540327646746, 6.478796270842152], [3.3212411251779725, 6.479250295653392], [3.3216938976261727, 6.480154610606825], [3.323502986409826, 6.4806057615183095], [3.32350327459621, 6.481058062077182], [3.3225988727170592, 6.481058637791647], [3.323505004145861, 6.483771865261216], [3.3248616140629745, 6.483770998301755], [3.3248607455690724, 6.482414096928926], [3.3244085434928383, 6.48241438625744], [3.3248598772608116, 6.4810571954835785], [3.324407676393199, 6.481057484751033]]], [[[3.327573082032326, 6.481055451417539], [3.327120589879986, 6.48060344270681], [3.3280249905404014, 6.480602858975023], [3.3280244061737854, 6.479698258241608], [3.32712029849184, 6.480151142303055], [3.3266675166247555, 6.479246832671451], [3.3257631182563614, 6.479247413863174], [3.326215607992061, 6.479699423929542], [3.3262170610084807, 6.481960926112855], [3.325313237504953, 6.482866107642691], [3.327121755640272, 6.482412644241275], [3.327574541402971, 6.48331695317257], [3.3289311495518654, 6.483316075391426], [3.3284783614339783, 6.482411767792628], [3.3275739575923162, 6.48241235249473], [3.327573082032326, 6.481055451417539]]], [[[3.322601747651128, 6.485581643342297], [3.3226011725004465, 6.484677042296637], [3.3230533766738484, 6.48467675447894], [3.323053952630709, 6.485581355484117], [3.3244105674462627, 6.485580489490356], [3.3244096999140624, 6.484223588153177], [3.3226008849558317, 6.484224741761717], [3.3226003099280517, 6.4833201406677], [3.3221481069432213, 6.483320428021615], [3.3221486811649936, 6.484225029156055], [3.320792069669865, 6.484225888920354], [3.3203387238832587, 6.4824169720788385], [3.3189824012188085, 6.482870127493258], [3.3189826854782853, 6.483322428213258], [3.3185301984741065, 6.482870411602685], [3.3176260759746476, 6.483323279392307], [3.317625509893632, 6.482418677824509], [3.3185299146378164, 6.482418110854644], [3.3185290632502946, 6.481061208562175], [3.3180768620969263, 6.481061492188739], [3.318077428862661, 6.481966093765022], [3.3167208228643297, 6.48196694234659], [3.316721669538004, 6.483323844829691], [3.31807912964457, 6.484679898300498], [3.3203398657973793, 6.484226174702215], [3.3198879470308866, 6.484678760736727], [3.320341008036939, 6.486035377196646], [3.3194365970062543, 6.4860359477114615], [3.3194368818106703, 6.48648824835503], [3.3216979112505696, 6.4864868189432485], [3.3216973376305425, 6.485582217849039], [3.320792927528252, 6.485582790742971], [3.3207923556022916, 6.484678189535953], [3.3221489683065615, 6.484677329711188], [3.3221495426510628, 6.485581930797269], [3.322601747651128, 6.485581643342297]]], [[[3.3366185921556553, 6.4833110327779915], [3.335713888292331, 6.482859332111921], [3.335715384350426, 6.485120831834371], [3.3370716957327726, 6.484667632169785], [3.3366185921556553, 6.4833110327779915]]], [[[3.3271258384183664, 6.488744848596405], [3.3271261302011568, 6.489197148847015], [3.3280305461784048, 6.489196564334767], [3.3280314240717486, 6.490553464914965], [3.3289358423860214, 6.490552878665427], [3.328482168171079, 6.488291671087533], [3.3271258384183664, 6.488744848596405]]], [[[3.3266762539637718, 6.492815842376417], [3.3257721221655445, 6.493268725034744], [3.3262249162453448, 6.494173034420377], [3.325772703745531, 6.494173325489332], [3.3253213625390385, 6.49553051683712], [3.3266785870737774, 6.496434243738343], [3.3266791705587204, 6.497338843998088], [3.3275836011073503, 6.497338259554318], [3.3275830160070647, 6.496433659376616], [3.326678295362422, 6.495981943596357], [3.3271302173412853, 6.4955293515083685], [3.327129633214855, 6.494624751225024], [3.3266774203528224, 6.49462504312196], [3.3271287571810046, 6.493267850739463], [3.3266762539637718, 6.492815842376417]], [[3.3266774203528224, 6.49462504312196], [3.3262254987154614, 6.495077634801798], [3.3262252074700456, 6.494625334615124], [3.3266774203528224, 6.49462504312196]]], [[[3.3203467241165314, 6.4950813877333236], [3.3194425821585396, 6.495534259532637], [3.3194437232017595, 6.497343461380795], [3.320347582230256, 6.496438289035431], [3.3217042264636296, 6.496437428850147], [3.3203467241165314, 6.4950813877333236]], [[3.320347582230256, 6.496438289035431], [3.319895081790618, 6.495986274510058], [3.3203472961720055, 6.49598598860947], [3.320347582230256, 6.496438289035431]]], [[[3.320349871428591, 6.500056692152413], [3.3212537333629877, 6.499151518127286], [3.322158167637424, 6.499150943216727], [3.322157592065542, 6.498246342614772], [3.320348440527061, 6.4977951902648705], [3.319896510266038, 6.498247776659478], [3.320349871428591, 6.500056692152413]], [[3.321253159406912, 6.498246917444649], [3.320801229610883, 6.498699504619077], [3.3208009430469825, 6.498247204253591], [3.321253159406912, 6.498246917444649]], [[3.320801229610883, 6.498699504619077], [3.3203492990069505, 6.499152091421626], [3.3203490128266444, 6.498699791044119], [3.320801229610883, 6.498699504619077]]], [[[3.3401984776484728, 6.42677108860602], [3.3383883751566295, 6.424510783579775], [3.337484670976567, 6.425415982404392], [3.3388414229510994, 6.4258673869945815], [3.338842021531223, 6.426771988633925], [3.3401984776484728, 6.42677108860602]]], [[[3.359195510519093, 6.436256405280027], [3.3605510320357186, 6.434898551086209], [3.3596467155908827, 6.43489918827321], [3.3596463975083033, 6.43444688860862], [3.3605507131533763, 6.4344462514667695], [3.360549756643654, 6.433089352560448], [3.3600976000320175, 6.433089671263601], [3.360549119084926, 6.432184753249565], [3.3596448074378076, 6.432185390165661], [3.359644489492188, 6.43173309045307], [3.361000955729427, 6.431732134546919], [3.360096008305372, 6.430828172813455], [3.359644171569394, 6.431280790732483], [3.3564790856826905, 6.431283007029238], [3.3564794008077166, 6.43173530690696], [3.354670464677615, 6.431284264689035], [3.3546707782039147, 6.431736564655924], [3.3528621552399436, 6.431737816007705], [3.3528624671899108, 6.432190116055308], [3.3524099994428895, 6.43173812784609], [3.348793060616216, 6.432192908405034], [3.3487924439332235, 6.4312883079059375], [3.346531359414196, 6.430837544627994], [3.3460785923511227, 6.429933250016954], [3.3438175156305, 6.429482474266885], [3.3438172118056997, 6.429030173734544], [3.3406521344601727, 6.429032291330218], [3.340652435488186, 6.429484592012747], [3.3392956724157807, 6.429033192876371], [3.338844117239076, 6.4299380941199], [3.337035795470701, 6.430391589993579], [3.33748854742555, 6.4312958934193984], [3.3397490274972514, 6.430842095613411], [3.3406542421102996, 6.432198395940021], [3.3411063988792855, 6.432198094475729], [3.341105795786033, 6.431293493241363], [3.3420101076602315, 6.431292889198868], [3.34201071235228, 6.432197490347583], [3.3424628690562312, 6.432197187683727], [3.342462263564785, 6.431292586577924], [3.3438187311479153, 6.431291676316301], [3.344271495654388, 6.432195973029756], [3.3460804278791927, 6.432647052346357], [3.34653319760421, 6.433551346731167], [3.3474375129514056, 6.433550732875995], [3.3492470699702737, 6.434906400917407], [3.3501513874512887, 6.4349057821314295], [3.350151077766245, 6.434453481999603], [3.351960022146397, 6.434904539759199], [3.3519603334533143, 6.4353568397949905], [3.353316810439921, 6.435355903749253], [3.3533161854490414, 6.434451303802315], [3.3537686564840805, 6.434903290986602], [3.3564816073164145, 6.434901405827033], [3.355577919497489, 6.435806635522368], [3.356934397143987, 6.435805689808411], [3.356934712895239, 6.436257989583763], [3.357838715461758, 6.435805057332047], [3.358292142527665, 6.437613939278101], [3.359196463909163, 6.437613304221343], [3.359195510519093, 6.436256405280027]], [[3.3569334500261583, 6.434448790434334], [3.357385924079823, 6.434900774240335], [3.3569337657094462, 6.434901090233694], [3.3569334500261583, 6.434448790434334]], [[3.356480031125645, 6.432639906638406], [3.3573837119739802, 6.431734675633535], [3.3582880230495125, 6.4317340427608185], [3.3582889733572063, 6.433090942077132], [3.359192651579994, 6.432185708023933], [3.358742399054739, 6.434899823860124], [3.357838082427517, 6.434900457846952], [3.3578374494841245, 6.43399585832985], [3.3564806615340754, 6.433544506337859], [3.356480031125645, 6.432639906638406]], [[3.356028819156307, 6.433997121324234], [3.356481292033009, 6.434449106005309], [3.3560291340172332, 6.434449421176291], [3.356028819156307, 6.433997121324234]], [[3.348341520191213, 6.433097817177661], [3.348793985806738, 6.433549809093695], [3.348341828210393, 6.433550117421067], [3.348341520191213, 6.433097817177661]], [[3.339296272096093, 6.429937794361315], [3.3397487272036313, 6.4303897949122115], [3.3392965719685503, 6.430390095091795], [3.339296272096093, 6.429937794361315]]], [[[3.3379410022838885, 6.43174789556662], [3.3379413010433434, 6.432200196328802], [3.3365848302199175, 6.432201091125143], [3.337489740907355, 6.433105096536823], [3.337490636243623, 6.434461998790915], [3.336586616030416, 6.4349148959108735], [3.336587211471488, 6.435819497442121], [3.3379430940505053, 6.434914000733944], [3.337942197450403, 6.433557098567369], [3.3383943555479996, 6.433556799438609], [3.338394954059638, 6.4344614008485905], [3.3397508297118073, 6.433555899652686], [3.3379410022838885, 6.43174789556662]], [[3.3383943555479996, 6.433556799438609], [3.338846214000716, 6.433104199214147], [3.3388465136241186, 6.433556499909908], [3.3383943555479996, 6.433556799438609]], [[3.3383940563243972, 6.433104498721618], [3.3379415998242474, 6.432652497082989], [3.338393757122273, 6.432652197996631], [3.3383940563243972, 6.433104498721618]]], [[[3.3411076053255897, 6.434007296848492], [3.3420122244622794, 6.4344589930794065], [3.342463474634621, 6.433101788757542], [3.339750228887367, 6.432651298338251], [3.3402029877233197, 6.433555598924164], [3.3388474126233656, 6.434913401949195], [3.339751731110198, 6.434912801564345], [3.3397514306225036, 6.434460500935124], [3.3411082086786426, 6.434911897986877], [3.3411076053255897, 6.434007296848492]]], [[[3.3659759578013637, 6.433537796300009], [3.366880271201508, 6.43353714805027], [3.366879946790694, 6.433084848726055], [3.365523477855002, 6.433085820431887], [3.3646198099619915, 6.433991065105967], [3.3655241243010665, 6.433990419210063], [3.3659769287744137, 6.434894694362472], [3.3673337273422455, 6.435346020450276], [3.3673330775578263, 6.434441421903891], [3.3659762814358185, 6.433990095662166], [3.3659759578013637, 6.433537796300009]]], [[[3.356030393686911, 6.43625862050451], [3.3551267027585707, 6.437163849530088], [3.3537699082450607, 6.436712490727799], [3.3537705342602764, 6.437617090550377], [3.357840298444828, 6.438066555904716], [3.356030393686911, 6.43625862050451]]], [[[3.337500796862213, 6.449840219301786], [3.3375001984932386, 6.448935618351647], [3.3370483255154575, 6.449388217899662], [3.3352393395258186, 6.4489371095815455], [3.3352402310989113, 6.450294011311052], [3.337500796862213, 6.449840219301786]]], [[[3.350615656828954, 6.4525451701763705], [3.349711618329723, 6.4529980913079665], [3.350164414292883, 6.453902380436039], [3.3492606828690548, 6.454807600717859], [3.351069076770063, 6.454354057946875], [3.350615656828954, 6.4525451701763705]]], [[[3.3677995694226506, 6.454342256337654], [3.3682514177772735, 6.4538896308652385], [3.3668945683317304, 6.453438310386662], [3.366895219272573, 6.454342908305864], [3.3655390181747777, 6.45479618226533], [3.3659915184587086, 6.45524815664811], [3.3655399912197894, 6.456153079266486], [3.367348372148728, 6.455699479271931], [3.3677995694226506, 6.454342256337654]]], [[[3.346999800662536, 6.454809145483898], [3.347452593726429, 6.455713437130058], [3.348809125457537, 6.455712510139478], [3.348808197012413, 6.454355610628634], [3.346999800662536, 6.454809145483898]]], [[[3.3655403156145356, 6.456605378250814], [3.364635961219978, 6.456606026435528], [3.3650894346345623, 6.458414898492492], [3.366445970937947, 6.458413924134031], [3.3664453203805853, 6.457509326313367], [3.3655403156145356, 6.456605378250814]]], [[[3.3583070680926377, 6.458872015390275], [3.3587598846774886, 6.459776295550966], [3.360116425560542, 6.459775337852465], [3.3596632873428818, 6.458418759791843], [3.3583070680926377, 6.458872015390275]]], [[[3.3438385322456097, 6.4606911916620104], [3.3438388375981383, 6.461143491633418], [3.3429341684669596, 6.460691801701468], [3.3424825948624637, 6.461596706182601], [3.3433869602909407, 6.461596096860426], [3.3442919372496602, 6.462500085790968], [3.344743508270089, 6.461595179864433], [3.3438385322456097, 6.4606911916620104]]], [[[3.3619267534899437, 6.462035550731239], [3.3623779701376444, 6.460678331808277], [3.3614729662378453, 6.459774376539742], [3.3605686058092097, 6.459775017816471], [3.3614736081947862, 6.460678974782089], [3.3614739292076776, 6.4611312738912146], [3.360569566369938, 6.461131915303747], [3.3610220684345316, 6.461583893922052], [3.36057116776229, 6.463393410955183], [3.3619267534899437, 6.462035550731239]]], [[[3.3560477508124245, 6.461135098266498], [3.356047118446359, 6.460230499500395], [3.355143072037526, 6.460683430615435], [3.3551437028425513, 6.461588029454645], [3.3537868421842574, 6.461136674685398], [3.35333591575564, 6.462946186733671], [3.3555962007851794, 6.462040013132193], [3.355595569131882, 6.461135414353611], [3.3560477508124245, 6.461135098266498]]], [[[3.3687098110391354, 6.462482980931719], [3.368709156046877, 6.46157838348611], [3.366448574097908, 6.462032315095386], [3.366449225120531, 6.462936912755376], [3.3687098110391354, 6.462482980931719]]], [[[3.3406753768857724, 6.463859420453977], [3.3402231920438994, 6.46385972301245], [3.3402225875260583, 6.46295512281491], [3.339318219384377, 6.462955726641132], [3.3397719129138412, 6.4652169254690754], [3.340676285029867, 6.465216320625983], [3.3402237966481367, 6.464764323177849], [3.3406753768857724, 6.463859420453977]]], [[[3.3637390372693186, 6.467009549540321], [3.364642437925693, 6.465652005350808], [3.3623815113787456, 6.465653621067447], [3.3623818334477886, 6.466105920042777], [3.3637383906507883, 6.466104951750354], [3.363738713948507, 6.466557250649355], [3.362834341699105, 6.466557896625169], [3.3628356319052113, 6.468367092322982], [3.363739683980218, 6.467914147298119], [3.3637390372693186, 6.467009549540321]]], [[[3.350627489531066, 6.469732556527255], [3.3510796790932167, 6.469732244440535], [3.3506278013520197, 6.4701848560113415], [3.3506284250607097, 6.471089454955381], [3.351080615829313, 6.471089142802673], [3.3515318686330784, 6.46973193195161], [3.3533406265690586, 6.469730677973855], [3.3537918722243885, 6.468373465437104], [3.352435934238752, 6.469279006363171], [3.351078118312172, 6.467470747009434], [3.350627489531066, 6.469732556527255]], [[3.3519837451456485, 6.469279319634424], [3.3510793668924297, 6.469279944970401], [3.351079054713932, 6.468827645492223], [3.351983432163021, 6.468827020200328], [3.3519837451456485, 6.469279319634424]]], [[[3.359671276506408, 6.469726238373881], [3.3596706368481506, 6.468821640272234], [3.3587662601661594, 6.468822279237168], [3.359219726317988, 6.470631156217035], [3.360575975372991, 6.470177896703644], [3.3605750134388033, 6.4688209996987105], [3.359671276506408, 6.469726238373881]]], [[[3.357415418977345, 6.476964618447623], [3.3578682518991005, 6.4778688979608905], [3.360129233894529, 6.477867299303145], [3.359676076854813, 6.476510723110227], [3.357415418977345, 6.476964618447623]]], [[[3.349730580869302, 6.480588365944603], [3.3488252501726232, 6.479232090169658], [3.347016457544932, 6.479233329891491], [3.347017075700249, 6.480137928863432], [3.3483733623236698, 6.47968470012892], [3.348373982939666, 6.480589298953952], [3.3474702033024335, 6.481494517825809], [3.348826803781828, 6.481493587102813], [3.3488261822717025, 6.480588988353722], [3.349730580869302, 6.480588365944603]]], [[[3.339783099588973, 6.481952023216492], [3.3397827968580898, 6.481499723422291], [3.338426195069614, 6.481500629968619], [3.3384258935688322, 6.481048330102578], [3.3375217937698096, 6.4815012323181085], [3.3379745966906964, 6.4824055310951545], [3.339783099588973, 6.481952023216492]]], [[[3.351089055481743, 6.483301224801601], [3.350184340119269, 6.482849550619307], [3.3492805600749103, 6.4837547726782025], [3.3492811827011684, 6.48465937127069], [3.350637478843327, 6.484206136025212], [3.351089055481743, 6.483301224801601]]], [[[3.3461173045277413, 6.486923038308391], [3.3470214052552136, 6.486470120764463], [3.3470220241156103, 6.487374719478476], [3.347927055542117, 6.488278698233486], [3.347925814507359, 6.48646950101201], [3.346116687324098, 6.486018439491333], [3.3461173045277413, 6.486923038308391]]], [[[3.3578813357507102, 6.496413149686952], [3.358331949071556, 6.494151336565807], [3.3565227868563383, 6.493700314312223], [3.356523105104601, 6.494152613080986], [3.3574275271334715, 6.494151975630867], [3.356975634804944, 6.494604593296117], [3.357428165312658, 6.495056573054643], [3.3574288035826307, 6.495961170446116], [3.3569765909646723, 6.495961489462628], [3.3574300803949395, 6.497770365132139], [3.3587860820837725, 6.496864808197935], [3.3587857616806, 6.496412509589749], [3.3578813357507102, 6.496413149686952]]], [[[3.389937473092593, 6.429901692033913], [3.389484976623199, 6.429449738357063], [3.3899385070476193, 6.431258586520921], [3.389034200091652, 6.431259275319555], [3.3881305792665066, 6.432164558998823], [3.3899391964747143, 6.432163182805593], [3.3912946214205237, 6.430805252243691], [3.391291855311695, 6.427186867308766], [3.3908397055161745, 6.427187212886691], [3.3908417775518673, 6.429901001782973], [3.389937473092593, 6.429901692033913]], [[3.3908424684288776, 6.430805598017748], [3.390389970361133, 6.430353645254168], [3.3908421229779693, 6.430353299904359], [3.3908424684288776, 6.430805598017748]]], [[[3.385425496231988, 6.442569471855558], [3.38768597113116, 6.442115461746822], [3.3876856278624063, 6.441663163662771], [3.3885899533659702, 6.441662476143549], [3.390397567213291, 6.440304202438612], [3.3922062127244157, 6.440302816482241], [3.39265767891949, 6.439397873290188], [3.3958221012036036, 6.438490834608365], [3.3958203500860193, 6.436229345997961], [3.395368192546393, 6.4362296960672065], [3.3949146377391517, 6.434420854505608], [3.3935585177671226, 6.434874198709716], [3.3935578216452793, 6.43396960291403], [3.391296697045202, 6.4335190406089], [3.391297043069572, 6.43397133864176], [3.39039273146524, 6.433972030133151], [3.3903934219890455, 6.434876626272869], [3.38994092047556, 6.434424673377231], [3.388132638546495, 6.434878348246125], [3.3876811676078695, 6.435783287841106], [3.386324694773249, 6.435784315170411], [3.385421061350089, 6.436689594666941], [3.383612427165493, 6.436690955830612], [3.3836127665633953, 6.43714325422037], [3.3831602685584015, 6.436691295121206], [3.3790908400036384, 6.436694330730729], [3.379543670448106, 6.437598592243409], [3.3781871915009347, 6.4375995982538115], [3.378187860816273, 6.4385041955664], [3.379091846268924, 6.4380512265932195], [3.379996838859316, 6.438955151777911], [3.379545685884872, 6.440312383657535], [3.380450009864378, 6.440311710697123], [3.380449336354932, 6.43940711368641], [3.3813536586370176, 6.43940643922009], [3.381806495652453, 6.440310698253831], [3.382710819390046, 6.440310021289853], [3.382711835839503, 6.441666916387009], [3.384520147384289, 6.441213259104675], [3.3845204878262933, 6.441665557366182], [3.3836161618815974, 6.4416662376774765], [3.384069345137497, 6.443022792530769], [3.3854258375479986, 6.443021770044755], [3.385425496231988, 6.442569471855558]], [[3.3926573313966037, 6.438945575427132], [3.3926569838986396, 6.438493277556067], [3.3935613032536738, 6.438492581572211], [3.393561651551902, 6.438944879393985], [3.3926573313966037, 6.438945575427132]], [[3.3818061576849927, 6.43985839982416], [3.3822579808222817, 6.439405763152572], [3.3822583191657, 6.4398580615663], [3.3818061576849927, 6.43985839982416]], [[3.3845198069666917, 6.440760960835156], [3.3854241312125923, 6.440760279018638], [3.385424472430745, 6.441212577239887], [3.384520147384289, 6.441213259104675], [3.3845198069666917, 6.440760960835156]], [[3.3867809598168757, 6.441211551439613], [3.386329139422573, 6.441664191938303], [3.3863287973793446, 6.441211893773449], [3.3867809598168757, 6.441211551439613]], [[3.3881371033622387, 6.4407582239598735], [3.38768528461826, 6.441210865570705], [3.387684941398721, 6.440758567470627], [3.3881371033622387, 6.4407582239598735]], [[3.3867802750034572, 6.4403069551343375], [3.386328455360637, 6.440759595600585], [3.386328113366451, 6.4403072974197055], [3.3867802750034572, 6.4403069551343375]], [[3.3890410828196615, 6.44030523770217], [3.3885892653011203, 6.4407578800487375], [3.388588921305693, 6.440305581989314], [3.3890410828196615, 6.44030523770217]], [[3.383162302910494, 6.439405085483855], [3.3827104806221437, 6.439857722908114], [3.3827101418785337, 6.4394054245183625], [3.383162302910494, 6.439405085483855]], [[3.3836148034621285, 6.439857044390755], [3.3840666249014255, 6.43940440621394], [3.384066964845612, 6.439856704531585], [3.3836148034621285, 6.439857044390755]], [[3.384518785860339, 6.439404065978533], [3.3836137849031926, 6.438500149341601], [3.3845177649736438, 6.43804717104982], [3.384518785860339, 6.439404065978533]], [[3.392205171281556, 6.4389459228433035], [3.3917533578641788, 6.439398567771436], [3.3917530111416148, 6.438946269859206], [3.392205171281556, 6.4389459228433035]], [[3.3813529836235667, 6.438501842272856], [3.382257304208234, 6.438501166301082], [3.382257642503126, 6.438953464730832], [3.380448999636431, 6.438954815169039], [3.3809001491784643, 6.437597582631325], [3.381352308706936, 6.43759724529359], [3.3813529836235667, 6.438501842272856]], [[3.382257304208234, 6.438501166301082], [3.382709125793452, 6.438048529301054], [3.3827094644641873, 6.438500827714831], [3.382257304208234, 6.438501166301082]], [[3.3858745855741, 6.438498446404282], [3.3854227665846217, 6.438951086053532], [3.385422425488789, 6.43849878779223], [3.3858745855741, 6.438498446404282]], [[3.3872307230111773, 6.438045121666552], [3.3867789056712185, 6.438497762427658], [3.3867785633995333, 6.4380454642309655], [3.3872307230111773, 6.438045121666552]], [[3.394917083176752, 6.4375869390753415], [3.394464575363535, 6.437134990622223], [3.394916733753327, 6.437134641303686], [3.394917083176752, 6.4375869390753415]], [[3.393108100044052, 6.437136036176904], [3.3926548994342305, 6.435779490161503], [3.3940113712287543, 6.435778446029216], [3.3935599103105605, 6.436683390205023], [3.394464226365192, 6.436682692817817], [3.394464575363535, 6.437134990622223], [3.393108100044052, 6.437136036176904]]], [[[3.3813553465942436, 6.441667931447995], [3.3813546713387357, 6.440763334580867], [3.380902509009118, 6.4407636720858585], [3.3813566973957307, 6.443477125086099], [3.3822610267865216, 6.443476448587723], [3.3822603497357355, 6.442571851880444], [3.3818081858532727, 6.442572190282007], [3.382259672782004, 6.441667255141112], [3.3813553465942436, 6.441667931447995]]], [[[3.3831646774278417, 6.442571173875822], [3.383616501547338, 6.442118535979127], [3.382260011246738, 6.442119553514783], [3.382712513593935, 6.442571513078382], [3.3822613653483105, 6.4439287469293385], [3.3836175206906574, 6.443475430835999], [3.3831646774278417, 6.442571173875822]]], [[[3.3804537158929544, 6.445286993683168], [3.3818092002645823, 6.443929085402757], [3.3813566973957307, 6.443477125086099], [3.380000539687604, 6.443930435290589], [3.379095202050567, 6.4425742122809275], [3.378190873923524, 6.4425748830765786], [3.3786437086433234, 6.443479144967909], [3.3777393788666075, 6.4434798150574], [3.3772882164845974, 6.444837045287825], [3.378191878724699, 6.4439317787690875], [3.379548374482986, 6.44393077176109], [3.378644714789972, 6.444836040541156], [3.3786453856745773, 6.445740637549909], [3.3804537158929544, 6.445286993683168]], [[3.3795487106661626, 6.444383070237972], [3.3800012128790358, 6.444835032188724], [3.37954904687343, 6.4448353687068405], [3.3795487106661626, 6.444383070237972]]], [[[3.3745768785930035, 6.447100537488103], [3.375029379210029, 6.447552503916843], [3.376837719714745, 6.447098872337489], [3.37638455104031, 6.445742310361163], [3.3759323840416675, 6.44574264372132], [3.376384217588822, 6.445290011742455], [3.3763825506897462, 6.44302851852869], [3.3759303860940735, 6.443028851747352], [3.3754792191396006, 6.444386080659202], [3.3745748874263475, 6.444386745234958], [3.3745755510534607, 6.4452913426847385], [3.3741230529352015, 6.444839375674284], [3.3732190509021875, 6.445292336684417], [3.373219712220917, 6.446196934242778], [3.3741240472811627, 6.446196271883289], [3.3736725419776685, 6.447101200742867], [3.3741250418408555, 6.447553168020141], [3.3745768785930035, 6.447100537488103]], [[3.3759323840416675, 6.44574264372132], [3.375480549693352, 6.446195275338605], [3.375480217019163, 6.445742976680779], [3.3759323840416675, 6.44574264372132]], [[3.375480217019163, 6.445742976680779], [3.375027717723037, 6.4452910105501715], [3.3754798843688087, 6.445290678014937], [3.375480217019163, 6.445742976680779]], [[3.3741240472811627, 6.446196271883289], [3.3745758829026817, 6.445743641397606], [3.374576214775679, 6.446195940102454], [3.3741240472811627, 6.446196271883289]]], [[[3.36960335357469, 6.447556464487908], [3.369604008718716, 6.448461062338652], [3.3705090050044646, 6.449365003884662], [3.371413345958266, 6.449364346008302], [3.3718645275666703, 6.448007120077345], [3.36960335357469, 6.447556464487908]]], [[[3.3949258269091143, 6.448894380762459], [3.3949254768590067, 6.448442083191187], [3.3935689715852853, 6.448443131800046], [3.3935693204331026, 6.44889542944547], [3.3944736581088075, 6.448894730724353], [3.3944747072070807, 6.45025162346427], [3.395379047187549, 6.4502509229910325], [3.3949261769842907, 6.449346678325709], [3.3958305153112525, 6.449345977149668], [3.3958301644344933, 6.448893679635994], [3.3949258269091143, 6.448894380762459]]], [[[3.3867884992459443, 6.451162108681409], [3.3858834724295366, 6.450258197964996], [3.3840761525537744, 6.452068756078221], [3.3854326690059042, 6.452067732144927], [3.385884156719637, 6.45116279401437], [3.3867884992459443, 6.451162108681409]]], [[[3.3709624910608533, 6.451173870409449], [3.371413675215699, 6.449816644812689], [3.3700574906256695, 6.450269929961662], [3.3705103189687016, 6.451174199240137], [3.369606630233281, 6.452079453420799], [3.370963477983893, 6.452530766772086], [3.3705119619531847, 6.453435693253958], [3.371868484173941, 6.4534347052097045], [3.3718674947034493, 6.452077809034927], [3.3709624910608533, 6.451173870409449]], [[3.3709628200116515, 6.451626169205018], [3.3705109760919356, 6.4520787968697375], [3.370510647518559, 6.451626498058949], [3.3709628200116515, 6.451626169205018]]], [[[3.395831919069554, 6.451155167124131], [3.3944761063553432, 6.452060813671818], [3.394476806079719, 6.4529654087274375], [3.395380800194832, 6.452512410482808], [3.396285847067003, 6.453416302998762], [3.395831919069554, 6.451155167124131]]], [[[3.3895018716239744, 6.45161234087588], [3.3899557724257687, 6.453873484025657], [3.3917637711040616, 6.452967501410959], [3.3917627287729366, 6.451610608371861], [3.3895018716239744, 6.45161234087588]], [[3.390858732604666, 6.4520636003134495], [3.390406907014607, 6.452516244591998], [3.39040656077388, 6.452063946838743], [3.390858732604666, 6.4520636003134495]]], [[[3.3989978212883, 6.452057294271651], [3.3989981751478897, 6.452509591554746], [3.398093831561019, 6.452510298693468], [3.3976423651186174, 6.453415246353092], [3.399451055500582, 6.4534138318757535], [3.3999025186334495, 6.45250888281155], [3.3989978212883, 6.452057294271651]]], [[[3.3885978732031976, 6.452065328929006], [3.386789185237833, 6.4520667046018], [3.387694216963871, 6.452970613358765], [3.3876952486896528, 6.454327506985329], [3.389051425432102, 6.453874175266144], [3.3885978732031976, 6.452065328929006]]], [[[3.3696085973546137, 6.454793246395415], [3.369157077076098, 6.455698171848556], [3.3678005484156213, 6.455699153018072], [3.3678008747933084, 6.456151451895488], [3.3691574046574697, 6.4561504706566675], [3.3696108933970605, 6.457959337833877], [3.370063071553354, 6.457959009457468], [3.37006175778312, 6.456149814490699], [3.3723223097956683, 6.455695868406722], [3.3727731628760074, 6.453886343169823], [3.371868484173941, 6.4534347052097045], [3.3718691439389654, 6.454339302619428], [3.371416639593548, 6.453887333691145], [3.370060444388755, 6.454340619395463], [3.370059787832521, 6.453436021799681], [3.369607613688366, 6.453436349944224], [3.3696082694424017, 6.4543409475863776], [3.3691560944725865, 6.454341275376054], [3.3696085973546137, 6.454793246395415]], [[3.370512619311616, 6.45434029080331], [3.3709651233265956, 6.454792260549313], [3.370512948026112, 6.454792589565946], [3.370512619311616, 6.45434029080331]]], [[[3.3741349991935774, 6.461122125416821], [3.3736818229469394, 6.459765562085699], [3.3723242924900103, 6.458409660158721], [3.37141993558657, 6.458410320571344], [3.3714205950681118, 6.45931491785102], [3.3723249535772095, 6.459314257345138], [3.3723266067088407, 6.461575750170588], [3.3718747557541566, 6.462028379305261], [3.3727791190343592, 6.462027717716165], [3.3727777947810056, 6.460218523597443], [3.373229974779393, 6.460218192293858], [3.373230637661797, 6.46112278932252], [3.3741349991935774, 6.461122125416821]]], [[[3.3813692106709374, 6.46021216015488], [3.3804651893653097, 6.46066513495854], [3.380466878995476, 6.462926625539622], [3.3809190609966744, 6.462926287265552], [3.3813692106709374, 6.46021216015488]]], [[[3.368715054347898, 6.469719759338927], [3.367811331207731, 6.470625011730554], [3.367810349903138, 6.469268115845763], [3.370071291133504, 6.469266475087044], [3.3705231498420143, 6.468813847223297], [3.370521502858897, 6.466552354575224], [3.37142521407976, 6.4656470979087866], [3.3709720401949452, 6.464290532221356], [3.3696161458114235, 6.465196116786595], [3.369616802785583, 6.46610071401101], [3.367808387924433, 6.466554323858981], [3.3678090418239313, 6.4674589212200795], [3.3682612285087496, 6.46745859396498], [3.3682615558954994, 6.467910892610392], [3.367357181698562, 6.4679115467646495], [3.36781002284831, 6.468815817201407], [3.3660015964983505, 6.4692694212136095], [3.3664547625699988, 6.47062599156686], [3.369621075405529, 6.471980595185489], [3.369620417821255, 6.471075998170225], [3.3691682279900608, 6.471076326816782], [3.3696194316208437, 6.469719102586976], [3.368715054347898, 6.469719759338927]], [[3.369165929998919, 6.467910236847779], [3.3687140707710466, 6.468362863544397], [3.3687137429589136, 6.46791056493013], [3.369165929998919, 6.467910236847779]]], [[[3.381830213603137, 6.471971568392374], [3.3822837640789642, 6.473780419727931], [3.384544379423772, 6.473326415728552], [3.3845436951466996, 6.472421820321934], [3.381830213603137, 6.471971568392374]]], [[[3.380476690758558, 6.476043266944844], [3.3804763520837224, 6.475590969078037], [3.3795719654928233, 6.475591645755093], [3.380929901797362, 6.477399821459083], [3.3818342914634894, 6.4773991421753285], [3.3813807385779953, 6.47559029079071], [3.380476690758558, 6.476043266944844]]], [[[3.3782187531303087, 6.480115637246173], [3.3782190900328346, 6.480567935151333], [3.377314694343449, 6.48056860832377], [3.3768631679229837, 6.481473540233832], [3.379123823358313, 6.481019558216992], [3.3782187531303087, 6.480115637246173]]], [[[3.391339444416381, 6.489151638430131], [3.3913380483450575, 6.487342450172491], [3.3904336419808776, 6.487343147447117], [3.3899828299935995, 6.489152684031038], [3.391339444416381, 6.489151638430131]]], [[[3.3945066369659034, 6.491410668853329], [3.393150367833248, 6.491864020201842], [3.393151069544464, 6.492768613988608], [3.39405513361595, 6.492315614442095], [3.394055485291136, 6.492767911282083], [3.395412814570391, 6.493671447702235], [3.3954114029768574, 6.491862260655426], [3.3945069889945363, 6.4918629656847475], [3.3945066369659034, 6.491410668853329]], [[3.3945076931269536, 6.492767559323358], [3.394959548455439, 6.492314910170473], [3.394959900937721, 6.492767206960992], [3.3945076931269536, 6.492767559323358]]]]}}, {"type": "Feature", "properties": {"regime": 4, "area_km2": 36.17}, "geometry": {"type": "MultiPolygon", "coordinates": [[[[3.3130563436699365, 6.405530204282581], [3.313056619292635, 6.40598250662991], [3.311247805467423, 6.4055313039573845], [3.3112480794979016, 6.405983606382987], [3.309891674444367, 6.405984427016518], [3.3098919473003443, 6.40643672949257], [3.3117004889245956, 6.406435634440161], [3.3117007633926883, 6.406887936830312], [3.3139611655096535, 6.406434256664131], [3.3130563436699365, 6.405530204282581]]], [[[3.3139819552012204, 6.440356906432995], [3.313077624750708, 6.440357461686383], [3.313528957446725, 6.439000279073121], [3.3121721890105653, 6.438548808171246], [3.312625182763136, 6.439905436952353], [3.311720852993948, 6.439905989764374], [3.3117211289259694, 6.440358291563684], [3.3135300675387795, 6.440809485972782], [3.313530345111545, 6.441261787677685], [3.3126260130201453, 6.441262342208843], [3.3130787334803444, 6.442166668568547], [3.3144346771233413, 6.441261231544815], [3.3139819552012204, 6.440356906432995]]], [[[3.304938377218184, 6.439910084810774], [3.3035821502650964, 6.4403631951572615], [3.303582419012129, 6.4408154972957465], [3.304486751086353, 6.440814958819849], [3.304487020653244, 6.441267260912206], [3.3035826877784307, 6.4412677994262255], [3.3040353926165746, 6.442172134568279], [3.304939457048216, 6.4417192931198], [3.3049389170944887, 6.440814688981297], [3.3058432490526646, 6.4408141481029935], [3.304938377218184, 6.439910084810774]]], [[[3.309911918906964, 6.43945478869904], [3.3062943305247887, 6.439004668920099], [3.306294872724835, 6.439909273007679], [3.308555698180039, 6.439907911995642], [3.309008957452543, 6.441716846208405], [3.3121743997478843, 6.4421672223772495], [3.3121749526303628, 6.443071825848688], [3.31353145560162, 6.443070994417226], [3.3139841793842875, 6.443975319754703], [3.314888237267345, 6.443522460986665], [3.31443523392992, 6.442165834851863], [3.3130790107124346, 6.44261897026907], [3.312626289812169, 6.441714643944995], [3.3112697903253476, 6.441715472797196], [3.3117216808493706, 6.4412628951382915], [3.3117211289259694, 6.440358291563684], [3.310817073428444, 6.440811144643697], [3.311268412567632, 6.439453963743025], [3.3103640834802293, 6.439454514114018], [3.310363808788315, 6.439002212240197], [3.309911918906964, 6.43945478869904]], [[3.310817348599451, 6.441263446466026], [3.3099130162706163, 6.441263996192052], [3.3090078632124396, 6.439907638592206], [3.310364358191843, 6.439906815979833], [3.310817348599451, 6.441263446466026]]], [[[3.307202195264153, 6.4448840512900825], [3.3090108731278702, 6.444882959228481], [3.3090105994011227, 6.444430657392497], [3.307654092234227, 6.4444314769816895], [3.3076532747758667, 6.443074571251707], [3.30674893896971, 6.443075115525809], [3.307202195264153, 6.4448840512900825]]], [[[3.31353228867814, 6.444427899387794], [3.312628504862738, 6.445333057545921], [3.312175505592103, 6.443976429288092], [3.3117233370944463, 6.443976705669945], [3.311724165484104, 6.445333610827653], [3.315342360703803, 6.446688292698186], [3.315341801895555, 6.4457836896303], [3.3139850137817843, 6.445332224618201], [3.31353228867814, 6.444427899387794]]], [[[3.3117244416535643, 6.445785912530866], [3.3112725473226097, 6.446238490304967], [3.310819826026322, 6.4453341625066525], [3.3099154864896216, 6.445334712582921], [3.3090116944258012, 6.446239864688368], [3.3099165848762087, 6.4471439196594895], [3.310820652190409, 6.446691067709349], [3.3108212030651156, 6.44759567113775], [3.3112733748070746, 6.447595395401088], [3.311272823131006, 6.446690792011687], [3.312629335834132, 6.446689962514097], [3.3117244416535643, 6.445785912530866]]], [[[3.3017772292733647, 6.446696497501135], [3.3013255919705413, 6.447601369016985], [3.3004209813814573, 6.44714960030226], [3.300421780132286, 6.448506506730884], [3.3022302041050886, 6.448053136044821], [3.302681571913663, 6.446695961735802], [3.3017772292733647, 6.446696497501135]]], [[[3.309917134187537, 6.448048523149695], [3.3085603440599445, 6.4475970438086865], [3.307656545663857, 6.4485021937390545], [3.306751656503078, 6.447598134730582], [3.3067522002434098, 6.448502738475391], [3.3076570910852614, 6.449406797374766], [3.308561438030776, 6.449406250957635], [3.3090130636479866, 6.448501373627934], [3.309917683577556, 6.448953126607846], [3.309917134187537, 6.448048523149695]]], [[[3.304492416049855, 6.450313301077443], [3.3044918761622886, 6.449408697205148], [3.3022310077797346, 6.449410042198666], [3.303135892672953, 6.450314109390659], [3.304492416049855, 6.450313301077443]]], [[[3.3099212565308176, 6.454833048304121], [3.3090166259206955, 6.4543812959329], [3.3090160776629634, 6.45347669258958], [3.308563900610987, 6.4534769665737866], [3.3085644480664955, 6.454381569955827], [3.3076600922993604, 6.45438211679793], [3.309469627492552, 6.455737926405376], [3.310825337141044, 6.45438019582869], [3.3099209815702175, 6.454380746683296], [3.3099212565308176, 6.454833048304121]]], [[[3.3081136371682054, 6.45664335198887], [3.307208459513327, 6.4552869930828765], [3.3063041020244173, 6.455287537594403], [3.3053989316105805, 6.453931175059566], [3.304494576373278, 6.4539317162459175], [3.3035894131988246, 6.452575350084974], [3.302685328678793, 6.453028189907677], [3.3031380433724267, 6.453932525016276], [3.3022339560640344, 6.454385364145465], [3.302234492365139, 6.4552899680315345], [3.3035902210586583, 6.453932255827378], [3.3040423987256187, 6.453931986237261], [3.304042938197484, 6.454836589987331], [3.30539974445773, 6.455288080500699], [3.304948106837872, 6.456192954977459], [3.304043747550039, 6.456193495552269], [3.304496737933782, 6.457550130901042], [3.3054010995907213, 6.4575495894087895], [3.3054008285253484, 6.45709728764322], [3.3067576419306524, 6.45754877415954], [3.3067570974114147, 6.4566441707355136], [3.3081136371682054, 6.45664335198887]], [[3.3067568251810058, 6.456191869011465], [3.3063043738146667, 6.4557398393537175], [3.306756552970071, 6.455739567279389], [3.3067568251810058, 6.456191869011465]]], [[[3.315348233024612, 6.456186622974997], [3.315347953190107, 6.455734321613449], [3.3148960538428685, 6.456186902694448], [3.313539237948267, 6.455735438004221], [3.3130865034909895, 6.454831113154416], [3.310826164488966, 6.455737100550339], [3.3112788959147945, 6.456641427531305], [3.314896333296123, 6.456639204067726], [3.3153490726482393, 6.457543527011487], [3.3167053325863773, 6.457090383988607], [3.3162525913280145, 6.456186062332006], [3.315348233024612, 6.456186622974997]]], [[[3.301782848993189, 6.456194839965409], [3.3013306692242312, 6.456195107643943], [3.300427109524033, 6.457552547744407], [3.301331471527105, 6.457552013478253], [3.302235296960693, 6.456646873800466], [3.302234492365139, 6.4552899680315345], [3.301782313417795, 6.455290236073563], [3.301782848993189, 6.456194839965409]]], [[[3.3017868682512814, 6.4629793681309415], [3.3013341471134248, 6.462075032404227], [3.302690702019078, 6.462074227426079], [3.301785796027641, 6.461170160796758], [3.3017852600307718, 6.460265557081486], [3.3035939933646206, 6.460264481670527], [3.3035945325738374, 6.461169085233981], [3.3040467166622753, 6.461168815339094], [3.304497819177953, 6.459359338036008], [3.3040456367148754, 6.459359608256264], [3.3040450968569863, 6.458455004666681], [3.301332006491333, 6.458456617327668], [3.3013317389996546, 6.458004315406974], [3.300427642882775, 6.458457151669275], [3.300427109524033, 6.457552547744407], [3.2999749284938753, 6.4575528142753065], [3.299975993682045, 6.459362022168225], [3.3008803589344917, 6.459361488554291], [3.300880626082087, 6.459813790469782], [3.2999762600266953, 6.459814324121387], [3.299977059174908, 6.461171229932705], [3.3008814276394767, 6.461170696168087], [3.2999775920356016, 6.462075833766772], [3.300430844637288, 6.463884774544126], [3.3017868682512814, 6.4629793681309415]], [[3.301785796027641, 6.461170160796758], [3.301333879468709, 6.461622730547759], [3.3013336118431234, 6.461170428683261], [3.301785796027641, 6.461170160796758]], [[3.3040459066727728, 6.459811910039015], [3.3022371750218458, 6.459812986980433], [3.302236906669835, 6.459360685121661], [3.3040456367148754, 6.459359608256264], [3.3040459066727728, 6.459811910039015]], [[3.300430310820811, 6.462980170811955], [3.300882229368776, 6.4625276017941236], [3.3008824966500785, 6.462979903653408], [3.300430310820811, 6.462980170811955]], [[3.300881160434579, 6.4607183942766815], [3.300428709829122, 6.460266359422694], [3.3008808932487823, 6.460266092377246], [3.300881160434579, 6.4607183942766815]], [[3.3017847241105356, 6.4593609533341], [3.3013322740021414, 6.458908919240336], [3.3017844561791554, 6.458908651448366], [3.3017847241105356, 6.4593609533341]]], [[[3.301791160211315, 6.470216196182203], [3.301339235997808, 6.470668766150629], [3.3013403082219215, 6.472477972885361], [3.300435919698959, 6.472478508396554], [3.3008875786241942, 6.471573637453112], [3.299983191672101, 6.471574172084185], [3.2999842592217856, 6.47338337898078], [3.300888917131962, 6.4738351458653804], [3.3008883816715455, 6.4729305425246055], [3.302244965576823, 6.47292973739036], [3.301792502454719, 6.472477704526187], [3.302243621226382, 6.470668229181266], [3.3031480063782, 6.470667690602813], [3.303148545669624, 6.471572293834666], [3.3040532028323453, 6.47202405513678], [3.303149624483431, 6.4733815002018575], [3.304054014385395, 6.4733809597858984], [3.304505938368115, 6.472928387451672], [3.3040521210318694, 6.470214848825353], [3.30495677645065, 6.470666608618645], [3.3049562340190435, 6.46976200550713], [3.3035991189648928, 6.468858214226062], [3.303598579100361, 6.467953610935766], [3.30314638896584, 6.467953880714277], [3.303146928026309, 6.468858484042615], [3.3013378961481257, 6.46840725755129], [3.3013373603421714, 6.467502654055277], [3.3026936606325354, 6.4670495466922135], [3.30224039674258, 6.465240608659352], [3.3013360211620766, 6.465241145174607], [3.3017890136181935, 6.466597782413736], [3.299981057486914, 6.4679557579049956], [3.301338432030605, 6.469311861015145], [3.301338700000541, 6.469764162735012], [3.3004343163040275, 6.469764698019827], [3.300434850692708, 6.470669301510903], [3.300886775748771, 6.470216732309237], [3.301791160211315, 6.470216196182203]], [[3.303147467163762, 6.469763087338794], [3.3035996589065233, 6.469762817484201], [3.303600198925254, 6.470667420710179], [3.3031480063782, 6.470667690602813], [3.303147467163762, 6.469763087338794]], [[3.301338432030605, 6.469311861015145], [3.3017903550951955, 6.468859291079319], [3.3017906234480754, 6.46931159278832], [3.301338432030605, 6.469311861015145]]], [[[3.312194075618122, 6.474280625966513], [3.314003136444606, 6.474731812263762], [3.3140025775683553, 6.473827210073172], [3.3135503826559782, 6.473827489355751], [3.314002018771849, 6.472922607850398], [3.3135495456981148, 6.472470585950504], [3.312645436389096, 6.47292344437286], [3.3126446019643163, 6.471566540801563], [3.316262144931333, 6.471564302499931], [3.316262707630813, 6.472468904573394], [3.3158105140253937, 6.472469185808872], [3.316263551830627, 6.473825807623256], [3.318072330879185, 6.4738246784188975], [3.317619570913242, 6.4729203594177225], [3.3185239587475097, 6.47291979328544], [3.3185233919850012, 6.472015191427058], [3.3167143377121557, 6.4715640209017575], [3.3158093903156707, 6.47065998155051], [3.312644323862422, 6.471114239595045], [3.3126426556678896, 6.468400432187051], [3.3121904655222987, 6.468400710027171], [3.31083500058362, 6.47021074641831], [3.3108352770371794, 6.470663047719092], [3.3117396614483616, 6.470662493854328], [3.3117391069523974, 6.469757891322786], [3.3121912983240263, 6.469757613826116], [3.3121937977995177, 6.4738283247886725], [3.311741602807684, 6.473828602461375], [3.3117421576599066, 6.4747332048481265], [3.310837766007278, 6.474733759064195], [3.310838872729322, 6.4765429638972645], [3.3121946313147927, 6.475185228298052], [3.312194075618122, 6.474280625966513]], [[3.313098187723694, 6.473827768235859], [3.3126457145703885, 6.473375745547202], [3.313097909120192, 6.473375467089177], [3.313098187723694, 6.473827768235859]], [[3.3176190057598816, 6.472015757479571], [3.3171676591704444, 6.473372942857152], [3.316715464800581, 6.473373224937136], [3.3167146194541, 6.472016321922669], [3.3176190057598816, 6.472015757479571]]], [[[3.3045083775179913, 6.476999100865274], [3.3054127737434302, 6.4769985577287414], [3.304959761208832, 6.475641925156882], [3.3045078353493516, 6.476094497940804], [3.3022465794306033, 6.475643546975809], [3.3022463104069986, 6.475191245398349], [3.3036029001754263, 6.47519043635749], [3.304054555517283, 6.474285562845089], [3.3026976988527714, 6.473834071396853], [3.3026974295035645, 6.473381769806174], [3.301340844448769, 6.473382576204467], [3.3017935765943327, 6.474286911056593], [3.3004372563859494, 6.474740016822632], [3.3008897204658627, 6.475192050816206], [3.300438058627042, 6.476096921781729], [3.301794651040522, 6.476096117458266], [3.3022476557169202, 6.477452753205167], [3.302699854338294, 6.4774524838326135], [3.3026993153516013, 6.47654788077196], [3.3031517830349015, 6.476999912550057], [3.3045081064240045, 6.476546799407063], [3.3045083775179913, 6.476999100865274]]], [[[3.314456171813172, 6.476088435705739], [3.314456451743542, 6.476540736745115], [3.3126473840749924, 6.476089552424287], [3.311743545136836, 6.476994710674174], [3.314457011664178, 6.477445338799722], [3.3144567316938773, 6.476993037776445], [3.3153611270534746, 6.4769924769225335], [3.314456171813172, 6.476088435705739]]], [[[3.3045083775179913, 6.476999100865274], [3.3040561793762566, 6.476999371829538], [3.3040567208170204, 6.477903974759965], [3.302699854338294, 6.4774524838326135], [3.3031531327551145, 6.479261420006099], [3.306318260902731, 6.4788072184275], [3.306317988120701, 6.478354917078084], [3.304961390246213, 6.478355733767357], [3.3045083775179913, 6.476999100865274]], [[3.3040572623350046, 6.4788085776581905], [3.303604792197461, 6.478356546831846], [3.30405699156636, 6.478356276213103], [3.3040572623350046, 6.4788085776581905]]], [[[3.3108397029780785, 6.477899867437552], [3.309934753702565, 6.476995817885978], [3.3099353056110545, 6.477900420315962], [3.308578709413003, 6.477901246613143], [3.3090314585418734, 6.478805574058872], [3.308127608251167, 6.479710726313451], [3.30948420934037, 6.479709900992107], [3.3094833824791254, 6.478352997373414], [3.3108397029780785, 6.477899867437552]]], [[[3.307224575851742, 6.481972780866906], [3.3067721000753147, 6.481520753185085], [3.307223481073067, 6.480163575800281], [3.3063196251046136, 6.481068725053792], [3.304510546965904, 6.480617512241136], [3.3054144055453123, 6.479712366079506], [3.3036056033531938, 6.4797134512001024], [3.304058345602638, 6.4806177833580225], [3.301797338497295, 6.480619132899015], [3.30179706966539, 6.4801668313911716], [3.2999885324679306, 6.480620205279682], [3.299988799707713, 6.481072506854934], [3.3027020110538294, 6.481070895753196], [3.3027022807297586, 6.481523197207029], [3.3045108182338976, 6.481069813626884], [3.3049635633803667, 6.481974144797114], [3.3040591582560723, 6.481974687548335], [3.3040597001215577, 6.4828792903016], [3.3045116321538837, 6.482426717735799], [3.3054163101964957, 6.482878475455659], [3.3054157659134833, 6.481973872817034], [3.307224575851742, 6.481972780866906]]], [[[3.302703629397703, 6.483784704355372], [3.3017994898423826, 6.484237544671789], [3.3017989518911355, 6.483332941776932], [3.300894812240002, 6.483785780489027], [3.3008940078171523, 6.482428875997123], [3.299989868857317, 6.482881713075394], [3.30044234014568, 6.483333747006609], [3.2999909383116837, 6.4846909191669555], [3.300895080419162, 6.484238081970215], [3.300895616834799, 6.485142684908417], [3.3027044388291102, 6.4851416085476945], [3.3031561038334205, 6.484236735700727], [3.302703629397703, 6.483784704355372]]], [[[3.3112957841144683, 6.484231805684267], [3.312200470916847, 6.48468355083486], [3.312652118218833, 6.483778670335431], [3.3099391711745008, 6.484232636423916], [3.309488346299389, 6.486494417998122], [3.310392482275065, 6.486041564148266], [3.310391928851886, 6.485136962047163], [3.3112957841144683, 6.484231805684267]]], [[[3.30089668989534, 6.486951890688108], [3.299992008070819, 6.4865001251295835], [3.2999928105901786, 6.4878570295169204], [3.3018013732753793, 6.487403654549934], [3.301800296912974, 6.485594448953639], [3.300895885071276, 6.485594986365429], [3.30089668989534, 6.486951890688108]]], [[[3.304514618015957, 6.487402032181395], [3.305418760429976, 6.4869491869306195], [3.3054195775235398, 6.488306090610517], [3.3067764755495657, 6.488757572599275], [3.3067756547683045, 6.487400669116289], [3.3058712401256023, 6.4874012155522935], [3.306322901172983, 6.486496340135211], [3.3045140749579263, 6.486497429627459], [3.304514618015957, 6.487402032181395]]], [[[3.31401180922427, 6.4887531420990205], [3.3117510460631316, 6.489206838655552], [3.311750767993717, 6.488754537723979], [3.3131073927916646, 6.488753701559216], [3.3131071135321233, 6.4883014006783455], [3.308132276586192, 6.48739984643738], [3.3081328261738108, 6.488304448651771], [3.308584759007006, 6.48785187249633], [3.3112982820417938, 6.488302514679588], [3.3112991150400295, 6.489659417532902], [3.3117513241523415, 6.489659139579059], [3.3112999482161665, 6.49101632031363], [3.312204368841529, 6.491015763885203], [3.312204926005098, 6.491920365620504], [3.313109068766425, 6.491467506675071], [3.3126565791244875, 6.491015485065672], [3.313107951370391, 6.489658303296763], [3.314916787382647, 6.489657182605249], [3.31401180922427, 6.4887531420990205]], [[3.312204090289481, 6.490563463005456], [3.3122035332448587, 6.489658861221756], [3.3126557423175513, 6.48965858246099], [3.3126563001689893, 6.490563184205512], [3.312204090289481, 6.490563463005456]]], [[[3.304969273753772, 6.491472471296633], [3.3045162476541083, 6.490115839649698], [3.3054209397340135, 6.490567596582414], [3.305420122349549, 6.48921069302347], [3.303611557129832, 6.489664081018582], [3.3040651230238676, 6.4919253160611134], [3.304969273753772, 6.491472471296633]]], [[[3.3058723313132234, 6.489210420333794], [3.3076822649263318, 6.491018529885471], [3.3063267267927188, 6.49282855626303], [3.3076836378070684, 6.493280035134869], [3.3076839124418287, 6.493732336160542], [3.3090402752411414, 6.493279209282019], [3.3090399994151336, 6.492826908306278], [3.3099441468524047, 6.4923740548130775], [3.3094911067284665, 6.4910174283279245], [3.308586685866589, 6.491017979913792], [3.3072289580876006, 6.489209599844164], [3.3058723313132234, 6.489210420333794]], [[3.308134475406243, 6.491018255101404], [3.309039447821989, 6.491922306330591], [3.308135575285851, 6.492827459239837], [3.3076828140200134, 6.491923132009434], [3.3081350253069144, 6.491922857186757], [3.308134475406243, 6.491018255101404]], [[3.307683088596161, 6.492375433059315], [3.3072311510783026, 6.492828008558754], [3.3072308768861847, 6.492375707497664], [3.307683088596161, 6.492375433059315]]], [[[3.301351585057554, 6.491474635823241], [3.3027090288746184, 6.492830730933696], [3.302708488580945, 6.4919261284210235], [3.3036129115621633, 6.491925587251354], [3.3031598885743874, 6.49056895426546], [3.302255467975586, 6.490569494514044], [3.301351585057554, 6.491474635823241]], [[3.302255737651694, 6.491021795817576], [3.302708218462941, 6.491473827152586], [3.3022560073469953, 6.491474097113047], [3.302255737651694, 6.491021795817576]]], [[[3.301805412365224, 6.494188174386952], [3.302257086320129, 6.4932833022142535], [3.3018048735707772, 6.493283571846887], [3.301804334852988, 6.4923789692745455], [3.3008999109111485, 6.492379507253165], [3.299996825758582, 6.494641550364912], [3.301805412365224, 6.494188174386952]], [[3.300900179453325, 6.492831808581158], [3.301352660802261, 6.493283841075832], [3.300900448014609, 6.493284109901084], [3.300900179453325, 6.492831808581158]]], [[[3.314919316497353, 6.493727889316136], [3.315823177866853, 6.49282272483796], [3.3122052046166193, 6.492372666476051], [3.3135626786233425, 6.49372873097193], [3.313110745456936, 6.494181311500494], [3.313563518388404, 6.495085633240967], [3.314467946079785, 6.49508507242269], [3.3140148912679623, 6.493728450823714], [3.314466823203531, 6.493275869538673], [3.314919316497353, 6.493727889316136]]], [[[3.309945806828724, 6.4950878603620295], [3.3103980208428716, 6.495087583385202], [3.3099452534245586, 6.494183258544662], [3.310849124878371, 6.493278102493245], [3.311301337238403, 6.493277824786832], [3.311302170888954, 6.494634727373922], [3.311754384440175, 6.494634449205223], [3.3122057618991363, 6.49327726816294], [3.3099441468524047, 6.4923740548130775], [3.3090402752411414, 6.493279209282019], [3.3085894401886966, 6.495540989824451], [3.309493869122762, 6.4955404378510515], [3.309494421837455, 6.496445039658828], [3.3099466370825854, 6.496444763027545], [3.309945806828724, 6.4950878603620295]], [[3.3094924876799565, 6.493278933190358], [3.309944976751998, 6.493730957623869], [3.309492763929212, 6.493731234138638], [3.3094924876799565, 6.493278933190358]]], [[[3.29999870097066, 6.497807659472658], [3.2999992369169924, 6.49871226200221], [3.3004514545882295, 6.498711993758451], [3.300451186201597, 6.498259692516536], [3.301355620678922, 6.498259154854656], [3.3009025971927395, 6.496902520169963], [3.3013550823473023, 6.497354552422069], [3.3027114611476374, 6.49690144184127], [3.3027120018641987, 6.4978060441763805], [3.303164218612676, 6.4978057735464265], [3.3031636770883765, 6.496901171249304], [3.3045195090187356, 6.495543453715133], [3.3054242110173244, 6.495995210092109], [3.3058756067406354, 6.494638033903986], [3.304518965264596, 6.494638851451589], [3.3045181497784153, 6.493281947995739], [3.3058745146207347, 6.492828829509676], [3.3063261800422006, 6.491923954055845], [3.305421484753958, 6.491472198914715], [3.301805951236329, 6.495092776894737], [3.300449308029383, 6.495093583597064], [3.300450381156174, 6.496902788742343], [3.2999981651005297, 6.496903056910808], [3.3004509178340435, 6.497807391266547], [3.29999870097066, 6.497807659472658]], [[3.301805951236329, 6.495092776894737], [3.302258435468393, 6.495544808409203], [3.3018062207006293, 6.495545078136523], [3.301805951236329, 6.495092776894737]], [[3.303162864946312, 6.495544267743069], [3.303163406355104, 6.496448870088632], [3.30271119081819, 6.496449140661603], [3.302258435468393, 6.495544808409203], [3.303162864946312, 6.495544267743069]], [[3.301806490184094, 6.495997379370238], [3.3013545440922285, 6.496449949957186], [3.3013542749933964, 6.495997648712635], [3.301806490184094, 6.495997379370238]], [[3.3040670228642277, 6.4950914243147935], [3.303615079656409, 6.495543996804256], [3.30361480857715, 6.495091695638388], [3.3040670228642277, 6.4950914243147935]]], [[[3.3072319737717115, 6.494184911693605], [3.30678003429426, 6.49463748685338], [3.3067803081802136, 6.4950897878933675], [3.3076847364633366, 6.495089239189138], [3.30723361968528, 6.496898717745389], [3.308138051159611, 6.496898168079223], [3.3076855606606874, 6.496446142145092], [3.3081364004010037, 6.494184362258938], [3.3072319737717115, 6.494184911693605]]], [[[3.3113030047174146, 6.495991629888369], [3.3122068767020703, 6.495086471439877], [3.3113024488120066, 6.4950870282201425], [3.310398575133269, 6.49599218513139], [3.3108521780254083, 6.49825341183861], [3.3113043948268768, 6.498253133917649], [3.3113035607018952, 6.496896231524303], [3.3117557762719496, 6.4968959532579404], [3.3113030047174146, 6.495991629888369]]], [[[3.314016573399628, 6.496442255171096], [3.3135640783313356, 6.495990234713301], [3.31266020735264, 6.49689539551347], [3.3144693501244005, 6.497346575846083], [3.314920722260979, 6.495989392761966], [3.314016573399628, 6.496442255171096]]], [[[3.3040700102391924, 6.500066736485726], [3.3045222289496756, 6.500066464548458], [3.304068923650699, 6.498257532172977], [3.3036169777510604, 6.498710104739281], [3.302712272251313, 6.498258345331825], [3.3027128130832115, 6.499162947618487], [3.301355620678922, 6.498259154854656], [3.3013561590870886, 6.499163757254943], [3.300903941050069, 6.499164026325644], [3.3013566975718027, 6.500068359622928], [3.3022611352044535, 6.500067820193655], [3.3022608651444743, 6.499615519051549], [3.3036177915094, 6.500067008018882], [3.3036172489845597, 6.499162405840558], [3.304069466906327, 6.499162134345505], [3.3040700102391924, 6.500066736485726]]], [[[3.306331103597941, 6.500065372758238], [3.3076877593799843, 6.500064549672371], [3.3076869347137077, 6.498707646910209], [3.306330282567641, 6.49870846982283], [3.306331103597941, 6.500065372758238]]], [[[3.341990201528624, 6.401441033373965], [3.3419899006476137, 6.400988732261077], [3.3424423311174447, 6.401440732169002], [3.3428941590080017, 6.400988129496157], [3.3447029787350315, 6.4014392201752734], [3.3447026754674503, 6.400986919191529], [3.346059062582473, 6.400986007285123], [3.3460587581435663, 6.400533706358373], [3.3465108867402953, 6.4005334016154825], [3.3465114964355607, 6.401438003417606], [3.3469636258057953, 6.401437698233372], [3.346963015315036, 6.400533096474721], [3.3478678844801877, 6.401437086671124], [3.350128222738662, 6.400983250079402], [3.3501279147201664, 6.4005309493490445], [3.3505803515342025, 6.400982941733722], [3.351032171493538, 6.4005303323037435], [3.3528409951776443, 6.400981394036864], [3.3537446301002514, 6.400076171057166], [3.354648885720452, 6.400075547690373], [3.3546491976937567, 6.400527848207782], [3.3564573966905793, 6.400074296182709], [3.35690983833845, 6.400526282717087], [3.3578134649462688, 6.399621053005597], [3.3406326140108664, 6.399632729845228], [3.3406329136337463, 6.400085031046182], [3.336563756518817, 6.400087712666935], [3.336564052583962, 6.400540014050965], [3.316218779979668, 6.401457544279838], [3.3162190582081537, 6.4019098465607405], [3.311697745331534, 6.401912610100733], [3.3116980196018337, 6.402364912570497], [3.3003947188741756, 6.402371647791623], [3.299943906513821, 6.404633426748316], [3.3008481750336784, 6.404632897692101], [3.3008476454169373, 6.40372829190261], [3.3017519122686054, 6.403727761329412], [3.3017524434771723, 6.40463236704335], [3.302656711844074, 6.404631834802064], [3.302657511188705, 6.405988743199595], [3.3035617818669527, 6.405988209251766], [3.3031093796719735, 6.405536173652561], [3.3035604457419367, 6.403726695406091], [3.3040125790621846, 6.40372642793007], [3.304013114250315, 6.404631033454132], [3.3044652483471832, 6.4046307655418895], [3.304464712363141, 6.40372616005597], [3.30491711402508, 6.404178194511634], [3.3053689789070653, 6.4037256231135435], [3.3098903104594495, 6.403722914516835], [3.3098914016080543, 6.405532124532506], [3.3103432630328724, 6.40507954893312], [3.311247805467423, 6.4055313039573845], [3.3112475314566954, 6.405079001523818], [3.313055792484137, 6.404625599564032], [3.313055241377798, 6.403720994813639], [3.311698568201771, 6.403269517486146], [3.311698293891913, 6.402817215032301], [3.3153159057240944, 6.40371961165482], [3.3162196147253225, 6.402814451098675], [3.3180284223786605, 6.40326563655823], [3.3180278626384205, 6.402361032195257], [3.320740933552151, 6.40281164736328], [3.3207412158196496, 6.403263949420655], [3.322097612265769, 6.403263100478255], [3.3220973288046274, 6.402810798481329], [3.323906140574318, 6.4032619629824294], [3.3239058555216525, 6.402809661066497], [3.326618644980012, 6.402807943003765], [3.326618357560791, 6.402355641202214], [3.3275229079672988, 6.40280736713206], [3.327522331558235, 6.4019027636030135], [3.327974750817008, 6.40235477685919], [3.3284265928710433, 6.4019021862214895], [3.328879012883809, 6.40235419864057], [3.3352088450012345, 6.4023501065357475], [3.335208550044126, 6.401897805120384], [3.3374692013764076, 6.4018963248554694], [3.3379216289227696, 6.402348328897387], [3.3379213315787366, 6.4018960276086165], [3.340181982268168, 6.401894535404998], [3.34018138366666, 6.400989933016126], [3.3406335129443496, 6.400989633424212], [3.3406341123414105, 6.401894235770406], [3.3410862423930388, 6.401893935737858], [3.3410856422004236, 6.4009893334344], [3.341990201528624, 6.401441033373965]], [[3.3098903104594495, 6.403722914516835], [3.3103421703711056, 6.4032703389633685], [3.3103424435070075, 6.403722641467748], [3.3098903104594495, 6.403722914516835]], [[3.34018138366666, 6.400989933016126], [3.339728955496744, 6.400537930982452], [3.340181084398285, 6.40053763180975], [3.34018138366666, 6.400989933016126]], [[3.339729254367385, 6.400990232210138], [3.339277423540989, 6.401442832247263], [3.339277125046553, 6.4009905310062525], [3.339729254367385, 6.400990232210138]], [[3.3157672048610403, 6.402362426998322], [3.3153153507182487, 6.402815007069545], [3.3153150732453387, 6.4023627047649665], [3.3157672048610403, 6.402362426998322]], [[3.3216449140313515, 6.402358779814931], [3.321193065323367, 6.4028113648006455], [3.3211927826783687, 6.4023590627554325], [3.3216449140313515, 6.402358779814931]], [[3.3248095471219403, 6.401904486196574], [3.324357701719634, 6.4023570738141755], [3.324357416310253, 6.401904771902643], [3.3248095471219403, 6.401904486196574]]], [[[3.32707221588071, 6.40506916405281], [3.3261673746435556, 6.404165135760865], [3.326167948872569, 6.405069739333236], [3.3239072809905137, 6.405071170566546], [3.323906995855634, 6.404618868682459], [3.3225508800144037, 6.405072024528638], [3.322550312153085, 6.404167420630926], [3.32209817924937, 6.404167704448227], [3.322098462771829, 6.40462000642127], [3.3211941961071765, 6.404620572901896], [3.3216468957599226, 6.4055248938232054], [3.3189338098462944, 6.405074284241915], [3.3184822367623954, 6.405979169141897], [3.31983864067705, 6.405978325810035], [3.319838922290856, 6.406430627851834], [3.320743192262025, 6.406430063599357], [3.3207429098520547, 6.405977761597717], [3.3230035824328814, 6.405976344098158], [3.32300386683326, 6.406428645998908], [3.324359985735646, 6.405975488819844], [3.324812406121478, 6.406427504750171], [3.325264254501289, 6.4059749166432285], [3.3252648273035, 6.406879520233567], [3.325716962451567, 6.406879233507128], [3.3257163888531647, 6.405974629957599], [3.3284289053728573, 6.405520599817639], [3.328428616237188, 6.405068298145989], [3.32707221588071, 6.40506916405281]]], [[[3.3175838437082943, 6.415478072674501], [3.314871262552866, 6.415932048398925], [3.314871540227352, 6.416384350484231], [3.3153239623030752, 6.416836374560805], [3.316227972114825, 6.416383515344619], [3.3162285299162884, 6.417288119372614], [3.3166806746361948, 6.41728784015533], [3.3166803953266575, 6.416835538165159], [3.317584683908607, 6.41683497857358], [3.3171322599395126, 6.41638295659054], [3.3175838437082943, 6.415478072674501]]], [[[3.3198456871112096, 6.417285874464459], [3.320298396729926, 6.418190195692726], [3.322106977950179, 6.418189061907687], [3.3221064096992787, 6.417284458431832], [3.321202120725175, 6.417285026041655], [3.321202404042806, 6.417737327823901], [3.3198456871112096, 6.417285874464459]]], [[[3.324819276130073, 6.417282746028203], [3.3248189896426656, 6.416830444399976], [3.3239147017120896, 6.41683101675621], [3.323915273112382, 6.417735620086024], [3.324367417885531, 6.417735334066714], [3.3239158445948997, 6.418640223383923], [3.3248201357159792, 6.418639650865011], [3.3248198491667305, 6.418187349260722], [3.3266287177105403, 6.4186385010390925], [3.326628141441925, 6.417733897985892], [3.3275324307195833, 6.417733320760906], [3.3279839967488454, 6.4168284285879835], [3.3266275652562243, 6.416829294900776], [3.3266278533387106, 6.4172815964473235], [3.325271133577047, 6.416830157623519], [3.324819276130073, 6.417282746028203]]], [[[3.3284375891343774, 6.41908964626155], [3.327986022137513, 6.419994538815354], [3.329794317337964, 6.419541076215164], [3.3288894447371287, 6.418637054779023], [3.3288885743829, 6.417280150495464], [3.327984286027639, 6.4172807300729735], [3.328437009633347, 6.418185043388574], [3.327080574613903, 6.418185911082973], [3.327533297546732, 6.419090225205708], [3.3284375891343774, 6.41908964626155]]], [[[3.33341266243061, 6.42134793943939], [3.332507193615697, 6.419539322498638], [3.3334114855397643, 6.419538734733957], [3.3334108972212984, 6.41863413233335], [3.3325066068928195, 6.418634720014539], [3.332053875856124, 6.41773041069894], [3.3293412995421408, 6.418184462930745], [3.330246172059315, 6.4190884835848045], [3.329342752440168, 6.420445969847148], [3.331603486818687, 6.420444511202511], [3.3316029016072215, 6.419539908667067], [3.3320550476219957, 6.419539615782385], [3.3320559266676693, 6.420896519511167], [3.33341266243061, 6.42134793943939]], [[3.330698609514567, 6.419540493239242], [3.3311501712419096, 6.41863559854377], [3.3320544616969134, 6.418635013256623], [3.3316029016072215, 6.419539908667067], [3.330698609514567, 6.419540493239242]]], [[[3.3248252971275516, 6.426781078377208], [3.323920991637845, 6.426781651628185], [3.3239212777799736, 6.427233953121444], [3.324825871030029, 6.42768568127439], [3.3257296025347958, 6.426780503528158], [3.3257290271173487, 6.425875900680588], [3.324824723307536, 6.425876475448071], [3.3248252971275516, 6.426781078377208]]], [[[3.323021539690639, 6.434471348268926], [3.322569380080176, 6.434471633840122], [3.3230218253824932, 6.434923649666838], [3.32257080674474, 6.436733140850863], [3.3216664834629537, 6.436733710995197], [3.3216673373070114, 6.438090615226795], [3.3207635792741095, 6.43899578675299], [3.321216311579226, 6.4399001053699], [3.320311982573356, 6.439900673394912], [3.3207647149802724, 6.4408049923801425], [3.3221203553865655, 6.43944723439319], [3.321667621962531, 6.438542916621323], [3.3221197852139506, 6.438542631668505], [3.323023254149304, 6.437185156536392], [3.3239275781082247, 6.437184583950645], [3.323472841128555, 6.433114158116803], [3.3230206827380897, 6.433114444027202], [3.323021539690639, 6.434471348268926]], [[3.3225713775538837, 6.437637743599154], [3.322118930108372, 6.437185727521456], [3.322571092139075, 6.4371854422290085], [3.3225713775538837, 6.437637743599154]]], [[[3.3171451464275457, 6.437188839327081], [3.317596746713793, 6.43628395523075], [3.3162402622914735, 6.436284796582716], [3.3153364972104327, 6.437189958887618], [3.3166929841533905, 6.437189119817472], [3.317145707675804, 6.438093442540635], [3.318050033764004, 6.438092880279692], [3.3171451464275457, 6.437188839327081]]], [[[3.3239278647232173, 6.437636885259995], [3.3230235399641743, 6.437637457886298], [3.323024111655424, 6.438542060562104], [3.325284639543331, 6.438088324559339], [3.324831901984904, 6.437184009764218], [3.3239275781082247, 6.437184583950645], [3.3239278647232173, 6.437636885259995]]], [[[3.3180520043698922, 6.441258990996257], [3.318504734197781, 6.442163312075683], [3.319408784551876, 6.441710445622475], [3.3203136840972465, 6.442614481812106], [3.3207647149802724, 6.4408049923801425], [3.3203128332438094, 6.44125757763954], [3.3180520043698922, 6.441258990996257]]], [[[3.32574055117861, 6.443967951554904], [3.327097344453411, 6.444419384998481], [3.327097634201022, 6.4448716860368656], [3.327549512661733, 6.444419094975831], [3.329358477037028, 6.44487023181449], [3.3298097691522446, 6.443513036999529], [3.3289054345250877, 6.443513620567844], [3.3289051432380306, 6.443061319587679], [3.328452976293555, 6.443061610750384], [3.3284535580876518, 6.44396621274391], [3.327096765020477, 6.4435147828976795], [3.3266437297998777, 6.442158169205964], [3.3261915635522286, 6.442158458325046], [3.326643151375233, 6.4412535669840825], [3.326190697147319, 6.440801554918822], [3.3248344894631914, 6.441254720894151], [3.324833914323689, 6.44035011847687], [3.3239295848449477, 6.440350692948006], [3.323929298106591, 6.4398983916866825], [3.3230255412423566, 6.440803567111546], [3.321668760788781, 6.440352122119393], [3.3230261132206538, 6.441708169675279], [3.3239304451833847, 6.441707596683939], [3.3234777064333776, 6.440803280856633], [3.3243820367537933, 6.440802707145616], [3.3243826111339225, 6.4417073095875885], [3.3257391088618813, 6.441706445895813], [3.3257396857265444, 6.442611048183475], [3.323931305706872, 6.443064500347803], [3.3239318794920036, 6.443969102750332], [3.324836215376545, 6.44396852795381], [3.3248367908459477, 6.444873130242952], [3.32574055117861, 6.443967951554904]], [[3.327096765020477, 6.4435147828976795], [3.3266448868979697, 6.443967373553621], [3.3266445975923458, 6.443515072478721], [3.327096765020477, 6.4435147828976795]]], [[[3.3316193193503785, 6.444868767575835], [3.3334265162595806, 6.4426060851505325], [3.334330848864077, 6.442605493654632], [3.3343302567856816, 6.441700892153224], [3.333425630575898, 6.441249182760818], [3.334329072883546, 6.4398916890543125], [3.3279993572095723, 6.44080039628568], [3.328904560726546, 6.442156717603325], [3.330260181818739, 6.440798938985336], [3.3316169699173255, 6.441250360696353], [3.3311650979051293, 6.441702955087922], [3.331618731865819, 6.443964165904026], [3.3298100612611035, 6.443965337930383], [3.3293587688081434, 6.445322532741974], [3.3316193193503785, 6.444868767575835]], [[3.3316166763329154, 6.440798059800378], [3.332521005903836, 6.440797471675094], [3.3325215946949194, 6.4417020733757635], [3.3329737602493417, 6.441701778670809], [3.3325221835704286, 6.4426066750444], [3.332070017194179, 6.442606969390571], [3.3316166763329154, 6.440798059800378]], [[3.3316184381551133, 6.443511865056105], [3.3320703112631893, 6.443059270233707], [3.332070605353278, 6.443511571068836], [3.3316184381551133, 6.443511865056105]], [[3.330714982487987, 6.4448693544732505], [3.3302625214740402, 6.444417346426839], [3.33071468953622, 6.444417053599826], [3.330714982487987, 6.4448693544732505]]], [[[3.323931018845148, 6.442612199134523], [3.322573947208519, 6.441708455570269], [3.32212263689487, 6.443065644971687], [3.3230269713418794, 6.443065073460824], [3.323027543525216, 6.443969675944474], [3.3234797115188766, 6.443969389547702], [3.323931018845148, 6.442612199134523]]], [[[3.3302633991906743, 6.44577424908523], [3.3280019713979136, 6.44487110554987], [3.3280025525576753, 6.445775707520465], [3.3289068912735367, 6.445775125348495], [3.3289074741190596, 6.446679727204666], [3.330263984439916, 6.446678850817424], [3.3302633991906743, 6.44577424908523]]], [[[3.3239356111001555, 6.449849017585571], [3.323484011518637, 6.450753906849469], [3.321675030172697, 6.4503027500681664], [3.322128632080299, 6.452563970300733], [3.323484298349558, 6.451206207938792], [3.3248413975703994, 6.452109947402051], [3.3252929957638253, 6.451205057044175], [3.3243886470978756, 6.451205633293582], [3.3243883594651096, 6.450753332244877], [3.3248402453944044, 6.450300743304677], [3.327101112791875, 6.450299297872414], [3.3275527054347167, 6.449394405731597], [3.328004878029542, 6.449394115082276], [3.328005459605717, 6.450298716892567], [3.3307184995466157, 6.450296964329228], [3.3307182063429353, 6.449844663551985], [3.32936168766916, 6.44984554157604], [3.3293613956889767, 6.449393240728707], [3.3307173268578523, 6.448487761172153], [3.330264569773013, 6.447583452517565], [3.331168911484853, 6.4475828661726435], [3.3311686180064397, 6.44713056536805], [3.328455886097993, 6.447584620397548], [3.3289074741190596, 6.446679727204666], [3.3280031338007183, 6.446680309459006], [3.327550092978786, 6.4453236970035475], [3.3261935858883565, 6.445324565992586], [3.3261938748763384, 6.445776867055907], [3.3243849094780415, 6.445325719035119], [3.3248376542046962, 6.446230033616576], [3.3230289743423844, 6.446231182013411], [3.323027829647641, 6.444421977174284], [3.3221234927978522, 6.4444225488064895], [3.322576518521637, 6.445779166892776], [3.3221243488848566, 6.445779452569194], [3.322124919711762, 6.4466840550376014], [3.3212205787744025, 6.446684625268977], [3.3216724642302506, 6.446232039103293], [3.321220009549982, 6.445780022719902], [3.321670754520794, 6.44351823143277], [3.3207664191503214, 6.443518800580675], [3.3198626503160606, 6.444423970876075], [3.319863500394819, 6.445780874940643], [3.3207678398519462, 6.445780307194193], [3.3207686925172535, 6.447137211066158], [3.321673034296751, 6.447136641596038], [3.321221717467923, 6.448493830270961], [3.3207695453658133, 6.448494114865999], [3.320316521596949, 6.447137495200027], [3.319412462755781, 6.447590363600211], [3.31941302893743, 6.448494966245829], [3.3189608567540465, 6.4484952492373475], [3.3189600087141526, 6.447138345196865], [3.3180556666910075, 6.447138909857447], [3.318508684550416, 6.448495531827985], [3.317604340082529, 6.448496095806619], [3.3176037771067737, 6.447591493001251], [3.3162469824026775, 6.447140034369071], [3.3162464219517918, 6.446235431396402], [3.315342360703803, 6.446688292698186], [3.316247262658232, 6.447592335843385], [3.316247823229565, 6.448496938767969], [3.3171518867211236, 6.448044075776042], [3.3171524489356687, 6.4489486786051735], [3.3176046216006476, 6.448948397197279], [3.317153854824345, 6.451210185537717], [3.3167016801349027, 6.451210466644051], [3.317154417320743, 6.452114788254607], [3.3185103787717614, 6.451209339812415], [3.318509531570106, 6.449852435856276], [3.319866051727504, 6.449851586701623], [3.319865484622556, 6.448946984144178], [3.3212220021922785, 6.44894613150142], [3.3216747449863044, 6.449850448881912], [3.32303097834762, 6.4493972901733585], [3.3230312647161027, 6.449849591307], [3.3239356111001555, 6.449849017585571]], [[3.324388071852935, 6.450301031188152], [3.3243874966903606, 6.449396429050652], [3.325291265465898, 6.448491250876065], [3.325292130521942, 6.449848153996199], [3.324388071852935, 6.450301031188152]], [[3.327100822795105, 6.449846996930207], [3.326648360182717, 6.449394985827432], [3.327100532819099, 6.449394695979982], [3.327100822795105, 6.449846996930207]], [[3.326646044327803, 6.445776577773108], [3.3266466231671243, 6.446681179834775], [3.326194452914419, 6.446681469158503], [3.3261938748763384, 6.445776867055907], [3.326646044327803, 6.445776577773108]], [[3.327098793399095, 6.446680890110284], [3.3270993731227096, 6.447585492098912], [3.3266472020893834, 6.447585781864389], [3.3266466231671243, 6.446681179834775], [3.327098793399095, 6.446680890110284]], [[3.327098793399095, 6.446680890110284], [3.3275506733790055, 6.446228298999213], [3.3275509636103027, 6.446680599985027], [3.327098793399095, 6.446680890110284]], [[3.322124919711762, 6.4466840550376014], [3.3225773759945727, 6.44713607052274], [3.3221252051558854, 6.4471363562597865], [3.322124919711762, 6.4466840550376014]], [[3.3216733193606287, 6.447588942830388], [3.3221257761054757, 6.44804095868011], [3.321673604444926, 6.448041244056725], [3.3216733193606287, 6.447588942830388]], [[3.3216738895496416, 6.448493545275045], [3.322578233651794, 6.448492974080576], [3.3225785195784874, 6.44894527525049], [3.321674459820331, 6.449398147687641], [3.3216738895496416, 6.448493545275045]], [[3.322578233651794, 6.448492974080576], [3.323030119365203, 6.448040386724329], [3.3230304056721702, 6.4484926878820215], [3.322578233651794, 6.448492974080576]], [[3.3230304056721702, 6.4484926878820215], [3.323482864400292, 6.448944702411999], [3.3230306919996426, 6.4489449890316966], [3.3230304056721702, 6.4484926878820215]], [[3.323482864400292, 6.448944702411999], [3.3239353239300002, 6.4493967164924895], [3.3234831511490768, 6.449397003533392], [3.323482864400292, 6.448944702411999]], [[3.3239344625429106, 6.448039813165142], [3.3234822909643236, 6.448040100145161], [3.323029546812784, 6.447135784384899], [3.3248382298802928, 6.447134635825595], [3.3243872091399607, 6.4489441279698765], [3.3239350367804072, 6.44894441539139], [3.3239344625429106, 6.448039813165142]], [[3.326196476699936, 6.44984757626513], [3.3257440148477784, 6.449395564319526], [3.326196187525601, 6.449395275273947], [3.326196476699936, 6.44984757626513]], [[3.3189614222152097, 6.449399851890926], [3.3185089668700942, 6.448947833178764], [3.3189611394745047, 6.448947550568144], [3.3189614222152097, 6.449399851890926]], [[3.327552415078667, 6.448942104793875], [3.3270996630156615, 6.448037793081202], [3.3293605198738714, 6.448036338138599], [3.329360811791333, 6.448488639009985], [3.327552415078667, 6.448942104793875]], [[3.320317373243342, 6.448494399060156], [3.3198649175988253, 6.44804238155467], [3.3203170893408784, 6.448042097781459], [3.320317373243342, 6.448494399060156]], [[3.3261956092390497, 6.448490673267529], [3.325743148651346, 6.4480386612365646], [3.3261953201268333, 6.448038372252296], [3.3261956092390497, 6.448490673267529]], [[3.328003715127043, 6.4475849113654915], [3.3275512538623913, 6.447132900962828], [3.3280034244534704, 6.447132610416256], [3.328003715127043, 6.4475849113654915]]], [[[3.3329793655869757, 6.450295492832521], [3.333431243122891, 6.449842896677882], [3.333431834361777, 6.450747497974516], [3.3338840078862786, 6.450747202050295], [3.3343352921578284, 6.449390003893669], [3.332526602827903, 6.449391186537669], [3.3320735474134806, 6.448034578979438], [3.3307173268578523, 6.448487761172153], [3.3307176199985538, 6.448940061973447], [3.332074136078467, 6.448939180465385], [3.331622552020533, 6.4498440761978015], [3.3329793655869757, 6.450295492832521]]], [[[3.318060178847056, 6.454375731211885], [3.318059614544889, 6.453471128654852], [3.317155261216335, 6.453471692269793], [3.318059050323484, 6.452566526065731], [3.3171546985991407, 6.452567089601023], [3.317154417320743, 6.452114788254607], [3.316702241829367, 6.452115069400678], [3.316251468900534, 6.454376856996069], [3.3157990112080866, 6.453924836065138], [3.3144424796806193, 6.453925674927144], [3.3144427586328, 6.454377976360267], [3.3135381252291216, 6.453926232162376], [3.3139911381778013, 6.455282858079776], [3.315799571539245, 6.454829438804826], [3.3158001319505925, 6.455734041512421], [3.31625231069103, 6.455733761010057], [3.3162517494772903, 6.454829158342089], [3.318512921468545, 6.455280051247752], [3.3185126388658035, 6.454827750009247], [3.319869172256509, 6.454826900194218], [3.3198688884705283, 6.454374599007722], [3.321677883159705, 6.454825761489636], [3.3216784540021473, 6.455730363677667], [3.322130346646717, 6.455277776888146], [3.3230349893724034, 6.45572950531457], [3.3234860197663134, 6.453920014306306], [3.3221297750427823, 6.454373174724432], [3.321676456410953, 6.452564255879161], [3.3207718205245578, 6.452112524646176], [3.320770967187314, 6.450755621038744], [3.3194144447463767, 6.450756472719595], [3.319867753529659, 6.4525653941815255], [3.3185112261553846, 6.452566243696382], [3.3189639677926817, 6.453470563435143], [3.318060178847056, 6.454375731211885]], [[3.316703927395259, 6.454828877478075], [3.3171558239140615, 6.454376294906474], [3.317156105293124, 6.454828596212783], [3.316703927395259, 6.454828877478075]], [[3.3171558239140615, 6.454376294906474], [3.317607719630585, 6.453923711965372], [3.317608001390639, 6.454376013259805], [3.3171558239140615, 6.454376294906474]], [[3.3216773123989443, 6.453921159269514], [3.3212254204750264, 6.454373745641492], [3.3212251355059794, 6.453921444507265], [3.3216773123989443, 6.453921159269514]], [[3.320772105011031, 6.452564825832614], [3.3207723895178662, 6.453017127011029], [3.3198680372344183, 6.453017695400107], [3.319867753529659, 6.4525653941815255], [3.320772105011031, 6.452564825832614]], [[3.3207723895178662, 6.453017127011029], [3.321224850557324, 6.453469143365018], [3.320772674045064, 6.453469428181426], [3.3207723895178662, 6.453017127011029]], [[3.3198686047048533, 6.453922297813206], [3.3194164277304954, 6.453922581446079], [3.3194158610622226, 6.453017978992901], [3.3198680372344183, 6.453017695400107], [3.3198686047048533, 6.453922297813206]]], [[[3.3230364228553047, 6.4579910103410505], [3.3221320619493024, 6.457991583186693], [3.3216804525939447, 6.458896471082968], [3.321227986114075, 6.4584444554884355], [3.3203239086120853, 6.4588973262566975], [3.3203236242419414, 6.458445025162502], [3.318966798135639, 6.45799357549998], [3.3189676476333716, 6.459350478962928], [3.319871727244091, 6.458897610511544], [3.319872295242476, 6.459802212715985], [3.32122884169415, 6.459801358626269], [3.322132633880427, 6.458896185221996], [3.3234891776170605, 6.458895325229889], [3.3230364228553047, 6.4579910103410505]]], [[[3.3262106716093687, 6.472010315000556], [3.325306575484362, 6.47246319536356], [3.3253068649102357, 6.472915495985982], [3.3262112520496037, 6.472914916171753], [3.3262115423007876, 6.473367216745279], [3.3253071543567625, 6.473367796600357], [3.3257599280988743, 6.474272108037831], [3.3271156391061285, 6.472914334747884], [3.3262106716093687, 6.472010315000556]]], [[[3.3302818748275684, 6.474269188229244], [3.3311862639225907, 6.474268599437599], [3.3307337750691195, 6.473816593683175], [3.331185085173375, 6.4724593980663485], [3.3298287997763425, 6.472912580818462], [3.3302818748275684, 6.474269188229244]]], [[[3.3329950418600816, 6.47426741702439], [3.3320900619073623, 6.473363408449619], [3.3325419596926946, 6.472910812402326], [3.332541367988489, 6.4720062118093535], [3.33208917552628, 6.472006507509727], [3.3311859692037467, 6.473816299106856], [3.332543143354461, 6.474720013491705], [3.3329950418600816, 6.47426741702439]]], [[[3.3253239775966086, 6.499601218448824], [3.327133139219827, 6.500052352440592], [3.327132554677931, 6.499147752318763], [3.327584771557546, 6.499147459812806], [3.327585356907458, 6.500052059893586], [3.3307508801367915, 6.500050000749455], [3.3307505846232823, 6.499597700857575], [3.3325597500921074, 6.500048815205253], [3.3321066425214325, 6.498692212684621], [3.333463291193787, 6.49869132068344], [3.333011967528212, 6.500048517808929], [3.333463887005533, 6.499595920241554], [3.333916402336951, 6.500047921803954], [3.337534140721428, 6.5000455216197075], [3.3375338391476075, 6.499593222042088], [3.3379863579233353, 6.500045219778189], [3.34024744361035, 6.5000437045089745], [3.340699051900765, 6.499138801377166], [3.339342099895109, 6.498687413326529], [3.339793708762222, 6.497782510933002], [3.340245923836716, 6.497782207177539], [3.3402465316813506, 6.498686806134351], [3.3416031791985943, 6.498685892315913], [3.3411503539208574, 6.497781598454717], [3.342054783918344, 6.49778098811603], [3.3425076107683425, 6.498685281083511], [3.34341173549044, 6.4982323689106805], [3.342960745721434, 6.500041872850369], [3.3438651795845376, 6.500041259064642], [3.3438648723544455, 6.499588959786087], [3.349291780920868, 6.5000375424053365], [3.3497430601750495, 6.49868033304517], [3.3511006473256395, 6.500036290587509], [3.351552549772768, 6.499583677714854], [3.3529095133736795, 6.500035032303998], [3.3524566671047342, 6.499130749745367], [3.354265213174496, 6.498677187998511], [3.354264896719488, 6.498224889199099], [3.353360467106513, 6.498225521396225], [3.353359835879536, 6.4973209236844305], [3.3515509796156486, 6.4973221830539885], [3.3515512936024243, 6.49777448200232], [3.3501949627557797, 6.498227721360422], [3.3501943371832317, 6.497323123339842], [3.351098451933188, 6.496870197908106], [3.3510971979137096, 6.4950610019135935], [3.350645298856196, 6.495513614264957], [3.349740873731544, 6.49551423973473], [3.3492880374450578, 6.494609953658671], [3.3479317125706523, 6.495063186664268], [3.3479307807672694, 6.493706289123397], [3.346574147492755, 6.493707219192253], [3.3470257391289238, 6.492802311084918], [3.345216897771608, 6.492803546966021], [3.345216589680206, 6.492351247623061], [3.347477639304039, 6.492349701871128], [3.347929538672066, 6.491897092289217], [3.3479304702103287, 6.493253989926961], [3.348382680854069, 6.493253679118419], [3.3483820589993223, 6.492349080744985], [3.3492864786061185, 6.492348458004348], [3.349737752128548, 6.490991248604878], [3.351094377674112, 6.490990310453608], [3.351095630890991, 6.492799506738772], [3.352000051038062, 6.492798879110569], [3.352451632003798, 6.491893966696885], [3.3533563657355123, 6.492345635692113], [3.3533557350919287, 6.491441037770372], [3.352451317500225, 6.491441667687725], [3.3519981665046767, 6.490085084898901], [3.3501890234078937, 6.489634038860811], [3.350189648224383, 6.4905386371558915], [3.349737440090392, 6.4905389494475], [3.3497368160807026, 6.489634351108535], [3.347475779112213, 6.489635906295354], [3.348381126383115, 6.4909921831243], [3.345667874295743, 6.490994041267593], [3.346571673340208, 6.490088824872222], [3.345667257503366, 6.4900894425523585], [3.3456663324794174, 6.488732544418995], [3.3452141257381323, 6.488732852588863], [3.344761304015184, 6.487828561472845], [3.343856892036274, 6.4878291757092414], [3.343857505382872, 6.48873377467808], [3.3434052985540785, 6.488734081234357], [3.342953703524038, 6.489638986409931], [3.3415970804216335, 6.489639902576937], [3.3420502036178292, 6.490996496193772], [3.341145785730581, 6.4909971058899165], [3.341146090124961, 6.491449405450742], [3.340241671344117, 6.491450013575447], [3.3402413677566845, 6.490997713971899], [3.3388850430108863, 6.491450922735737], [3.338884438278384, 6.490546323392833], [3.337527511048523, 6.4900949290466], [3.3375266078059487, 6.488738029756685], [3.3379788149159695, 6.488737728444591], [3.337525704756261, 6.487381130394172], [3.339334528228187, 6.487379922980033], [3.3393351334659513, 6.488284522393354], [3.3397873400866556, 6.488284219488954], [3.3397864310525955, 6.486927320420746], [3.3402383330706016, 6.486474717492718], [3.341143047155944, 6.486926409479443], [3.3411421346876375, 6.485569510530775], [3.340238029720816, 6.486022417800441], [3.3393330155108374, 6.48511842430561], [3.3393324105747206, 6.484213824779405], [3.337975500242025, 6.483762430660194], [3.3384286078494365, 6.485119028606836], [3.3370719961962423, 6.48511993203488], [3.337072597187389, 6.4860245317408864], [3.3366203924539164, 6.486024832119461], [3.3366197922690013, 6.485120232371218], [3.335715384350426, 6.485120831834371], [3.3352619850821608, 6.48331193111521], [3.336165790696614, 6.482406732739638], [3.3375226959836803, 6.482858131995028], [3.337973693332503, 6.4810486314575915], [3.3397827968580898, 6.481499723422291], [3.339331200961036, 6.482404625630268], [3.3406878050374664, 6.482403716538363], [3.340234694298988, 6.4810471206533515], [3.3415903817879764, 6.4796893101370125], [3.34068568058393, 6.4792376181648095], [3.3397821914610457, 6.480595123809718], [3.338425290631733, 6.480143730346325], [3.3384243863872394, 6.478786830651531], [3.337519689354171, 6.478335132789987], [3.3375190882854295, 6.477430532852318], [3.336614694149009, 6.477431133209626], [3.335709702164638, 6.476527131817456], [3.336161299998895, 6.47562223255886], [3.3352569089546615, 6.475622830331638], [3.334803819459303, 6.474266228171291], [3.3357079093888014, 6.473813331208103], [3.3357073119673686, 6.472908730940599], [3.3366116981401674, 6.472908132615579], [3.337064790979839, 6.474264733048833], [3.3393263659535117, 6.475167827744705], [3.3402295446975363, 6.4733580231450984], [3.338420771343097, 6.473359231147633], [3.3375157839395455, 6.4724552326195255], [3.3379673752326826, 6.471550331965166], [3.3361586078853374, 6.471551531580872], [3.3352533295095714, 6.470195228377676], [3.333896757266893, 6.470196121262345], [3.3338961634033675, 6.469291520698193], [3.3329920795276244, 6.469744414187735], [3.331182139772189, 6.467936394075093], [3.3302780555801963, 6.468389282762924], [3.3302774683182084, 6.467484681801311], [3.3293725056344763, 6.466580667286122], [3.3284684220160865, 6.467033552740166], [3.3284678380951997, 6.466128951565113], [3.3289200254983733, 6.466128659351459], [3.3289194408571907, 6.465224058185472], [3.329824107107277, 6.465675773180525], [3.33027570703548, 6.464770878723538], [3.3316325600144627, 6.465222296710378], [3.3316316759772224, 6.463865395273845], [3.3334404168399967, 6.463864213168769], [3.3329891193092593, 6.465221410546822], [3.333893492066805, 6.465220817761488], [3.3338928986696312, 6.464316217020465], [3.3347972697352044, 6.464315622711276], [3.3343456784137957, 6.465220520765934], [3.336606908971199, 6.465671329991611], [3.3361553198719616, 6.466576229500637], [3.3370596947429405, 6.466575630961721], [3.337059994350388, 6.467027931148831], [3.338416256888847, 6.4665747301382694], [3.338867841862137, 6.465669828830939], [3.3397728188413907, 6.4665738256967265], [3.3411290773966917, 6.466120617633286], [3.3402259134433465, 6.467930423503541], [3.3420346671481336, 6.467929210088659], [3.3420349712418864, 6.468381510017479], [3.3415830861596096, 6.4688341139379775], [3.3406784047897387, 6.468382420745986], [3.340679010630073, 6.469287020707908], [3.342035579494536, 6.469286109850989], [3.3420352753573535, 6.468833809938255], [3.342939958628984, 6.4692855006021475], [3.342939348768125, 6.468380900854527], [3.3420343630760962, 6.4674769101518015], [3.34203345099027, 6.466120010292983], [3.342937519708079, 6.465667101418683], [3.342485029002153, 6.465215106116703], [3.3429359960900946, 6.463405601667754], [3.3420316274049013, 6.463406210358312], [3.342031323550005, 6.462953910341072], [3.3433875703018954, 6.46250069680616], [3.3424825948624637, 6.461596706182601], [3.342934473016388, 6.461144101715932], [3.342481378314431, 6.459787506022733], [3.3442901026596212, 6.45978628611605], [3.344289796971113, 6.45933398614212], [3.3424801621142657, 6.457978305734366], [3.341576409473504, 6.458883513352673], [3.3420291971737077, 6.4597878099954436], [3.340672956119799, 6.460241019641748], [3.340673863744834, 6.461597920006586], [3.340221680911287, 6.461598222458337], [3.3397682911449698, 6.459789323835235], [3.338863928582288, 6.45978992656006], [3.338863627711348, 6.4593376263291455], [3.3406726536213744, 6.459788719504072], [3.3411242290922827, 6.458883816479415], [3.340671746255862, 6.458431819042859], [3.3384111463511967, 6.458885626807775], [3.3388621236793257, 6.457076125054129], [3.3366015276952283, 6.457529924580166], [3.3366009302030473, 6.456625323818275], [3.337505287361115, 6.456624725405141], [3.3384090438167755, 6.45571952476174], [3.338408143052834, 6.45436262376447], [3.3393118940209012, 6.453457421732701], [3.3379544676951314, 6.452101421939887], [3.337502293159568, 6.452101721536795], [3.3375028918284797, 6.453006322374653], [3.3347892454972827, 6.452103510695079], [3.335240825587375, 6.451198612423962], [3.3343364778426183, 6.451199206319479], [3.3343367743168737, 6.451651506905881], [3.3334321300129686, 6.451199798610808], [3.3329805466303344, 6.452104695445197], [3.334337070812352, 6.452103807484264], [3.3334333128293943, 6.453009001075756], [3.332076491581591, 6.452557586088446], [3.331623728168469, 6.451653279092556], [3.3307193792836194, 6.4516538666128405], [3.330266619099231, 6.450749558215538], [3.3293622716922466, 6.4507501432466565], [3.3293625637351516, 6.451202444069937], [3.328910097957379, 6.4507504351606855], [3.3284582154426947, 6.451203027538217], [3.3266492289704344, 6.4507518887155335], [3.3266503876443503, 6.45256109245407], [3.3261982121807816, 6.4525613820438394], [3.3261976336043397, 6.451656780149681], [3.3252932842190854, 6.451657358044129], [3.3261993695821483, 6.454370585735898], [3.3275556101388033, 6.453917414667768], [3.3275561913291365, 6.454822016358746], [3.328008368735881, 6.4548217254628275], [3.3275567726026436, 6.455726618017629], [3.3284611290000865, 6.455726035742256], [3.3284614204705054, 6.456178336518531], [3.3298179561139265, 6.456177460033577], [3.3298167855430325, 6.454368257127952], [3.331173316183695, 6.454367377279405], [3.331173609998465, 6.454819677955687], [3.330269255456697, 6.454820264964101], [3.3302701346198975, 6.456177167069207], [3.3307223131049026, 6.456176873703476], [3.330721726172692, 6.455272272349538], [3.3316266700118997, 6.4561762857679375], [3.331626375732824, 6.455723985136505], [3.3325307317531405, 6.4557233956371665], [3.332982318829494, 6.454818499123568], [3.3338866731182963, 6.454817907299862], [3.3347916214340163, 6.455721914865532], [3.3334350876890197, 6.455722804532505], [3.333435679478228, 6.456627405620559], [3.332531321937347, 6.456627996808725], [3.332531617061114, 6.457080297382463], [3.3316272586332074, 6.457080887006719], [3.331626964312027, 6.456628586391341], [3.331175079387661, 6.457081181216724], [3.3307226066024995, 6.456629174368407], [3.3275576446688566, 6.457083520445765], [3.3280092418809577, 6.456178627877462], [3.3266527059874953, 6.456179499546096], [3.327105465235132, 6.45708381104302], [3.326201395831771, 6.457536691888085], [3.3262005273148305, 6.456179789299585], [3.3248439911727043, 6.456180656151893], [3.3248442794538446, 6.456632957083978], [3.3239396336414657, 6.456181232046627], [3.3243912367194124, 6.455276342370992], [3.3252955926045433, 6.4552757657549975], [3.325295303984087, 6.454823464819219], [3.3239384839326775, 6.454372028075337], [3.323488890437042, 6.458443024276969], [3.324393540005518, 6.458894749894164], [3.3243941160329755, 6.459799351694681], [3.3225856744009237, 6.460252801891599], [3.3221343501645983, 6.4616099911352025], [3.3212294121828285, 6.460705960678013], [3.319872863322087, 6.46070681488831], [3.319872295242476, 6.459802212715985], [3.31896793083978, 6.459802780101187], [3.318968214066438, 6.460255081231416], [3.3176113840839405, 6.459803628167071], [3.3176108201000982, 6.458899025762795], [3.3167064571011613, 6.458899589052572], [3.3167061759423073, 6.45844728779862], [3.3176105381384215, 6.458446724548613], [3.3176096923743668, 6.457089820857906], [3.3167058948035586, 6.457994986536642], [3.3162534333594236, 6.457542966249703], [3.31444499096885, 6.4579963875364115], [3.313993646393055, 6.459353570649664], [3.312184640904747, 6.458902381409487], [3.3126373777658764, 6.459806706819623], [3.3117332895243305, 6.460259562800532], [3.311733012721641, 6.459807261353966], [3.3103761894284474, 6.459355788630455], [3.310827543796802, 6.457998608259274], [3.3103753628112007, 6.457998884042987], [3.3103745363712838, 6.456641979383283], [3.3099223565699596, 6.456642254707186], [3.309018545440683, 6.4575474073818055], [3.3094710007809165, 6.457999434405983], [3.3090201915085946, 6.4602612168821505], [3.308568008437143, 6.460261491156755], [3.3090193683863607, 6.4589043121681025], [3.306758731202811, 6.459357980911278], [3.3072100953619055, 6.45800080328762], [3.3054016417796297, 6.458454192915851], [3.3049500016217004, 6.459359067414189], [3.3054021840460885, 6.459358796390806], [3.3054027263900987, 6.460263399833648], [3.3067592759557343, 6.460262584238982], [3.306759820786553, 6.461167187534569], [3.305855452822718, 6.461167731742784], [3.3044999825941597, 6.462977751920575], [3.302239591053364, 6.463883703348053], [3.3022398595972486, 6.464336005126521], [3.303596690181645, 6.4647874991665555], [3.303596959969353, 6.465239800871977], [3.3026925845040638, 6.465240339798826], [3.3026928535073568, 6.4656926415342255], [3.3035972297763356, 6.465692102569366], [3.3035974996025916, 6.466144404258718], [3.302693122529866, 6.4661449432615905], [3.3031458499823545, 6.467049277353787], [3.3045018765982213, 6.4661438636478925], [3.304048337162437, 6.4638826257224276], [3.304952710101273, 6.463882084498534], [3.3049524391661973, 6.4634297828262435], [3.305857082962669, 6.463881541667256], [3.305857898294778, 6.465238446521051], [3.304953794035176, 6.465691291107374], [3.304955149388162, 6.467952799187618], [3.305407339445413, 6.4679525278006995], [3.3049556916648806, 6.468857402363453], [3.3058603453396653, 6.469309160648485], [3.305408968920431, 6.4706663371169215], [3.307216918955031, 6.469308342695845], [3.3076699309779136, 6.470664973574238], [3.3067655462133203, 6.470665520198126], [3.30676581906692, 6.471117821665116], [3.308574590126727, 6.471116726731096], [3.3085748646086723, 6.471569028112883], [3.307670478313402, 6.471569576423129], [3.3076712994631365, 6.472926480636142], [3.3090276075541185, 6.4724733560549925], [3.309929790068155, 6.468854394567713], [3.3081210272858828, 6.468855493941828], [3.3081215752692796, 6.469760096816439], [3.3076693837205595, 6.469760370693182], [3.3076688365413385, 6.468855767779964], [3.3058600733681165, 6.468856859110923], [3.306311447186435, 6.46749968227807], [3.306763364085649, 6.467047108172759], [3.3085723949764354, 6.467498315387318], [3.3090237604118724, 6.466141136474473], [3.3103806010487618, 6.466592611876298], [3.3108322371333956, 6.465687732968278], [3.3099273106416964, 6.464783681931551], [3.3108316846801555, 6.464783130181823], [3.310831408483135, 6.464330828776541], [3.3130928976562926, 6.465234045073669], [3.3130920630384466, 6.463877141151211], [3.313996993191655, 6.464781186397863], [3.3139978303398197, 6.466138090154161], [3.3149019265592607, 6.465685229847279], [3.3149013668731055, 6.464780627413903], [3.3162584893423963, 6.4656843882383646], [3.316259332638667, 6.467041291650084], [3.315807143858629, 6.467041572647788], [3.315356076518662, 6.468851057838276], [3.3171651200539745, 6.469302233775412], [3.3171659662449033, 6.470659136875046], [3.317618440687182, 6.471111155509248], [3.318522541992909, 6.470658288579157], [3.318523108634081, 6.471562890485802], [3.3189753013140777, 6.471562606875998], [3.31942664162928, 6.47020542011183], [3.320783215867046, 6.470204565842114], [3.32123597866573, 6.4711088819631275], [3.3234963637919237, 6.470202846442193], [3.323949419451135, 6.471559460614675], [3.325306575484362, 6.47246319536356], [3.325758189067787, 6.471558304449898], [3.3244013233267347, 6.471106871489679], [3.3244001692947487, 6.469297668660083], [3.3253045500815395, 6.469297090781367], [3.325303971580895, 6.468392489399788], [3.3262083506768523, 6.468391909994034], [3.3262089307857194, 6.469296511293919], [3.32801798363922, 6.469747648048678], [3.3284710506923263, 6.471104257629909], [3.3293751413597668, 6.470651371877037], [3.3293757273065214, 6.471555972808779], [3.329827626106516, 6.471103379101998], [3.330732303801794, 6.471555091805014], [3.3307314212933727, 6.470198190581577], [3.3298273327414103, 6.470651078652769], [3.330278642926058, 6.469293883692374], [3.3311830231717705, 6.469293295356919], [3.3325410721680555, 6.471553911500801], [3.33389764822117, 6.471553022048247], [3.332993856673402, 6.472458215986276], [3.3334472362916716, 6.474267120414854], [3.3343519226480742, 6.4747188261649535], [3.333448126610996, 6.475624021046262], [3.333448720263066, 6.476528621426953], [3.332543735312023, 6.4756246139881055], [3.3316396391340493, 6.476077505597406], [3.331638458438576, 6.474268304438037], [3.3311862639225907, 6.474268599437599], [3.3311871482052853, 6.475625500381535], [3.3307349524609466, 6.4756257950408544], [3.330734363723036, 6.4747211943781116], [3.329830560909302, 6.4756263831517575], [3.328021485590322, 6.475175254091365], [3.328021193646521, 6.474722953632063], [3.328925583755637, 6.474722368824169], [3.3293763133369225, 6.472460573708339], [3.3289241203254583, 6.472460866612887], [3.3289247056348796, 6.473365467521541], [3.3275684155403864, 6.473818644448375], [3.327570164850926, 6.476532447303347], [3.330283638752379, 6.476982990293503], [3.3298323227961433, 6.4783401851952735], [3.3293801245734644, 6.478340478770849], [3.3293795379993436, 6.47743587808055], [3.3280235297800655, 6.4783413570810815], [3.32802528275495, 6.481055159329647], [3.328929391117507, 6.48060227363167], [3.3284760205784827, 6.478793365088068], [3.3307367191786463, 6.478339596835876], [3.3316417061617907, 6.479243607316347], [3.3307378974104282, 6.480148797871505], [3.3307381920208723, 6.480601098110277], [3.3316425923466717, 6.480600507932237], [3.3316431832418774, 6.481505108302551], [3.3311909822838324, 6.481505403634574], [3.331191867575866, 6.482862304191959], [3.3302874631793085, 6.482862893771582], [3.3302877575127923, 6.483315193982732], [3.329383058698866, 6.482863481739078], [3.3293824717064777, 6.481958881209881], [3.328478068754045, 6.481959467482754], [3.3289320290509954, 6.484672976162517], [3.328027328839964, 6.484221261586415], [3.3280279136231337, 6.485125862158677], [3.3289323222591425, 6.485125276403426], [3.3289326154881755, 6.485577576636275], [3.327123796520432, 6.485578746616344], [3.326221132209288, 6.48829313115433], [3.3253167176793723, 6.488293712357437], [3.3248639309543067, 6.487389401607993], [3.323507599856852, 6.487842569493252], [3.3239624078167163, 6.491912984123354], [3.3262237515536937, 6.492363833560677], [3.3266765455299185, 6.493268142574909], [3.3271284652112665, 6.492815550561467], [3.3280331804208303, 6.493267265857517], [3.3275815536203814, 6.494172158791062], [3.3266768371168096, 6.493720442765331], [3.3266774203528224, 6.49462504312196], [3.327582430989987, 6.495529059166614], [3.32713050943566, 6.4959816516379325], [3.3275836011073503, 6.497338259554318], [3.328488031572772, 6.497337673494787], [3.328488324961875, 6.497789973530388], [3.327583893688696, 6.497790559631054], [3.327584186290844, 6.498242859699716], [3.325775030892943, 6.497791726984765], [3.3253222340389694, 6.496887417447036], [3.3266791705587204, 6.497338843998088], [3.3266785870737774, 6.496434243738343], [3.325773576270659, 6.495530226110675], [3.3239650104883696, 6.495983686865946], [3.3244186733536067, 6.498244898470119], [3.323966457137081, 6.498245188107045], [3.323062890454645, 6.499602666938354], [3.3235153969733378, 6.500054678268671], [3.3253242682618542, 6.5000535185875155], [3.3253239775966086, 6.499601218448824]], [[3.326227829424551, 6.498696036004517], [3.3266800459417203, 6.498695744327138], [3.3266806296341103, 6.499600344506116], [3.3262284123089834, 6.499600636224435], [3.326227829424551, 6.498696036004517]], [[3.3321066425214325, 6.498692212684621], [3.331654129996728, 6.498240209335717], [3.332106345859128, 6.498239912830846], [3.3321066425214325, 6.498692212684621]], [[3.3497430601750495, 6.49868033304517], [3.349290532740712, 6.4982283462856945], [3.3497427477593504, 6.498228034025055], [3.3497430601750495, 6.49868033304517]], [[3.3520035081058275, 6.497774167743778], [3.352004136954184, 6.498678765572091], [3.351099706309388, 6.498679393773384], [3.351099392681895, 6.498227094819183], [3.3520035081058275, 6.497774167743778]], [[3.3492895968384904, 6.496871449111135], [3.34974243536586, 6.49777573499686], [3.348838006114208, 6.497776359070348], [3.3488376945506753, 6.497324059990275], [3.3474813620706647, 6.497777292150848], [3.3470288373972785, 6.497325303202419], [3.34748043108113, 6.496420394689934], [3.3483851691579454, 6.496872072289206], [3.348836759992985, 6.495967162701595], [3.350645925058389, 6.496418212306211], [3.3506462381928848, 6.496870511314724], [3.3492895968384904, 6.496871449111135]], [[3.34748043108113, 6.496420394689934], [3.34702790768539, 6.495968405651957], [3.347480120795416, 6.495968095520142], [3.34748043108113, 6.496420394689934]], [[3.348836759992985, 6.495967162701595], [3.3483842358780738, 6.495515174910724], [3.3488364485180577, 6.495514863589214], [3.348836759992985, 6.495967162701595]], [[3.3474773292169075, 6.491897402628676], [3.347024810078119, 6.491445413292241], [3.3474770191518406, 6.49144510337815], [3.3474773292169075, 6.491897402628676]], [[3.3519997368932866, 6.492346580095467], [3.3515472135155737, 6.491894595044112], [3.3519994227708616, 6.491894281072295], [3.3519997368932866, 6.492346580095467]], [[3.348380815555289, 6.490539883901267], [3.3488327125466975, 6.49008727361094], [3.3488330237558164, 6.490539572820188], [3.348380815555289, 6.490539883901267]], [[3.3488333349870856, 6.490991872021364], [3.3488339575160753, 6.491896470399512], [3.3483817481051315, 6.491896781546163], [3.348381126383115, 6.4909921831243], [3.3488333349870856, 6.490991872021364]], [[3.3452141257381323, 6.488732852588863], [3.344762226487636, 6.489185459784477], [3.3447619189749274, 6.488733160355334], [3.3452141257381323, 6.488732852588863]], [[3.34431001929921, 6.489185767169151], [3.344763456757386, 6.4909946574203765], [3.3452156655375247, 6.490994349545755], [3.3447640720236116, 6.491899256189913], [3.3443118624146058, 6.491899563704198], [3.344311247955355, 6.490994964891458], [3.342954315431702, 6.490543585400357], [3.343405604856799, 6.4891863807282215], [3.34431001929921, 6.489185767169151]], [[3.342954315431702, 6.490543585400357], [3.3425024125288885, 6.49099619074039], [3.342502106945836, 6.490543891235792], [3.342954315431702, 6.490543585400357]], [[3.338432229597818, 6.490546625596658], [3.337980322444363, 6.490999227114894], [3.337980020895763, 6.490546927396971], [3.338432229597818, 6.490546625596658]], [[3.337527511048523, 6.4900949290466], [3.3370756034272966, 6.490547529787058], [3.337075302706991, 6.490095230018738], [3.337527511048523, 6.4900949290466]], [[3.3375217937698096, 6.4815012323181085], [3.336616792626836, 6.4805972331463835], [3.337520591118007, 6.479692032636085], [3.3375217937698096, 6.4815012323181085]], [[3.339329991692079, 6.480595426352194], [3.338878093783675, 6.481048028344647], [3.338877791901567, 6.480595728491781], [3.339329991692079, 6.480595426352194]], [[3.338425290631733, 6.480143730346325], [3.337973392256023, 6.48059633156229], [3.337973091201002, 6.480144031658931], [3.338425290631733, 6.480143730346325]], [[3.337972188164692, 6.478787131900523], [3.337520290508632, 6.479239732695438], [3.3375199899206867, 6.47878743274674], [3.337972188164692, 6.478787131900523]], [[3.3338991335689396, 6.47381452319718], [3.3338988364569877, 6.473362222983487], [3.3352554171467172, 6.473361329658306], [3.335255715465735, 6.47381362980907], [3.3338991335689396, 6.47381452319718]], [[3.334802925709315, 6.472909327655989], [3.334802627835165, 6.472457027468127], [3.334350137625912, 6.472005024984346], [3.3357070132886233, 6.472456430794774], [3.3357073119673686, 6.472908730940599], [3.334802925709315, 6.472909327655989]], [[3.3271112757606747, 6.466129825794173], [3.3271109850371174, 6.465677525132937], [3.328467546166036, 6.46567665096553], [3.3284678380951997, 6.466128951565113], [3.3271112757606747, 6.466129825794173]], [[3.3334404168399967, 6.463864213168769], [3.3338923053572467, 6.463411616247297], [3.33389260200284, 6.463863916637898], [3.3334404168399967, 6.463864213168769]], [[3.3357022373272973, 6.465219627367711], [3.336154124870977, 6.4647670285029815], [3.3361544235892118, 6.4652193287644515], [3.3357022373272973, 6.465219627367711]], [[3.336606310709741, 6.464766729518888], [3.33570164071576, 6.46431502679461], [3.335701342441959, 6.463862726496005], [3.336605712533761, 6.463862129014015], [3.336606310709741, 6.464766729518888]], [[3.3347969722649085, 6.463863322370633], [3.3347966748158675, 6.463411022021956], [3.3357010441894697, 6.463410426189365], [3.335701342441959, 6.463862726496005], [3.3347969722649085, 6.463863322370633]], [[3.3375106823231313, 6.464766130345009], [3.337510982246794, 6.465218430543125], [3.336606609829785, 6.465219029759268], [3.336606310709741, 6.464766729518888], [3.3375106823231313, 6.464766130345009]], [[3.3415815678093232, 6.466572614146533], [3.34158217508438, 6.467477214087234], [3.3411299870709783, 6.4674775176205985], [3.3411293805997975, 6.466572917637096], [3.3415815678093232, 6.466572614146533]], [[3.3433851307812614, 6.4588822968304385], [3.342933254949296, 6.459334901609878], [3.3429329504869485, 6.458882601563287], [3.3433851307812614, 6.4588822968304385]], [[3.3411260465567545, 6.461597617153137], [3.341125440648641, 6.460693016960689], [3.3420298046012262, 6.460692410134359], [3.341577925980555, 6.461145013827183], [3.342031019716822, 6.462501610315796], [3.340674468936327, 6.462502520209645], [3.340673863744834, 6.461597920006586], [3.3411260465567545, 6.461597617153137]], [[3.3406747715645144, 6.4629548202991245], [3.3402225875260583, 6.46295512281491], [3.340676285029867, 6.465216320625983], [3.3397719129138412, 6.4652169254690754], [3.3397716109811326, 6.464764625377117], [3.3388675407115334, 6.46521752870447], [3.3388669384748653, 6.464312928427417], [3.337510082540086, 6.463861529924664], [3.3379616670103665, 6.462956629367092], [3.337057298653702, 6.462957229175482], [3.3370566998453732, 6.462052628648563], [3.337960766420147, 6.461599728691627], [3.337961066595432, 6.462052028924815], [3.3397697998378586, 6.4620508246565995], [3.3406747715645144, 6.4629548202991245]], [[3.3384147531450163, 6.464313229399765], [3.3379628680977005, 6.464765830155223], [3.3379625677936833, 6.464313529970244], [3.3384147531450163, 6.464313229399765]], [[3.337057598089963, 6.4634095294268885], [3.3361532288443176, 6.463410127670352], [3.336152930211446, 6.462957827376738], [3.337057298653702, 6.462957229175482], [3.337057598089963, 6.4634095294268885]], [[3.3375085834574394, 6.46160002873319], [3.337056101122635, 6.461148028089513], [3.3375082837051897, 6.461147728470794], [3.3375085834574394, 6.46160002873319]], [[3.338863928582288, 6.45978992656006], [3.338412047759623, 6.460242527564211], [3.3384117472686645, 6.459790227320096], [3.338863928582288, 6.45978992656006]], [[3.3384111463511967, 6.458885626807775], [3.337959265865547, 6.4593382274052], [3.337958965818991, 6.458885927123822], [3.3384111463511967, 6.458885626807775]], [[3.336601826473371, 6.457982224949068], [3.3361496466583063, 6.457982523616823], [3.335698658936778, 6.459792023447027], [3.3347942959886874, 6.45979261894332], [3.334341223977554, 6.458436014739155], [3.333889043654699, 6.458436311420496], [3.3352446918372856, 6.457078518875716], [3.336149049926061, 6.45707792282881], [3.336601826473371, 6.457982224949068]], [[3.334341817626458, 6.459340615647143], [3.3338899329555822, 6.459793212833273], [3.3338896365007584, 6.459340912370378], [3.334341817626458, 6.459340615647143]], [[3.3338902294316024, 6.46024551328814], [3.3329858655107234, 6.46024610561356], [3.332985569837692, 6.459793805116884], [3.3338899329555822, 6.459793212833273], [3.3338902294316024, 6.46024551328814]], [[3.333888747263464, 6.457984010933512], [3.3334362713521046, 6.457532006676503], [3.3338884508934243, 6.4575317104385], [3.333888747263464, 6.457984010933512]], [[3.3365994368465297, 6.454363821773089], [3.3365988396534956, 6.453459220898844], [3.3375031911950725, 6.453458622781549], [3.3375034905830896, 6.4539109231804215], [3.338407542650951, 6.453458023059502], [3.338408143052834, 6.45436262376447], [3.3365994368465297, 6.454363821773089]], [[3.3365994368465297, 6.454363821773089], [3.3361475584688822, 6.45481642071831], [3.3361472602414635, 6.454364120272134], [3.3365994368465297, 6.454363821773089]], [[3.3379562663654254, 6.454815224230142], [3.3379565662188946, 6.455267524583769], [3.3366003327963374, 6.455720723024276], [3.336599735475098, 6.454816122198178], [3.3379562663654254, 6.454815224230142]], [[3.3356941902641095, 6.453007516920079], [3.3347898393539515, 6.453008111785832], [3.334789542414991, 6.4525558112444665], [3.3356938925230795, 6.45255521642075], [3.3356941902641095, 6.453007516920079]], [[3.3347904332956295, 6.453912712844493], [3.3352423121809474, 6.453460115065874], [3.3361466638506414, 6.453459519355709], [3.335695381441328, 6.454816718837169], [3.334338850230919, 6.454817610786099], [3.3343376638669797, 6.453008408616967], [3.3347898393539515, 6.453008111785832], [3.3347904332956295, 6.453912712844493]], [[3.3261987908400505, 6.453465983905914], [3.326650677364668, 6.4530133933686535], [3.326650967105721, 6.453465694275215], [3.3261987908400505, 6.453465983905914]], [[3.3275556101388033, 6.453917414667768], [3.3280074957782038, 6.453464822975976], [3.328007786743274, 6.453917123812949], [3.3275556101388033, 6.453917414667768]], [[3.328007204833955, 6.4530125221309795], [3.3289115563760854, 6.453011939300056], [3.3289121398897215, 6.453916540899654], [3.328459963326923, 6.45391683255691], [3.328007204833955, 6.4530125221309795]], [[3.328007204833955, 6.4530125221309795], [3.327554738509252, 6.452560512071132], [3.328006913910528, 6.452560221277962], [3.328007204833955, 6.4530125221309795]], [[3.327102563087183, 6.452560802463168], [3.327101692847706, 6.451203899732777], [3.327553867066838, 6.451203609402303], [3.327554738509252, 6.452560512071132], [3.327102563087183, 6.452560802463168]], [[3.328911264650586, 6.452559638488222], [3.330267790604008, 6.452558761295116], [3.330268083532615, 6.453011062044958], [3.3289115563760854, 6.453011939300056], [3.328911264650586, 6.452559638488222]], [[3.3280080777291667, 6.454369424641899], [3.328912431677858, 6.454368841687419], [3.3289127234868747, 6.454821142467161], [3.328008368735881, 6.4548217254628275], [3.3280080777291667, 6.454369424641899]], [[3.3284611290000865, 6.455726035742256], [3.3289130153167705, 6.4552734432388785], [3.328913307167546, 6.45572574400257], [3.3284611290000865, 6.455726035742256]], [[3.3293646086208994, 6.454368549608309], [3.329364024263289, 6.453463948066027], [3.3298162003832066, 6.453463655626996], [3.3298167855430325, 6.454368257127952], [3.3293646086208994, 6.454368549608309]], [[3.3316260814748, 6.455271684497051], [3.3316257872378285, 6.454819383849568], [3.3325301416533715, 6.454818794433508], [3.3325304366927018, 6.45527109503935], [3.3316260814748, 6.455271684497051]], [[3.3307229001210916, 6.457081475025311], [3.330271013971791, 6.457534069102082], [3.330270720833527, 6.457081768432483], [3.3307229001210916, 6.457081475025311]], [[3.330271013971791, 6.457534069102082], [3.329819127019816, 6.457986662810791], [3.3298188342619377, 6.457534362128528], [3.330271013971791, 6.457534069102082]], [[3.3225859608600357, 6.460705102852908], [3.3230384305926632, 6.461157117040957], [3.322586247339627, 6.461157403806187], [3.3225859608600357, 6.460705102852908]], [[3.323490613825193, 6.461156829874056], [3.323490901128428, 6.461609130778797], [3.325299346549659, 6.461155677189719], [3.3257523976747, 6.462512290399297], [3.3262045819884127, 6.462512000761047], [3.3262037127881, 6.461155098437517], [3.328464919741937, 6.461605945207673], [3.3280121537180163, 6.4607016354045], [3.328916226823702, 6.46024875119803], [3.328917103127717, 6.4616056532000945], [3.3302736531596566, 6.46160477476716], [3.3302730665266975, 6.460700173564467], [3.331629613960534, 6.460699291640729], [3.331178019742829, 6.461604187136704], [3.3320823862419036, 6.461603597899449], [3.332082681196273, 6.462055898405695], [3.33343893583233, 6.461602711030821], [3.334344193071078, 6.462959018957844], [3.3316313813402494, 6.463413094778931], [3.330726423981816, 6.462509082281904], [3.329371334744694, 6.4647714650366925], [3.3284669623702676, 6.464772049742255], [3.3289185640520285, 6.463867156376215], [3.3280141932429395, 6.463867740195605], [3.3280147761517607, 6.4647723414921865], [3.3262060310697783, 6.464773504472928], [3.325300791303996, 6.463417181226338], [3.3243964209665533, 6.463417758575518], [3.324395556462007, 6.462060856055445], [3.3234911884522, 6.462061431675507], [3.3234914757965077, 6.462513732564183], [3.3225868203602453, 6.46206200568865], [3.323490613825193, 6.461156829874056]], [[3.3284640446425806, 6.460249043143786], [3.328011571184021, 6.459797033963323], [3.328463752984499, 6.459796742439763], [3.3284640446425806, 6.460249043143786]], [[3.328916226823702, 6.46024875119803], [3.329368116522871, 6.459796158187878], [3.329368408983943, 6.46024845885066], [3.328916226823702, 6.46024875119803]], [[3.334343896066212, 6.46250671857212], [3.334795782596269, 6.462054120927716], [3.3347960799815475, 6.462506421300495], [3.334343896066212, 6.46250671857212]], [[3.3243964209665533, 6.463417758575518], [3.323944523574571, 6.463870347491666], [3.3239442357669264, 6.463418046647385], [3.3243964209665533, 6.463417758575518]], [[3.321229697457757, 6.461158261691836], [3.320777799016715, 6.461610847876292], [3.3207775141229767, 6.461158546850374], [3.321229697457757, 6.461158261691836]], [[3.3207783688652843, 6.4625154499040365], [3.322587393462781, 6.462966607538984], [3.3230404393348976, 6.46432322334733], [3.3243969974058882, 6.464322360215395], [3.3253022365746228, 6.4656786850621], [3.326206610847289, 6.46567810590143], [3.326207480668877, 6.467035007983908], [3.3275637543725436, 6.466581835419147], [3.3289214874667636, 6.468390162125758], [3.327565501686591, 6.469295639046377], [3.3266602497683992, 6.467939319046432], [3.324851204387887, 6.467488177044972], [3.324399592402328, 6.468393067197036], [3.3234952131413795, 6.46839364338578], [3.323495788425576, 6.469298244930068], [3.3212345502517184, 6.468847377697646], [3.322138357690744, 6.4679422038080245], [3.3207817896673353, 6.467943061395587], [3.320780934191895, 6.466586158631195], [3.3203287460158584, 6.466586443629227], [3.320780363976761, 6.465681556748076], [3.3198759892118894, 6.465682126261792], [3.319875420685524, 6.464777524266196], [3.3189710474467313, 6.464778092091975], [3.318065261200943, 6.462517152780584], [3.3167087070957906, 6.462517998795114], [3.3167084257760915, 6.4620656976054045], [3.3185168800300087, 6.461612267744075], [3.3185163142785856, 6.460707665483801], [3.3189684973133446, 6.460707382353616], [3.3189687805805006, 6.461159683467784], [3.320325330767832, 6.4611588316072375], [3.3207783688652843, 6.4625154499040365]], [[3.3248494720407433, 6.4647743724885425], [3.325301369350291, 6.464321782784749], [3.3253016584044164, 6.4647740835519025], [3.3248494720407433, 6.4647743724885425]], [[3.3180658263107645, 6.463421755016514], [3.3176139230093047, 6.463874338588813], [3.3176136408258325, 6.463422037462971], [3.3180658263107645, 6.463421755016514]], [[3.3167092697955067, 6.463422601150437], [3.3167089884355954, 6.462970299976792], [3.3176133586625243, 6.462969736329096], [3.3176136408258325, 6.463422037462971], [3.3167092697955067, 6.463422601150437]], [[3.3117332895243305, 6.460259562800532], [3.311281382991967, 6.460712140942917], [3.3112811065710153, 6.460259839484848], [3.3117332895243305, 6.460259562800532]], [[3.3094720997652343, 6.459808640661995], [3.3099245575926166, 6.460260667128086], [3.309472374560429, 6.460260942205929], [3.3094720997652343, 6.459808640661995]], [[3.3099245575926166, 6.460260667128086], [3.310377016223026, 6.460712693145667], [3.3099248328089854, 6.460712968644574], [3.3099245575926166, 6.460260667128086]], [[3.310377016223026, 6.460712693145667], [3.3108294756565195, 6.461164718714654], [3.3103772918606262, 6.46116499463468], [3.310377016223026, 6.460712693145667]], [[3.3108294756565195, 6.461164718714654], [3.3112819358931542, 6.4616167438349565], [3.310829751715409, 6.461617020176161], [3.3108294756565195, 6.461164718714654]], [[3.3099248328089854, 6.460712968644574], [3.3094729242097576, 6.461165545269706], [3.3094726493752704, 6.460713243741832], [3.3099248328089854, 6.460712968644574]], [[3.3085682824489284, 6.460713792731409], [3.3076639154442304, 6.460714340114396], [3.307663642235502, 6.4602620385011065], [3.308568008437143, 6.460261491156755], [3.3085682824489284, 6.460713792731409]], [[3.3031442334937924, 6.464335467079446], [3.303596150664051, 6.463882895731604], [3.303596420413211, 6.464335197453096], [3.3031442334937924, 6.464335467079446]], [[3.305407339445413, 6.4679525278006995], [3.3058592575699794, 6.467499954450001], [3.3058595294832736, 6.467952256011679], [3.305407339445413, 6.4679525278006995]], [[3.3081215752692796, 6.469760096816439], [3.30857404122161, 6.470212123943395], [3.3090265079782313, 6.470664150621373], [3.308122123330924, 6.470664699658887], [3.3081215752692796, 6.469760096816439]], [[3.3162584893423963, 6.4656843882383646], [3.3167103954362145, 6.465231805764675], [3.3167106768966574, 6.465684106898143], [3.3162584893423963, 6.4656843882383646]], [[3.3176150519448306, 6.4656835430118305], [3.3176153342291217, 6.466135844097496], [3.3167109583772074, 6.466136408023579], [3.3167106768966574, 6.465684106898143], [3.3176150519448306, 6.4656835430118305]], [[3.3162604573147902, 6.46885049608651], [3.3167123660815587, 6.468397913530186], [3.3167126476827504, 6.468850214607392], [3.3162604573147902, 6.46885049608651]], [[3.3212354072389414, 6.47020428028106], [3.3198785485857707, 6.469752834844108], [3.3198782641296627, 6.469300533922676], [3.3212348358937316, 6.469299678566825], [3.3212354072389414, 6.47020428028106]], [[3.3198782641296627, 6.469300533922676], [3.318974166503935, 6.4697534031104755], [3.3180689358585527, 6.4683970667395965], [3.320329315508569, 6.467491045520389], [3.3198782641296627, 6.469300533922676]], [[3.3180689358585527, 6.4683970667395965], [3.31761646356793, 6.467945048359779], [3.3180686530714256, 6.46794476571405], [3.3180689358585527, 6.4683970667395965]], [[3.3180686530714256, 6.46794476571405], [3.318520559385808, 6.46749218165259], [3.3185208425547277, 6.46794448266622], [3.3180686530714256, 6.46794476571405]], [[3.3284704663960745, 6.4701996565995925], [3.328922364898385, 6.469747063693852], [3.328922657417357, 6.470199364200466], [3.3284704663960745, 6.4701996565995925]], [[3.330278642926058, 6.469293883692374], [3.329826159490388, 6.468841876775433], [3.3302783492426427, 6.4688415832316695], [3.330278642926058, 6.469293883692374]], [[3.329826159490388, 6.468841876775433], [3.3293736768588285, 6.468389869406938], [3.3298258662299824, 6.468389576285993], [3.329826159490388, 6.468841876775433]], [[3.332997116750736, 6.477433518531218], [3.332544919480509, 6.477433814884305], [3.332544327354039, 6.476529214452308], [3.3329965238191237, 6.4765289181409464], [3.332997116750736, 6.477433518531218]], [[3.33344931399982, 6.4774332217754385], [3.333449907821259, 6.478337822091718], [3.332997709766918, 6.478338118889282], [3.332997116750736, 6.477433518531218], [3.33344931399982, 6.4774332217754385]], [[3.331640229608122, 6.4769821061287915], [3.3311880326772254, 6.476982401253025], [3.331187443008238, 6.476077800680081], [3.3316396391340493, 6.476077505597406], [3.331640229608122, 6.4769821061287915]], [[3.332092426517962, 6.4769818106018935], [3.33209301788146, 6.47788641105946], [3.33164082016642, 6.477886706627972], [3.331640229608122, 6.4769821061287915], [3.332092426517962, 6.4769818106018935]], [[3.3302827566956092, 6.475626089297597], [3.3302833447124858, 6.476530689969585], [3.32983114812115, 6.476530983865134], [3.329830560909302, 6.4756263831517575], [3.3302827566956092, 6.475626089297597]], [[3.3280206098213982, 6.473818352689315], [3.328473096386118, 6.474270360982608], [3.328020901723547, 6.474270653164714], [3.3280206098213982, 6.473818352689315]], [[3.32847455822161, 6.476531863135969], [3.328926462064346, 6.476079270054361], [3.328926754875684, 6.4765315704483255], [3.32847455822161, 6.476531863135969]], [[3.3316425923466717, 6.480600507932237], [3.3320944966591965, 6.4801479120624474], [3.3320947924780007, 6.4806002122388815], [3.3316425923466717, 6.480600507932237]], [[3.329837024846848, 6.485576989227023], [3.32983731890303, 6.486029289410508], [3.3289329087380946, 6.486029876861062], [3.3289326154881755, 6.485577576636275], [3.329837024846848, 6.485576989227023]], [[3.326673339443189, 6.488292839947718], [3.326673922181361, 6.489197440497993], [3.3271264220047185, 6.489649449089557], [3.32622200513766, 6.489650032029048], [3.326221132209288, 6.48829313115433], [3.326673339443189, 6.488292839947718]], [[3.3271261302011568, 6.489197148847015], [3.3275780460140574, 6.488744556562523], [3.3275774617042115, 6.487839956078158], [3.328029961020321, 6.48829196390764], [3.329386288652369, 6.4878387840733724], [3.32848246114301, 6.488743971284552], [3.3289358423860214, 6.490552878665427], [3.3280314240717486, 6.490553464914965], [3.3280305461784048, 6.489196564334767], [3.3271261302011568, 6.489197148847015]], [[3.32938599491566, 6.487386483901475], [3.330290407457871, 6.487385895520375], [3.3302895239540975, 6.486028995080383], [3.3307417289841927, 6.486028700347029], [3.331195410636612, 6.4882899056960746], [3.329386288652369, 6.4878387840733724], [3.32938599491566, 6.487386483901475]], [[3.3289346686762147, 6.488743678040462], [3.3293871699879873, 6.489195684540676], [3.3289349620723367, 6.4891959782088025], [3.3289346686762147, 6.488743678040462]], [[3.329840260616747, 6.490552290801832], [3.329389521136578, 6.492814085431873], [3.3289373099932327, 6.492814379265106], [3.3289358423860214, 6.490552878665427], [3.329840260616747, 6.490552290801832]], [[3.3253167176793723, 6.488293712357437], [3.324864800128911, 6.488746302714801], [3.324864510383415, 6.488294002353928], [3.3253167176793723, 6.488293712357437]], [[3.324864800128911, 6.488746302714801], [3.3244128817718117, 6.489198892701434], [3.324412592409021, 6.488746592328274], [3.324864800128911, 6.488746302714801]], [[3.324865089895035, 6.4891986030676065], [3.325317588187745, 6.489650613354705], [3.3248653796817873, 6.489650903412347], [3.324865089895035, 6.4891986030676065]], [[3.327580676437988, 6.492815258342861], [3.327127589426685, 6.49145864997906], [3.3284839263155344, 6.491005472148634], [3.328032009438124, 6.491458065261425], [3.3284850988290002, 6.4928146726946805], [3.327580676437988, 6.492815258342861]], [[3.3244189631490033, 6.498697198673787], [3.3244195428015986, 6.499601799056883], [3.3239673253731774, 6.49960208875479], [3.3239667465285407, 6.498697488331039], [3.3244189631490033, 6.498697198673787]], [[3.3284894987268814, 6.499599173592025], [3.3280369884163585, 6.499147166902796], [3.32848920525434, 6.499146873588733], [3.3284894987268814, 6.499599173592025]], [[3.3293939331482223, 6.4995985857104905], [3.329845855643011, 6.499145991222222], [3.329846150327531, 6.499598291163598], [3.3293939331482223, 6.4995985857104905]], [[3.329393638867695, 6.499146285748446], [3.328941128215816, 6.498694279879856], [3.329393344608085, 6.498693985778326], [3.329393638867695, 6.499146285748446]], [[3.3361771886254568, 6.499594125078632], [3.3357246718055844, 6.4991421256125275], [3.336176888285044, 6.499141825429572], [3.3361771886254568, 6.499594125078632]], [[3.3388904894768507, 6.499592315368825], [3.338437970361549, 6.4991403184540095], [3.33889018671249, 6.499140015846742], [3.3388904894768507, 6.499592315368825]], [[3.324871469968826, 6.49914920878774], [3.3248711797488637, 6.498696908612507], [3.3257756128866665, 6.498696327277874], [3.3257759039145594, 6.49914862741231], [3.324871469968826, 6.49914920878774]], [[3.331202505843168, 6.4991451052192355], [3.3307499936592735, 6.498693101049582], [3.3312022099677012, 6.498692805331953], [3.331202505843168, 6.4991451052192355]], [[3.3488389409377177, 6.499133256262095], [3.3483864138408275, 6.498681268680771], [3.3488386293077297, 6.498680957206259], [3.3488389409377177, 6.499133256262095]], [[3.3348199396755613, 6.4986904250460436], [3.3348193415249963, 6.497785825581316], [3.3352715568352624, 6.497785526269484], [3.3352721557936675, 6.498690125692196], [3.3348199396755613, 6.4986904250460436]], [[3.344315551006655, 6.497327155902552], [3.344767765459921, 6.4973268481290365], [3.344768689311588, 6.4986837459321185], [3.343864257959769, 6.498684361204741], [3.344315551006655, 6.497327155902552]], [[3.3434114287515957, 6.497780069578263], [3.3434108153393285, 6.496875470889197], [3.3416022638289116, 6.497328994060963], [3.3416019587490684, 6.49687669462649], [3.342958294954797, 6.496423478051219], [3.3429576824809204, 6.495518879270661], [3.342505469555584, 6.495519185342471], [3.342957070094156, 6.494614280457803], [3.343862108266232, 6.495518265915569], [3.3438636436524374, 6.497779762591076], [3.3434114287515957, 6.497780069578263]], [[3.3416019587490684, 6.49687669462649], [3.3411494398928685, 6.4964247000870925], [3.341601653690917, 6.496424395183944], [3.3416019587490684, 6.49687669462649]], [[3.3411497445472014, 6.496876999551043], [3.34069783459582, 6.497329603548938], [3.3406975303236712, 6.4968773040716865], [3.3411497445472014, 6.496876999551043]], [[3.3425060812219103, 6.496423784166008], [3.3420535620270257, 6.495971790447726], [3.3425057753778726, 6.495971484758279], [3.3425060812219103, 6.496423784166008]], [[3.3406969218442764, 6.4959727050929565], [3.3406966176370307, 6.495520405591479], [3.3397921915478337, 6.495521013293037], [3.340243493322415, 6.4941638110272475], [3.3411479169461513, 6.494163202646209], [3.341148221492169, 6.494615502150534], [3.34205295121169, 6.495067191565118], [3.3420535620270257, 6.495971790447726], [3.3406969218442764, 6.4959727050929565]], [[3.3406969218442764, 6.4959727050929565], [3.34024501223181, 6.496425308681746], [3.3402447084067197, 6.495973009166995], [3.3406969218442764, 6.4959727050929565]], [[3.3416001287255392, 6.494162897850081], [3.3425045522192125, 6.494162287046609], [3.3425048579762544, 6.494614586486637], [3.341600433675232, 6.494615197333003], [3.3416001287255392, 6.494162897850081]], [[3.343862108266232, 6.495518265915569], [3.344314013710683, 6.495065659294533], [3.344314321126149, 6.495517958632287], [3.343862108266232, 6.495518265915569]], [[3.345220904954671, 6.498683437689775], [3.345220288223831, 6.4977788392057265], [3.3456725030371564, 6.497778530602679], [3.3456731205758325, 6.498683129043409], [3.345220904954671, 6.498683437689775]], [[3.3253231057248254, 6.498244317984276], [3.3248705993708283, 6.497792308237808], [3.325322815142215, 6.497792017813273], [3.3253231057248254, 6.498244317984276]], [[3.3330107775206312, 6.49823931860912], [3.332558264655317, 6.49778731608097], [3.333010480071603, 6.497787018788973], [3.3330107775206312, 6.49823931860912]], [[3.3370807189473166, 6.498236624613571], [3.336628202638204, 6.497784625910188], [3.337080417863137, 6.497784324982489], [3.3370807189473166, 6.498236624613571]], [[3.3302971872576883, 6.497788796481437], [3.3298446771143877, 6.49733679137594], [3.3302968922530733, 6.497336496528445], [3.3302971872576883, 6.497788796481437]], [[3.3307491073707847, 6.497336201277012], [3.331201618279864, 6.497788205533151], [3.330749402779278, 6.4977885012092775], [3.3307491073707847, 6.497336201277012]], [[3.331201322467493, 6.497335905621638], [3.3321051594208004, 6.49643071333499], [3.332557967631313, 6.497335016231881], [3.331201322467493, 6.497335905621638]], [[3.3316529451738535, 6.496431009756627], [3.33120043515657, 6.495979005838636], [3.3316526490207856, 6.495978709841665], [3.3316529451738535, 6.496431009756627]], [[3.3325576706284266, 6.496882716374714], [3.332104566328171, 6.4955261135386095], [3.3330089931436615, 6.495525519567096], [3.3330098852369874, 6.496882419124449], [3.3325576706284266, 6.496882716374714]], [[3.3330081012406514, 6.494168619937077], [3.33436503616276, 6.494620025961395], [3.334365334674878, 6.4950723257753005], [3.3330089931436615, 6.495525519567096], [3.3330081012406514, 6.494168619937077]], [[3.333461206519702, 6.495525221975601], [3.3339137180253875, 6.495977223798992], [3.3334615042667597, 6.495977521815233], [3.333461206519702, 6.495525221975601]], [[3.337984848248759, 6.497783721915192], [3.337532331600014, 6.497331724032814], [3.3379845463782316, 6.497331422318358], [3.337984848248759, 6.497783721915192]], [[3.3384370634093905, 6.497783419775593], [3.3388886732134906, 6.496878518115166], [3.3397931018117353, 6.496877911901243], [3.3393414936661507, 6.4977828142844976], [3.3384370634093905, 6.497783419775593]], [[3.3461247178285314, 6.497778221595668], [3.3465766230537657, 6.497325612995614], [3.3465769325979267, 6.497777912184693], [3.3461247178285314, 6.497778221595668]], [[3.3461244086882442, 6.497325922384876], [3.3456718855862824, 6.49687393212964], [3.346124099569937, 6.496873623166004], [3.3461244086882442, 6.497325922384876]], [[3.346124099569937, 6.496873623166004], [3.3465760040314665, 6.4964210145932295], [3.346576313531612, 6.49687331379846], [3.346124099569937, 6.496873623166004]], [[3.3293924619547566, 6.4973370858194945], [3.328939953002116, 6.4968850798360425], [3.3293921677788143, 6.496884785817064], [3.3293924619547566, 6.4973370858194945]], [[3.3348190424816058, 6.497333525836837], [3.3352709579620177, 6.496880926814465], [3.335271257387995, 6.497333226546012], [3.3348190424816058, 6.497333525836837]], [[3.334818743459477, 6.496881226084282], [3.334366230338627, 6.496429225168579], [3.3348184444586093, 6.496428926323651], [3.334818743459477, 6.496881226084282]], [[3.3348181454790033, 6.495976626554944], [3.3357225728475743, 6.495976027695486], [3.335722872634762, 6.49642832742215], [3.3348184444586093, 6.496428926323651], [3.3348181454790033, 6.495976626554944]], [[3.328487151530621, 6.495980773339528], [3.3284877382045295, 6.496885373451107], [3.328035523386083, 6.496885666662261], [3.3280346446178863, 6.4955287664210335], [3.329391285376488, 6.495527885761328], [3.32939157948968, 6.495980185787982], [3.328487151530621, 6.495980773339528]], [[3.3293909912842126, 6.4950755857266], [3.328486564940149, 6.495076173195647], [3.328486271676202, 6.4946238731116], [3.3298426154956986, 6.494170691334038], [3.3302957124443546, 6.495527296635727], [3.329391285376488, 6.495527885761328], [3.3293909912842126, 6.4950755857266]], [[3.3302942381553686, 6.49326579658817], [3.331650280554402, 6.492360310231332], [3.3321036768473924, 6.4941692137834846], [3.3311986611025706, 6.49326520605464], [3.331199252369779, 6.494169806014928], [3.3302951226658393, 6.494622696640921], [3.3302942381553686, 6.49326579658817]], [[3.3302965972694323, 6.496884196567378], [3.3298440879757503, 6.496432191404341], [3.330296302306766, 6.496431896598235], [3.3302965972694323, 6.496884196567378]], [[3.3379839427015643, 6.496426823100463], [3.338436458882074, 6.496878820616261], [3.3370798157589934, 6.496879725696093], [3.337530824588264, 6.495070225821623], [3.33798303734753, 6.495069924213053], [3.3379839427015643, 6.496426823100463]], [[3.3384361566506526, 6.496426521024482], [3.3388880679645294, 6.495973918965998], [3.3388883705782506, 6.496426218544619], [3.3384361566506526, 6.496426521024482]], [[3.3397927983688573, 6.496425612373251], [3.339340281466818, 6.495973616103516], [3.3397924949475573, 6.495973312837182], [3.3397927983688573, 6.496425612373251]], [[3.3461231723468896, 6.4955167254609325], [3.3461234813992595, 6.495969024704033], [3.345219363291984, 6.496421941419073], [3.3452187467803625, 6.495517342854256], [3.3461231723468896, 6.4955167254609325]], [[3.3307476306433625, 6.495074701494544], [3.3312001394283253, 6.495526705894819], [3.330747925946841, 6.495527001467185], [3.3307476306433625, 6.495074701494544]], [[3.3311998437211123, 6.49507440594293], [3.331651760687943, 6.494621810048333], [3.331652056777831, 6.495074109987516], [3.3311998437211123, 6.49507440594293]], [[3.3388877653723292, 6.495521619379301], [3.338435250085334, 6.49506962220069], [3.3388874628016474, 6.495069319784528], [3.3388877653723292, 6.495521619379301]], [[3.3325564828280596, 6.4950735168653], [3.3321039733198963, 6.494621513709934], [3.3325561859307613, 6.494621216967763], [3.3325564828280596, 6.4950735168653]], [[3.334817248667751, 6.494619727200382], [3.335269760471009, 6.4950717278075185], [3.334817547583574, 6.4950720269933075], [3.334817248667751, 6.494619727200382]], [[3.3352694611514813, 6.494619428035597], [3.3357213739120075, 6.494166828708087], [3.335721673613922, 6.494619128467048], [3.3352694611514813, 6.494619428035597]], [[3.345670650947941, 6.495064735086643], [3.3456697251996608, 6.493707837219612], [3.3461219363571972, 6.4937075284077865], [3.346122863316498, 6.495064426209757], [3.345670650947941, 6.495064735086643]], [[3.3393393725435754, 6.494616717382989], [3.3388868577248427, 6.4941647205707635], [3.339339069612258, 6.494164417793331], [3.3393393725435754, 6.494616717382989]], [[3.3447659183476994, 6.494613052304807], [3.3443133989453426, 6.494161060594802], [3.3447656105722876, 6.494160752972505], [3.3447659183476994, 6.494613052304807]], [[3.3330078039819404, 6.493716320044258], [3.3325552953655704, 6.493264317226712], [3.3330075067443747, 6.493264020143368], [3.3330078039819404, 6.493716320044258]], [[3.33436443920222, 6.493715426309359], [3.3339119294385173, 6.4932634247656305], [3.334364140753798, 6.493263126471235], [3.33436443920222, 6.493715426309359]], [[3.3352688625762945, 6.493714828467534], [3.334816352047847, 6.493262827773158], [3.335268563320635, 6.493262528671395], [3.3352688625762945, 6.493714828467534]], [[3.339338766702488, 6.493712118195601], [3.3397906748728685, 6.493259515451207], [3.339789765126808, 6.491902616649243], [3.340241974953154, 6.491902313170925], [3.340695401024391, 6.493711207504823], [3.339338766702488, 6.493712118195601]], [[3.3393384638142654, 6.493259818589799], [3.3388859502710293, 6.49280782168957], [3.339338160947591, 6.4928075189759245], [3.3393384638142654, 6.493259818589799]], [[3.33662519701115, 6.49326162894401], [3.3370771073498795, 6.492809028507615], [3.337077408198608, 6.493261328227514], [3.33662519701115, 6.49326162894401]], [[3.3366248965660104, 6.492809329202989], [3.336172385740563, 6.492357329724525], [3.3366245961422467, 6.492357029453898], [3.3366248965660104, 6.492809329202989]], [[3.338434041632445, 6.493260423655934], [3.3379815288533776, 6.492808425905903], [3.3384337395729484, 6.492808123999563], [3.338434041632445, 6.493260423655934]], [[3.3415992140066115, 6.49280599935288], [3.3420508140422034, 6.491901095221682], [3.343407749586393, 6.492352476959364], [3.342503940770377, 6.493257688142332], [3.3415992140066115, 6.49280599935288]], [[3.3415989091436846, 6.492353699837668], [3.3411463945410036, 6.491901705003496], [3.341598604302449, 6.491901400314388], [3.3415989091436846, 6.492353699837668]], [[3.3425030237602384, 6.491900789725379], [3.3429549274264736, 6.491448184358507], [3.3429552334565247, 6.491900483825479], [3.3425030237602384, 6.491900789725379]], [[3.3447649950871403, 6.493256154283683], [3.343859959642627, 6.492352170230727], [3.3447643796895625, 6.492351555562573], [3.3447649950871403, 6.493256154283683]], [[3.3330069123326806, 6.492359420317373], [3.332554404990433, 6.49190741741302], [3.3330066151585527, 6.491907120392272], [3.3330069123326806, 6.492359420317373]], [[3.338885647829463, 6.4923555220463625], [3.3384331355184265, 6.491903524662611], [3.338885345409415, 6.491903222395085], [3.338885647829463, 6.4923555220463625]], [[3.326223460432568, 6.4919115333255775], [3.3266753793897927, 6.491458941732518], [3.326675670893709, 6.49191124195522], [3.326223460432568, 6.4919115333255775]], [[3.3253187491547713, 6.491459814571468], [3.325770087287207, 6.490102623189486], [3.326222296155213, 6.490102332304489], [3.326223169332158, 6.491459233082407], [3.3253187491547713, 6.491459814571468]], [[3.324414039428968, 6.491008094113414], [3.324413460559191, 6.490103493423558], [3.324865669489167, 6.490103203749022], [3.325318458882029, 6.491007514279378], [3.324414039428968, 6.491008094113414]], [[3.3357195761482026, 6.491453029984822], [3.3357198757222086, 6.491905329792208], [3.334363245535923, 6.4919062269084336], [3.3343629471724276, 6.491453927038025], [3.3357195761482026, 6.491453029984822]], [[3.3357195761482026, 6.491453029984822], [3.3361714858080336, 6.491000430365553], [3.336171785764197, 6.4914527301599465], [3.3357195761482026, 6.491453029984822]], [[3.337076505716635, 6.4919044290436005], [3.3366239953588455, 6.491452429931502], [3.3370762049321185, 6.491452129299489], [3.337076505716635, 6.4919044290436005]], [[3.345668491175918, 6.491898639950551], [3.345668182724856, 6.491446340613107], [3.3465726009823618, 6.491445722802762], [3.3465729102404262, 6.491898022096804], [3.345668491175918, 6.491898639950551]], [[3.3307452689716137, 6.491456301422811], [3.330292764390719, 6.491004296338833], [3.3307449738571546, 6.491004001377528], [3.3307452689716137, 6.491456301422811]], [[3.3519991086707885, 6.491441982041052], [3.3515465861447504, 6.490989996929443], [3.351998794593067, 6.490989683001738], [3.3519991086707885, 6.491441982041052]], [[3.332553811512592, 6.4910028174968755], [3.3321013058265367, 6.490550814081342], [3.332553514805346, 6.490550517526702], [3.332553811512592, 6.4910028174968755]], [[3.327127005674158, 6.490554049550443], [3.3266745050025044, 6.490102041016005], [3.3271267138290526, 6.490101749324034], [3.327127005674158, 6.490554049550443]], [[3.3298393778827227, 6.48919539046912], [3.3307443836912407, 6.490099401262758], [3.3316488009473466, 6.490098810212579], [3.3316490968266397, 6.490551110232468], [3.329839966351128, 6.490099990698995], [3.3298393778827227, 6.48919539046912]], [[3.3316488009473466, 6.490098810212579], [3.3321007132822023, 6.4896462140751145], [3.3321010095438255, 6.490098514082262], [3.3316488009473466, 6.490098810212579]], [[3.334362052209331, 6.49009702737839], [3.334814559382072, 6.490549028700796], [3.334362350509132, 6.490549327273004], [3.334362052209331, 6.49009702737839]], [[3.3348142606788533, 6.49009672882716], [3.335266170041768, 6.489644130011749], [3.3352664691271157, 6.4900964298724455], [3.3348142606788533, 6.49009672882716]], [[3.335266170041768, 6.489644130011749], [3.3357180785979343, 6.489191530826856], [3.335718378065353, 6.489643830674584], [3.335266170041768, 6.489644130011749]], [[3.3357180785979343, 6.489191530826856], [3.336169986347409, 6.488738931272566], [3.336170286196842, 6.489191231107298], [3.3357180785979343, 6.489191530826856]], [[3.336169986347409, 6.488738931272566], [3.33662189329025, 6.488286331348965], [3.3366221935216394, 6.488738631170672], [3.336169986347409, 6.488738931272566]], [[3.3361696865193218, 6.488286631429769], [3.3357171803235803, 6.487834631235273], [3.33616938671258, 6.487834331578905], [3.3361696865193218, 6.488286631429769]], [[3.3357171803235803, 6.487834631235273], [3.3352646749343577, 6.487382630587272], [3.3357168809414297, 6.487382331355282], [3.3357171803235803, 6.487834631235273]], [[3.3366221935216394, 6.488738631170672], [3.3370747013305913, 6.489190630457898], [3.336622493774404, 6.489190930984312], [3.3366221935216394, 6.488738631170672]], [[3.336623394660944, 6.490547830376831], [3.3361708859597456, 6.49009583075256], [3.336623094344056, 6.490095530587391], [3.336623394660944, 6.490547830376831]], [[3.333909545843397, 6.489645025602504], [3.334361455673423, 6.48919242756496], [3.3343617539307613, 6.489644727475709], [3.333909545843397, 6.489645025602504]], [[3.333909247989419, 6.489192725670806], [3.333456742854769, 6.488740723412539], [3.3339089501566432, 6.488740425731042], [3.333909247989419, 6.489192725670806]], [[3.3330048325578328, 6.489193320672212], [3.332552328187527, 6.488741317565328], [3.33300453553172, 6.488741020690632], [3.3330048325578328, 6.489193320672212]], [[3.333004238526753, 6.488288720700988], [3.3325517350053144, 6.487836717536243], [3.33300394154293, 6.487836420703279], [3.333004238526753, 6.488288720700988]], [[3.3343602628563787, 6.487383227841311], [3.3343605610287934, 6.487835527784321], [3.333456445446498, 6.488288423443786], [3.333455850693477, 6.487383823482087], [3.3343602628563787, 6.487383227841311]], [[3.337073799426515, 6.4878337310561385], [3.3361687871631345, 6.486929731852984], [3.3370728977150663, 6.486476831581795], [3.337073799426515, 6.4878337310561385]], [[3.32848128938043, 6.4869347704481], [3.3280287909540998, 6.4864827629566095], [3.3284809964919284, 6.486482470218828], [3.32848128938043, 6.4869347704481]], [[3.329837907078225, 6.486933889753287], [3.329385407504985, 6.486481883533488], [3.329837612980156, 6.48648158958593], [3.329837907078225, 6.486933889753287]], [[3.3334555533487262, 6.486931523489143], [3.3339074613107957, 6.4864789259112445], [3.333907759037561, 6.4869312258913325], [3.3334555533487262, 6.486931523489143]], [[3.333455256025149, 6.486479223488134], [3.3330027538190845, 6.486027220631798], [3.3334549587227444, 6.48602692347906], [3.333455256025149, 6.486479223488134]], [[3.334812170351597, 6.486930629485852], [3.334359666575241, 6.486478627931098], [3.3348118718184554, 6.486478329547692], [3.334812170351597, 6.486930629485852]], [[3.3357165815805954, 6.486930031467226], [3.335264077040411, 6.486478030761028], [3.335716282241078, 6.4864777315711075], [3.3357165815805954, 6.486930031467226]], [[3.3384295129964294, 6.4864759279631645], [3.3388820202091067, 6.486927925698521], [3.3384298147550715, 6.486928227732479], [3.3384295129964294, 6.4864759279631645]], [[3.338881718047278, 6.486475625950438], [3.3393336205331385, 6.486023023799569], [3.3393339230766084, 6.486475323534455], [3.338881718047278, 6.486475625950438]], [[3.338428909543612, 6.485571328400341], [3.3384292112592764, 6.486023628185784], [3.337525102830295, 6.486476530778842], [3.3375245009900545, 6.485571931131256], [3.338428909543612, 6.485571328400341]], [[3.3361681876990694, 6.486025132094807], [3.3357156836259936, 6.485573131754677], [3.3361678879990553, 6.485572832203625], [3.3361681876990694, 6.486025132094807]], [[3.334359070379025, 6.485574027988632], [3.3343587723127626, 6.485121728005305], [3.3352631803591497, 6.485121130961189], [3.3352634792316156, 6.485573430902531], [3.334359070379025, 6.485574027988632]], [[3.3298364367973132, 6.484672388835872], [3.3293839393443037, 6.484220382472434], [3.3298361428039605, 6.484220088628205], [3.3298364367973132, 6.484672388835872]], [[3.330288346242674, 6.4842197943808575], [3.33074084445986, 6.484671799896644], [3.3302886406390724, 6.4846720945678324], [3.330288346242674, 6.4842197943808575]], [[3.3307405496604163, 6.484219499730394], [3.331192457875698, 6.483766904523253], [3.3311927530571577, 6.484219204676813], [3.3307405496604163, 6.484219499730394]], [[3.3320974557961036, 6.484670913464212], [3.33164495643287, 6.484218909220115], [3.332097159787525, 6.484218613360298], [3.3320974557961036, 6.484670913464212]], [[3.3352628815079712, 6.484668831011785], [3.3348103794716337, 6.484216829735954], [3.33526258267808, 6.4842165310543205], [3.3352628815079712, 6.484668831011785]], [[3.3339053778170817, 6.483312825824893], [3.3343578782413563, 6.48376482800696], [3.3339056753954366, 6.48376512586141], [3.3339053778170817, 6.483312825824893]], [[3.334809782681717, 6.48331222975483], [3.3339050802599273, 6.482860525780316], [3.3339047827239745, 6.48240822572768], [3.334809185976834, 6.482407629741472], [3.334809782681717, 6.48331222975483]], [[3.3352613875713906, 6.482407331143864], [3.3352607901457683, 6.481502731140283], [3.3357129909132652, 6.48150243218174], [3.33571358914466, 6.482407032143252], [3.3352613875713906, 6.482407331143864]], [[3.3343566864433662, 6.481955627896332], [3.3348085893569848, 6.481503029695879], [3.33480888765628, 6.481955329722703], [3.3343566864433662, 6.481955627896332]], [[3.3343563885469427, 6.481503327848529], [3.3339038902433207, 6.481051325521424], [3.334356090671749, 6.48105102779267], [3.3343563885469427, 6.481503327848529]], [[3.333451689793692, 6.481051622847261], [3.333451095718195, 6.480147022627633], [3.3339032953622216, 6.480146725343638], [3.3339038902433207, 6.481051325521424], [3.333451689793692, 6.481051622847261]], [[3.332999489322892, 6.48105191977018], [3.332546992588244, 6.480599916142636], [3.3329991926773723, 6.4805996196435], [3.332999489322892, 6.48105191977018]], [[3.335260491464888, 6.481050431126407], [3.3352598941669864, 6.480145831074484], [3.334355792817784, 6.480598727728753], [3.3339024031995765, 6.478789825016544], [3.335258998379784, 6.478788930936188], [3.3352586998266225, 6.478336630873981], [3.337067791655251, 6.478787733190181], [3.3361648921728793, 6.481049832848473], [3.335260491464888, 6.481050431126407]], [[3.333902700565925, 6.47924212513363], [3.333450798712203, 6.4796947225057355], [3.3334505017273837, 6.479242422375783], [3.333902700565925, 6.47924212513363]], [[3.3357108977748195, 6.478336332062677], [3.336162796364542, 6.4778837328204615], [3.3361630957017017, 6.478336032848626], [3.3357108977748195, 6.478336332062677]], [[3.3325461039868154, 6.479243015651676], [3.332998006306723, 6.478790419056233], [3.332998302867671, 6.479242719215132], [3.3325461039868154, 6.479243015651676]], [[3.3316414108089436, 6.478791307094942], [3.3316411154771535, 6.4783390068654825], [3.332545511691434, 6.478338415284098], [3.332545807828568, 6.478790715471913], [3.3316414108089436, 6.478791307094942]], [[3.3343534107503134, 6.476980326927458], [3.335257207380107, 6.476075130442156], [3.335257804294855, 6.476979730639043], [3.3343534107503134, 6.476980326927458]], [[3.334353113087409, 6.476528026791058], [3.333900619446689, 6.4760760241449224], [3.3343528154457327, 6.476075726646607], [3.334353113087409, 6.476528026791058]], [[3.321687598590442, 6.4702039943177665], [3.321687026441004, 6.46929939264384], [3.322591407474251, 6.469298819591321], [3.3225919812321445, 6.47020342118446], [3.321687598590442, 6.4702039943177665]], [[3.3207823600861226, 6.468847663198321], [3.320329885082627, 6.4683956473793955], [3.320782074866546, 6.468395362300975], [3.3207823600861226, 6.468847663198321]], [[3.305406796442189, 6.467047924630981], [3.3058584419466053, 6.46614304971674], [3.3063106303572694, 6.466142777602381], [3.3063111748906, 6.467047380727545], [3.305406796442189, 6.467047924630981]], [[3.31716371013848, 6.467040728448548], [3.3167112398778635, 6.466588709140976], [3.317163428215788, 6.466588427359056], [3.31716371013848, 6.467040728448548]], [[3.3076671954724675, 6.466141958847372], [3.307666922029354, 6.4656896573304765], [3.308571297871459, 6.465689109522501], [3.308571572118318, 6.466141411000761], [3.3076671954724675, 6.466141958847372]], [[3.318067522124847, 6.466135561531475], [3.318066674126939, 6.464778658310155], [3.3185188607969462, 6.464778375402016], [3.3189716143657875, 6.465682694167679], [3.318067522124847, 6.466135561531475]], [[3.3379637691384847, 6.466122730661935], [3.337511282191884, 6.465670730733203], [3.3379634687701008, 6.465670430501069], [3.3379637691384847, 6.466122730661935]], [[3.3411281679173177, 6.464763717573623], [3.341580657059381, 6.465215714175191], [3.3411284710554523, 6.465216017601549], [3.3411281679173177, 6.464763717573623]], [[3.341579746504607, 6.463858814131508], [3.342031931281511, 6.463858510367515], [3.3420325390998724, 6.464763110361815], [3.3415803535194377, 6.464763414168667], [3.341579746504607, 6.463858814131508]], [[3.3067620008888072, 6.464785600395672], [3.3063095415239654, 6.464333571255623], [3.3067617283078636, 6.4643332988161495], [3.3067620008888072, 6.464785600395672]], [[3.307214188055017, 6.464785327535078], [3.3072139150722872, 6.464333025974801], [3.3090226619346588, 6.4643319305906655], [3.309022936524534, 6.464784232073669], [3.307214188055017, 6.464785327535078]], [[3.3126401547158806, 6.46432972053244], [3.312187690804836, 6.4638776968415526], [3.312639876931565, 6.463877419197304], [3.3126401547158806, 6.46432972053244]], [[3.3311797849650966, 6.464317990303169], [3.330727305419399, 6.463865983915334], [3.331179490708823, 6.46386568979551], [3.3311797849650966, 6.464317990303169]], [[3.308570201079922, 6.46387990352911], [3.308117741028672, 6.4634278760189865], [3.308569926931012, 6.463427602010678], [3.308570201079922, 6.46387990352911]], [[3.3099264845203797, 6.463426777574853], [3.3103789461000144, 6.463878803400095], [3.309926759874476, 6.4638790790351175], [3.3099264845203797, 6.463426777574853]], [[3.310378670344189, 6.463426501959274], [3.3108305800104736, 6.4629739245125], [3.3108308561482946, 6.46342622594188], [3.310378670344189, 6.463426501959274]], [[3.3108305800104736, 6.4629739245125], [3.3112824888733874, 6.462521346694877], [3.311282765393146, 6.46297364811279], [3.3108305800104736, 6.4629739245125]], [[3.3112824888733874, 6.462521346694877], [3.3117343969329873, 6.462068768506497], [3.3117346738346267, 6.462521069912909], [3.3112824888733874, 6.462521346694877]], [[3.3117343969329873, 6.462068768506497], [3.312186304189332, 6.46161618994744], [3.312186581472795, 6.462068491342327], [3.3117343969329873, 6.462068768506497]], [[3.3108308561482946, 6.46342622594188], [3.3112833184919492, 6.463878250924514], [3.3108311323058484, 6.463878527363228], [3.3108308561482946, 6.46342622594188]], [[3.315804898684756, 6.463423163230639], [3.3153524329444783, 6.46297114243493], [3.3158046181282423, 6.462970862017338], [3.315804898684756, 6.463423163230639]], [[3.3076644619202837, 6.4616189433168785], [3.3076652817808516, 6.462975848060374], [3.3058565395050166, 6.462976938391227], [3.3063079088573937, 6.461619761494481], [3.3067603656952693, 6.462071790798038], [3.3076644619202837, 6.4616189433168785]], [[3.314899408601295, 6.4616145186440095], [3.314448062516919, 6.462971702064749], [3.313995877273181, 6.4629719812769775], [3.3135428564848857, 6.4616153561033896], [3.314899408601295, 6.4616145186440095]], [[3.314899128928144, 6.461162217359038], [3.315351312525419, 6.461161937422262], [3.314898849274984, 6.460709916066036], [3.314898290028637, 6.459805313455941], [3.315350472421332, 6.459805033578435], [3.316255960537785, 6.461613677569303], [3.3153518726949094, 6.46206653994466], [3.314899128928144, 6.461162217359038]], [[3.315350472421332, 6.459805033578435], [3.3158023743978804, 6.459352452021794], [3.3158026547940067, 6.459804753299341], [3.315350472421332, 6.459805033578435]], [[3.33524766832308, 6.4616015229155295], [3.336604815430061, 6.462505228196442], [3.335248561683828, 6.462958423970859], [3.33524766832308, 6.4616015229155295]], [[3.3356998513926324, 6.461601224882458], [3.3361517358933623, 6.46114862612194], [3.336152034440873, 6.461600926447688], [3.3356998513926324, 6.461601224882458]], [[3.3343433021201556, 6.4616021177765735], [3.3338908224472315, 6.461150114173777], [3.3343430051789658, 6.461149817366751], [3.3343433021201556, 6.4616021177765735]], [[3.3388651322811693, 6.461599127403405], [3.3384129493613997, 6.461599428248365], [3.337960166133943, 6.460695128201151], [3.338864530388704, 6.4606945269977984], [3.3388651322811693, 6.461599127403405]], [[3.3375079839743655, 6.460695428200366], [3.337507384576996, 6.4597908276354135], [3.3379595659335575, 6.459790527678546], [3.337960166133943, 6.460695128201151], [3.3375079839743655, 6.460695428200366]], [[3.3370552031990086, 6.459791127190695], [3.3370546046902443, 6.458886526551328], [3.3375067852653304, 6.458886227038339], [3.337507384576996, 6.4597908276354135], [3.3370552031990086, 6.459791127190695]], [[3.3370546046902443, 6.458886526551328], [3.336602125272882, 6.458434525309942], [3.3370543054679573, 6.458434226219599], [3.3370546046902443, 6.458886526551328]], [[3.3121857496818627, 6.4607115871335745], [3.3126382106424783, 6.4611636110177955], [3.312186026925688, 6.461163888544523], [3.3121857496818627, 6.4607115871335745]], [[3.312637655371563, 6.460259008227043], [3.3135420211394067, 6.460258452047082], [3.313542299567995, 6.460710753407215], [3.312637932997097, 6.4607113096264355], [3.312637655371563, 6.460259008227043]], [[3.3144469453108782, 6.461162496894139], [3.313994482823601, 6.4607104746951345], [3.3144466660592737, 6.460710195581409], [3.3144469453108782, 6.461162496894139]], [[3.3180644136876523, 6.461160249366448], [3.317611948148434, 6.460708230539234], [3.318064131223606, 6.46070794821234], [3.3180644136876523, 6.461160249366448]], [[3.332534274124965, 6.46115100218483], [3.3325339788112074, 6.460698701683355], [3.33343834357744, 6.46069811011941], [3.3334386396943008, 6.4611504105791315], [3.332534274124965, 6.46115100218483]], [[3.3352473705787293, 6.461149222547687], [3.3347948905679585, 6.460697219761174], [3.3352470728556614, 6.4606969221718105], [3.3352473705787293, 6.461149222547687]], [[3.3171597650530993, 6.460708512464483], [3.3167073006983547, 6.46025649276625], [3.3171594834122975, 6.460256211262518], [3.3171597650530993, 6.460708512464483]], [[3.3243946921428074, 6.460703953463081], [3.3239422216892454, 6.460251940512496], [3.3243944040775943, 6.460251652582896], [3.3243946921428074, 6.460703953463081]], [[3.3248468749120876, 6.460703665111512], [3.3248462979992346, 6.459799063383815], [3.3257506618698582, 6.459798485557326], [3.325751240388753, 6.460703087203443], [3.3248468749120876, 6.460703665111512]], [[3.3275599710936956, 6.460701926567576], [3.327107497974219, 6.460249916571364], [3.3275596802178105, 6.4602496258304525], [3.3275599710936956, 6.460701926567576]], [[3.3370558017933623, 6.460695727797939], [3.3366033206846084, 6.460243726673146], [3.3370555024854864, 6.460243427498333], [3.3370558017933623, 6.460695727797939]], [[3.3311771374155263, 6.460247285445027], [3.331176843348474, 6.459794984865069], [3.3320812066352454, 6.459794395794148], [3.332081501505288, 6.460246696332521], [3.3311771374155263, 6.460247285445027]], [[3.3257503726414304, 6.459346184722225], [3.326202264535083, 6.45889359440434], [3.32620255414427, 6.4593458952270355], [3.3257503726414304, 6.459346184722225]], [[3.3248457211688707, 6.458894461624003], [3.32484485607799, 6.457537558924071], [3.325749215934514, 6.457536981301526], [3.325297324760935, 6.4579895712011455], [3.3257500834336824, 6.4588938838790915], [3.3248457211688707, 6.458894461624003]], [[3.32484485607799, 6.457537558924071], [3.3243923881977215, 6.457085546196789], [3.3248445677556067, 6.4570852580080365], [3.32484485607799, 6.457537558924071]], [[3.3280109887333182, 6.458892432490027], [3.3284634613472694, 6.459344441727708], [3.328011279948258, 6.459344733230689], [3.3280109887333182, 6.458892432490027]], [[3.3284625865606903, 6.457987539543369], [3.3289147667346217, 6.4579872477006495], [3.3289153507076126, 6.45889184912369], [3.3284631697308913, 6.458892141007623], [3.3284625865606903, 6.457987539543369]], [[3.329820005419078, 6.459343564809409], [3.3302718935123803, 6.458890971062708], [3.3302721867345095, 6.4593432717001935], [3.329820005419078, 6.459343564809409]], [[3.329819712598386, 6.458891264151231], [3.3293672392651095, 6.458439256151355], [3.329819419798632, 6.458438963485025], [3.329819712598386, 6.458891264151231]], [[3.332080911786285, 6.459342095247748], [3.332532502559075, 6.458437199055515], [3.332984682945431, 6.458436903578676], [3.3329852741857993, 6.459341504612179], [3.332080911786285, 6.459342095247748]], [[3.3379586657938893, 6.458433626834413], [3.3375061860393678, 6.457981626409143], [3.337958365790242, 6.457981326536976], [3.3379586657938893, 6.458433626834413]], [[3.3275582261503014, 6.457988122024388], [3.327105755564134, 6.457536111856868], [3.3275579353991818, 6.457535821239092], [3.3275582261503014, 6.457988122024388]], [[3.3311756672905033, 6.457985782464952], [3.3311753733285707, 6.4575334818448535], [3.332079732601256, 6.457532892981846], [3.3320800273658913, 6.457985193560365], [3.3311756672905033, 6.457985782464952]], [[3.3356962750479973, 6.456173620190727], [3.334792512760961, 6.457078816297046], [3.333887858216933, 6.456627109424393], [3.3338875619104806, 6.456174808905299], [3.3356962750479973, 6.456173620190727]], [[3.3356962750479973, 6.456173620190727], [3.336148154987737, 6.455721021586587], [3.336148453279172, 6.456173322008688], [3.3356962750479973, 6.456173620190727]], [[3.33207766983907, 6.4543667887074765], [3.33162519882704, 6.453914782530535], [3.33207737524308, 6.453914488064752], [3.33207766983907, 6.4543667887074765]], [[3.3334342001639574, 6.454365902840237], [3.3329817280118905, 6.453913897929535], [3.333433904364603, 6.453913602260101], [3.3334342001639574, 6.454365902840237]], [[3.3302683764821874, 6.453463362786778], [3.3307208459318334, 6.453915370258446], [3.3302686694527255, 6.453915663520576], [3.3302683764821874, 6.453463362786778]], [[3.3307199658799234, 6.452558468095146], [3.3316243163687433, 6.4525578804918124], [3.3316246105004574, 6.453010181179408], [3.330720552560203, 6.453463069545369], [3.3307199658799234, 6.452558468095146]], [[3.332529256662037, 6.45346189256784], [3.3320767861143405, 6.453009886755237], [3.332528961707143, 6.453009591929904], [3.332529256662037, 6.45346189256784]], [[3.330267497696366, 6.4521064605372525], [3.3298150303147946, 6.45165445252882], [3.3302672048096893, 6.451654159771367], [3.330267497696366, 6.4521064605372525]]], [[[3.317620418794525, 6.4742772622646045], [3.3162641147309007, 6.474730409616266], [3.3167165922107364, 6.475182428843786], [3.316264959231909, 6.476087312545425], [3.3153605655625857, 6.476087874930801], [3.3158136058813215, 6.477444496855581], [3.3167180019258735, 6.477443933546009], [3.317169070495492, 6.475634447620987], [3.318073463198941, 6.47563388205456], [3.317620418794525, 6.4742772622646045]]], [[[3.319883102645504, 6.476989648492986], [3.3203353000934763, 6.476989363435368], [3.320336155766346, 6.478346265704954], [3.32078835440183, 6.478345980184375], [3.321240266967027, 6.477893393552793], [3.3207869263691343, 6.47608447646197], [3.319882533103707, 6.476085046899535], [3.319883102645504, 6.476989648492986]]], [[[3.3167180019258735, 6.477443933546009], [3.3158144495358335, 6.478801399699286], [3.317171329662712, 6.479252854824569], [3.3171707647500805, 6.47834825307198], [3.318074595841813, 6.477443085561444], [3.3167180019258735, 6.477443933546009]]], [[[3.315814168297611, 6.478349098759436], [3.3158136058813215, 6.477444496855581], [3.314457291654444, 6.477897639814949], [3.3144586919052585, 6.480159144770313], [3.3149108924137805, 6.480158864406581], [3.3149103314480635, 6.479254262488052], [3.3158147307941075, 6.479253700631084], [3.3149097705623243, 6.478349660537315], [3.315814168297611, 6.478349098759436]]], [[[3.3198848117583335, 6.479703453080109], [3.318528495759736, 6.480156606993584], [3.318529630821751, 6.481965810098543], [3.3198859515730925, 6.481512655977123], [3.319886521602336, 6.482417257377299], [3.320790926143842, 6.4824166863773725], [3.321242269744783, 6.481059498341444], [3.319885666588937, 6.481060355264954], [3.3198848117583335, 6.479703453080109]], [[3.319433750077638, 6.481512940832493], [3.3189812643834378, 6.481060924532688], [3.3194334654963282, 6.481060640100282], [3.319433750077638, 6.481512940832493]]], [[[3.314912856423625, 6.483324970867698], [3.3158169815821754, 6.4828721077955205], [3.315364497680744, 6.482420088196555], [3.3158158560277236, 6.481062904277743], [3.3162680572817833, 6.481062622665785], [3.3158150120724335, 6.479706001554829], [3.3144592521453453, 6.481063746696084], [3.314912856423625, 6.483324970867698]], [[3.3149114534594757, 6.481063466292892], [3.3153639357092985, 6.4815154863980915], [3.3149117340123158, 6.481515767223965], [3.3149114534594757, 6.481063466292892]]], [[[3.3144612136145857, 6.484229853182523], [3.314912856423625, 6.483324970867698], [3.3140084497463493, 6.483325531468319], [3.3140092893466626, 6.484682434234811], [3.315366746367484, 6.486038495068094], [3.315818107457469, 6.484681311184381], [3.3144612136145857, 6.484229853182523]]], [[[3.3203432934924004, 6.489653781798515], [3.3185347426053875, 6.490107222475177], [3.3185350267855123, 6.490559523086169], [3.3207963607950317, 6.491010397307796], [3.320796933291338, 6.4919149982890145], [3.320344722563145, 6.491915284412561], [3.320345294333832, 6.492819885401703], [3.320797505869125, 6.492819599237956], [3.3217002065477454, 6.490105222997547], [3.320343579265867, 6.490106082337458], [3.3203432934924004, 6.489653781798515]]], [[[3.3167264707742796, 6.491012957530319], [3.3153701218005467, 6.491466104407979], [3.3153706846530775, 6.4923707058517035], [3.3158226141671694, 6.491918123449948], [3.317179529948262, 6.492369576615058], [3.3167264707742796, 6.491012957530319]]], [[[3.322606351806304, 6.492818450546393], [3.32396269692017, 6.4923652844603685], [3.3235096198935077, 6.491008672333274], [3.322605200275879, 6.491009248938958], [3.322606351806304, 6.492818450546393]]], [[[3.324867118835494, 6.492364705311378], [3.323510774652097, 6.492817873778666], [3.3244157765326956, 6.493721895989337], [3.324416355732073, 6.494626496550081], [3.3253207816423753, 6.494625916390143], [3.325320200828343, 6.493721315910874], [3.3244154869639075, 6.493269595696857], [3.324867118835494, 6.492364705311378]]], [[[3.319441726589115, 6.494177358061751], [3.3203458661858862, 6.493724486358563], [3.3203464381193077, 6.494629087283143], [3.320798651269144, 6.494628801038998], [3.3217022160052045, 6.493271326121572], [3.3194411563109214, 6.493272757040802], [3.319441726589115, 6.494177358061751]]], [[[3.316276518858839, 6.4946316453107205], [3.3162770836066247, 6.495536246562255], [3.3167290149582787, 6.49508366331048], [3.3176334423690905, 6.495083096838992], [3.3176340095795522, 6.495987697955144], [3.3185381541018426, 6.495534829274527], [3.318085372065572, 6.494630512447293], [3.316276518858839, 6.4946316453107205]]], [[[3.314922409837256, 6.498703196630537], [3.314921847231838, 6.497798595373314], [3.316277648434745, 6.496440847781497], [3.317182361560238, 6.4968925825562485], [3.317181795076714, 6.49598798143259], [3.3158251514474673, 6.495988829441789], [3.3144693501244005, 6.497346575846083], [3.314469911882031, 6.498251177158922], [3.3140176952195444, 6.498251457907881], [3.3140171342697053, 6.497346856555637], [3.3126607658393965, 6.497799996999741], [3.31266020735264, 6.49689539551347], [3.312207991822208, 6.496895674587662], [3.312209386168456, 6.499157178340722], [3.313113541531732, 6.498704318897134], [3.3131138212485687, 6.499156619592384], [3.3158274081714794, 6.499607234218894], [3.314922409837256, 6.498703196630537]], [[3.313113541531732, 6.498704318897134], [3.3135654785371176, 6.4982517382528435], [3.31356575863801, 6.498704038936525], [3.313113541531732, 6.498704318897134]]], [[[3.3185398609423373, 6.4982486322383215], [3.318086792160979, 6.4968920151178375], [3.317182361560238, 6.4968925825562485], [3.3167309948943466, 6.498249767354134], [3.315825997568556, 6.497345731293768], [3.3153746268637128, 6.498702915053819], [3.3167321267288696, 6.500058969487131], [3.317183494768985, 6.498701784706673], [3.3185398609423373, 6.4982486322383215]], [[3.3171826448322124, 6.497344883105968], [3.317635144242516, 6.49779690009056], [3.3171829281243284, 6.497797183647612], [3.3171826448322124, 6.497344883105968]], [[3.3162793434011246, 6.499154651245431], [3.3167312778228073, 6.498702067899499], [3.3167315607713816, 6.499154368436788], [3.3162793434011246, 6.499154651245431]]], [[[3.353295300085296, 6.404147187113019], [3.3532949891257533, 6.403694886592732], [3.354651382137001, 6.403693951606743], [3.3546510700061676, 6.403241651145063], [3.3519382861693243, 6.403243517401553], [3.351938595912739, 6.4036958179961205], [3.351034333659019, 6.4036964369413765], [3.351035260635492, 6.405053338809496], [3.3514873929673863, 6.4050530294698405], [3.3514867741648455, 6.404148428276433], [3.351939215466565, 6.404600419161358], [3.353295300085296, 6.404147187113019]]], [[[3.341541077942563, 6.405964345086246], [3.3424447421298913, 6.405059140613877], [3.342445345100303, 6.405963742645464], [3.3447063161220574, 6.406414530470977], [3.3460614988842527, 6.404604414412527], [3.3447051022205465, 6.404605326838572], [3.344704798799853, 6.40415302591056], [3.3442529699555257, 6.404605630184336], [3.343348705359978, 6.404606235681487], [3.343348403133172, 6.404153934688776], [3.3415401759076624, 6.404607441898282], [3.340635311394912, 6.403703440367268], [3.340183479149696, 6.4041560412378695], [3.337922818513328, 6.404157533972856], [3.3379219262882445, 6.402800630178195], [3.3374697952902457, 6.402800927467389], [3.33747068632161, 6.404157831325558], [3.3365664218739597, 6.404158424836668], [3.336566718131315, 6.404610726149054], [3.3352100250423775, 6.404159312117591], [3.3347584820748426, 6.405064209866849], [3.333402082600307, 6.405065092496242], [3.333401789107546, 6.404612791044821], [3.3306892830807864, 6.405066847004816], [3.3306895742065703, 6.40551914857317], [3.3320459752552143, 6.405518273048266], [3.3329508288108474, 6.406422290278872], [3.333855097579055, 6.4064217029283395], [3.3338548036247446, 6.405969401521723], [3.3379243059839974, 6.406419040138025], [3.337924008446977, 6.405966738920919], [3.341541077942563, 6.405964345086246]]], [[[3.351047639479589, 6.423145356861977], [3.351951936007297, 6.4231447360217055], [3.3524047065106215, 6.4240490254378], [3.3533090045009444, 6.424048402113329], [3.3528556094639135, 6.4222395131613945], [3.3510473295740684, 6.422693056566266], [3.351047639479589, 6.423145356861977]]], [[[3.3352236199786645, 6.424965167142879], [3.336127327609276, 6.424059972127251], [3.3347708781010827, 6.424060860989698], [3.3334153116728666, 6.425418649559529], [3.3338677576570017, 6.425870655870292], [3.334771764965578, 6.425417764102697], [3.3347723563148084, 6.426322366138089], [3.3356766600010728, 6.426321773752315], [3.3352236199786645, 6.424965167142879]]], [[[3.3451718435179885, 6.426315457225546], [3.3442666285893217, 6.424959164665648], [3.3429107835307232, 6.425864676508617], [3.3438156930090175, 6.426768670952944], [3.3460767576137926, 6.42721944739973], [3.346075840541648, 6.4258625459832235], [3.3451718435179885, 6.426315457225546]], [[3.343815389315144, 6.426316370372649], [3.3442672366665587, 6.425863765823051], [3.344267540737951, 6.426316066389768], [3.343815389315144, 6.426316370372649]]], [[[3.3447236522493724, 6.432195668366628], [3.343819643015105, 6.432648577769401], [3.343820251035675, 6.433553178698146], [3.3460807338774163, 6.433099352706601], [3.3460804278791927, 6.432647052346357], [3.344723957026407, 6.432647968799832], [3.3447236522493724, 6.432195668366628]]], [[[3.3429174517724114, 6.43581528855142], [3.3442730177593636, 6.434457475223772], [3.3447254812397746, 6.434909470845864], [3.3460816520038823, 6.4344562537393335], [3.34653319760421, 6.433551346731167], [3.3438205550786937, 6.434005479150519], [3.3429150257384457, 6.432196884620018], [3.3411060973218345, 6.431745793862545], [3.3411063988792855, 6.432198094475729], [3.338845614818431, 6.43219959779863], [3.339298371655528, 6.433103899306764], [3.339750228887367, 6.432651298338251], [3.342463474634621, 6.433101788757542], [3.3424640802999552, 6.434006389799363], [3.341107906991291, 6.434459597421683], [3.3411088121182964, 6.435816499093259], [3.340204492161221, 6.43581710196369], [3.3406557482233072, 6.434459898992829], [3.3397514306225036, 6.434460500935124], [3.3392998719868934, 6.435365402599288], [3.3388477123327944, 6.435365702612958], [3.3388471129354427, 6.434461101277433], [3.337942795162355, 6.434461700019752], [3.3370390735016167, 6.435366898667097], [3.3370393716327786, 6.435819199407605], [3.3379436918911543, 6.435818602138327], [3.33749272611131, 6.43762810377044], [3.3379448878298486, 6.43762780485107], [3.3379442898176013, 6.436723203510704], [3.3429174517724114, 6.43581528855142]]], [[[3.349246761084997, 6.434454100741732], [3.346985355288819, 6.433551040003551], [3.34743843474247, 6.434907633689077], [3.348342752400591, 6.434907018103289], [3.349247687807327, 6.4358110012447485], [3.350604166395088, 6.435810072334123], [3.35150910726794, 6.436714051135645], [3.3524131159519888, 6.436261128183212], [3.351960022146397, 6.434904539759199], [3.3492470699702737, 6.434906400917407], [3.349246761084997, 6.434454100741732]], [[3.3515084853423773, 6.435809451059973], [3.3510560153504994, 6.435357461825225], [3.351508174413062, 6.435357151010134], [3.3515084853423773, 6.435809451059973]]], [[[3.335684970200733, 6.438986197713216], [3.334780940429474, 6.439439092057676], [3.334780347847855, 6.438534490486116], [3.334328185179765, 6.438534786646062], [3.334329072883546, 6.4398916890543125], [3.336138025775007, 6.440342802463487], [3.336137430707089, 6.439438201050139], [3.3379451868681467, 6.438080105509247], [3.3361362408272797, 6.437628998127374], [3.335684970200733, 6.438986197713216]], [[3.3370411608689903, 6.438533003682598], [3.3365887004480337, 6.438081001130203], [3.3370408626094736, 6.438080702990108], [3.3370411608689903, 6.438533003682598]]], [[[3.340659365099948, 6.4398875055034255], [3.3406587620709516, 6.438982904498368], [3.3415636922153076, 6.4398869014479], [3.341110321096318, 6.438078001719177], [3.3388498109010003, 6.438531807035234], [3.339302273636937, 6.438983807451241], [3.3388510105559974, 6.440341009386152], [3.340659365099948, 6.4398875055034255]]], [[[3.3460856328363926, 6.440336157382267], [3.346989960228443, 6.440335543675218], [3.3469896530782997, 6.439883243486475], [3.345180999807245, 6.439884469212329], [3.3447282262022813, 6.438980174024616], [3.343824509623802, 6.439885384303191], [3.3438251183427057, 6.440789984975836], [3.345633469107402, 6.440336463635246], [3.3460868584548082, 6.442145358230966], [3.346538716925135, 6.441692751312327], [3.347443354313468, 6.442144436808967], [3.3474424314638713, 6.440787536380115], [3.346085939208045, 6.440788457606455], [3.3460856328363926, 6.440336157382267]]], [[[3.3506075792875913, 6.44078537283826], [3.3528683984946226, 6.440783815439468], [3.352867773766008, 6.439879215640377], [3.351511284710204, 6.439880151148348], [3.3515115958626303, 6.440332451118136], [3.3497026323235732, 6.439881392887621], [3.3501566554974342, 6.442594883147811], [3.3515125294537773, 6.441689350979452], [3.3506075792875913, 6.44078537283826]]], [[[3.342922915441999, 6.443956695524193], [3.3420167640484735, 6.441243500074571], [3.3424692319657785, 6.441695497362439], [3.3433735621096483, 6.441694889932229], [3.3433732580959523, 6.441242589594386], [3.342015855740481, 6.439886598819631], [3.3420164612574337, 6.440791199664266], [3.3415639945626996, 6.4403392018956485], [3.3406599682154345, 6.440792106476457], [3.3406605714174136, 6.441696707417458], [3.3415649017349565, 6.441696103190849], [3.3415652041690698, 6.442148403606564], [3.340660873050837, 6.442149007875944], [3.3406614763825546, 6.4430536087688886], [3.3420182783293098, 6.443505002005961], [3.341567019229045, 6.4448622059326395], [3.342922915441999, 6.443956695524193]]], [[[3.3388513105235162, 6.440793309953866], [3.3374951158168056, 6.441246508981092], [3.3370423541209866, 6.440342206372507], [3.336138025775007, 6.440342802463487], [3.33613832334097, 6.440795103158152], [3.3343293688272486, 6.440343989841052], [3.3343302567856816, 6.441700892153224], [3.334782422255391, 6.441700595846461], [3.334783015134507, 6.442605197305918], [3.334330848864077, 6.442605493654632], [3.3347842011477415, 6.444414400128717], [3.334332329431442, 6.444866997267975], [3.3356888341858646, 6.444866106705267], [3.3352363689987072, 6.444414103295485], [3.3356873476115876, 6.442604603406967], [3.33794847770516, 6.443055412220799], [3.3379478791781008, 6.4421508110725885], [3.3397562410133776, 6.441697310042264], [3.3388513105235162, 6.440793309953866]], [[3.3356873476115876, 6.442604603406967], [3.3352348845331288, 6.442152599851975], [3.335687050360655, 6.442152302723277], [3.3356873476115876, 6.442604603406967]], [[3.335687050360655, 6.442152302723277], [3.3361389185369035, 6.441699704523459], [3.336139216166874, 6.442152005194099], [3.335687050360655, 6.442152302723277]], [[3.3361389185369035, 6.441699704523459], [3.3365907859124886, 6.441247105957326], [3.3365910839214403, 6.441699406614888], [3.3361389185369035, 6.441699704523459]], [[3.3370435477152744, 6.442151408934302], [3.337043249284612, 6.441699108305867], [3.3379475799467473, 6.441698510486469], [3.3379478791781008, 6.4421508110725885], [3.3370435477152744, 6.442151408934302]]], [[[3.353774292237773, 6.4430446888132655], [3.3533218135962657, 6.442592702172059], [3.3515131519594346, 6.442593950846944], [3.3519665642830136, 6.444402838829628], [3.352418731305192, 6.44440252677284], [3.352417794909685, 6.443045627188112], [3.352869960708122, 6.443045314797028], [3.3528708983050004, 6.44440221431543], [3.35332306528241, 6.444401901457405], [3.353774292237773, 6.4430446888132655]]], [[[3.352871523481578, 6.445306813954301], [3.351514085885261, 6.443950850588105], [3.3497057288375793, 6.444404393104303], [3.350157275689853, 6.443499483115232], [3.34925294300235, 6.443500102734314], [3.349704799650307, 6.443047493123409], [3.34925232441159, 6.442595502679194], [3.3492507783226375, 6.440334002401222], [3.3483464511512633, 6.440334620111913], [3.3487995411340292, 6.441691211713206], [3.34789521151669, 6.441691828754202], [3.3474436619741077, 6.442596736935898], [3.3488001588354, 6.442595811844128], [3.3483483017205655, 6.443048420683857], [3.348801394503821, 6.444405012009845], [3.349253871054756, 6.444857002756899], [3.35151470861404, 6.444855450375482], [3.351515642874553, 6.446212349996444], [3.352420292411768, 6.446664025920446], [3.352871523481578, 6.445306813954301]]], [[[3.332975234598435, 6.44396328267802], [3.3320711935966902, 6.444416172715057], [3.3320720761198968, 6.445773075124302], [3.3334285835955884, 6.445772190446181], [3.332975824486021, 6.444867884224832], [3.3338801611374853, 6.444867293320911], [3.333879865382087, 6.444414992593318], [3.3329755295316605, 6.444415583455432], [3.332975234598435, 6.44396328267802]]], [[[3.355133620783588, 6.447114444173749], [3.353776172439116, 6.4457584875121405], [3.3537755456155107, 6.444853887977903], [3.354227712948552, 6.444853574296446], [3.354226771680108, 6.443496675001569], [3.353774605548524, 6.4434969886164435], [3.3528727741035196, 6.447116013135864], [3.3542292821789874, 6.447115072960959], [3.354229910028558, 6.448019672370649], [3.355133620783588, 6.447114444173749]], [[3.353324317327391, 6.44621110061454], [3.353776799352546, 6.446663087014317], [3.3533246303947046, 6.446663400383787], [3.353324317327391, 6.44621110061454]]], [[[3.3474452006081132, 6.4448582374503856], [3.345636223639757, 6.444407165559737], [3.345637142212113, 6.445764066057025], [3.34608931074609, 6.445763759543848], [3.3465427075335556, 6.447572653007233], [3.3474464319122936, 6.446667437717737], [3.3474458162160947, 6.44576283760009], [3.3469936477481093, 6.4457631453153805], [3.3474452006081132, 6.4448582374503856]]], [[[3.335238745250158, 6.448032508388454], [3.335690321292843, 6.447127609803256], [3.336595258290108, 6.448031614979591], [3.337047429260731, 6.448031316374939], [3.3370468318645536, 6.447126715318375], [3.3379514716275405, 6.447578417481138], [3.337950573225583, 6.446221515987177], [3.337045935930748, 6.445769813673419], [3.3370465331985573, 6.446674414778071], [3.3365943634300046, 6.446674713319372], [3.3361413001740874, 6.445318109664297], [3.33433262560858, 6.445319297966609], [3.3347850908807977, 6.4457713021616945], [3.334333218026523, 6.446223899339837], [3.334786574194243, 6.448032805389712], [3.333882232018688, 6.448033398189683], [3.3338816402323763, 6.447128796838679], [3.3329767094759197, 6.446224786484955], [3.3316204945720953, 6.446677970823303], [3.3320735474134806, 6.448034578979438], [3.332977299574866, 6.447129387951637], [3.3329778897583573, 6.44803398938626], [3.3334300608991048, 6.448033693988395], [3.3329784800263944, 6.448938590788816], [3.3338828238897746, 6.448937999508624], [3.333882527943634, 6.448485698853163], [3.335691511361978, 6.448936812137376], [3.3356918089325336, 6.449389112700865], [3.337048026742487, 6.448935917399438], [3.3370477279909116, 6.448483616891197], [3.335238745250158, 6.448032508388454]], [[3.3361418957967497, 6.446222710869386], [3.3356900238288305, 6.446675309199685], [3.3356897263861267, 6.446223008588101], [3.3361418957967497, 6.446222710869386]]], [[[3.349709137566818, 6.449379692417134], [3.347899217745221, 6.447571729600141], [3.3478998344193194, 6.448476329610065], [3.3469951851507207, 6.448024645658223], [3.346543936160972, 6.449381853256234], [3.3474482795302047, 6.449381237878289], [3.347447971538749, 6.448928937871574], [3.349709137566818, 6.449379692417134]]], [[[3.3551348797785043, 6.44892364278317], [3.353325256596616, 6.447567999898229], [3.3510644074648437, 6.447569560954988], [3.3510653409247575, 6.44892646049773], [3.3515175119980287, 6.44892614902194], [3.3515168888676174, 6.4480215493788435], [3.352873399548885, 6.448020612678548], [3.352422166477881, 6.449377824633045], [3.3533265092695745, 6.449377198830908], [3.3533268224938846, 6.44982949854403], [3.3546833377156298, 6.4498285567672715], [3.3551348797785043, 6.44892364278317]], [[3.352873712305166, 6.448472912437865], [3.3533261960676923, 6.448924899109766], [3.3528740250838474, 6.448925212189162], [3.352873712305166, 6.448472912437865]], [[3.354230851971554, 6.449376571425052], [3.3537783670291095, 6.448924585629468], [3.35423053796807, 6.448924271748271], [3.354230851971554, 6.449376571425052]]], [[[3.3379520706694388, 6.448483018437033], [3.337048923125584, 6.4502928188760515], [3.335692106524398, 6.449841413256334], [3.336145471325059, 6.451650317426589], [3.3375019938572486, 6.4516494211058335], [3.3379535686496014, 6.450744520686461], [3.3388582157128806, 6.45119622080003], [3.339761960523161, 6.450291018193861], [3.339761358102864, 6.449386417472062], [3.3388564132621568, 6.4484824183793625], [3.339308283792349, 6.4480298173389645], [3.338855512327177, 6.447125517060791], [3.3384033422437134, 6.447125817226375], [3.3384039420441156, 6.448030418155897], [3.337499600209959, 6.44803101736944], [3.3379520706694388, 6.448483018437033]], [[3.336597347044834, 6.4511977185728355], [3.336597048587202, 6.450745418083571], [3.3375013953168824, 6.45074482021985], [3.3375016945763534, 6.451197120666852], [3.336597347044834, 6.4511977185728355]], [[3.3393097876773163, 6.450291319310033], [3.3388573143907236, 6.44983931962578], [3.3393094868572457, 6.449839018931855], [3.3393097876773163, 6.450291319310033]], [[3.338405141902692, 6.449839619918743], [3.3384045419304416, 6.448935019053357], [3.338856713616836, 6.448934718802853], [3.3388573143907236, 6.44983931962578], [3.338405141902692, 6.449839619918743]], [[3.338405141902692, 6.449839619918743], [3.3379532690106637, 6.450292220252613], [3.3379529693931786, 6.449839919810745], [3.338405141902692, 6.449839619918743]]], [[[3.346998261607922, 6.452547645742552], [3.346546394471705, 6.453000253369301], [3.3469991849746084, 6.453904545611432], [3.3483547849818023, 6.452546720413704], [3.3501637930780146, 6.452997780837433], [3.3497113081566625, 6.452545791474691], [3.34971068787714, 6.4516411917840655], [3.350162861422423, 6.451640881379348], [3.3506165898210956, 6.453902069520414], [3.351068765327051, 6.453901758203572], [3.351069388235361, 6.454806357682155], [3.3501656569893616, 6.45571157953695], [3.351070011232815, 6.4557109571286295], [3.3515215645212946, 6.454806045920051], [3.353330269441594, 6.45480479485894], [3.3528774671277275, 6.453900508924075], [3.35152125265485, 6.454353746206797], [3.3515206289889052, 6.453449146756215], [3.3528771541026465, 6.4534482092610155], [3.3528762151618055, 6.452091310223689], [3.351972491848611, 6.4529965349437255], [3.351969995048464, 6.449378136932717], [3.351065652122631, 6.449378760329275], [3.3506128590543858, 6.4484744717110605], [3.350160688337347, 6.448474782363078], [3.3501613091076594, 6.449379382122111], [3.349709137566818, 6.449379692417134], [3.3497094475844844, 6.44983199230656], [3.34835293162639, 6.449832920851692], [3.348353549323076, 6.450737520737779], [3.3474495117165817, 6.451190437824953], [3.3479026105459173, 6.452547029257781], [3.346998261607922, 6.452547645742552]], [[3.3515206289889052, 6.453449146756215], [3.3510681425078834, 6.452997158692893], [3.3515203171894044, 6.4529968470188885], [3.3515206289889052, 6.453449146756215]], [[3.3501613091076594, 6.449379382122111], [3.3506137914456016, 6.449831371271678], [3.350161619526157, 6.449831681989599], [3.3501613091076594, 6.449379382122111]], [[3.3506137914456016, 6.449831371271678], [3.3510662745852335, 6.450283359968305], [3.3506141022871856, 6.45028367110918], [3.3506137914456016, 6.449831371271678]], [[3.348353549323076, 6.450737520737779], [3.3501619299668817, 6.450283981849068], [3.350614724037124, 6.451188270760121], [3.3488060314154358, 6.4511895114891455], [3.3492588240373458, 6.452093801658945], [3.348354476033951, 6.452094420506754], [3.348353549323076, 6.450737520737779]], [[3.3515196936573455, 6.452092247520161], [3.351067208446275, 6.451640259366697], [3.3515193819247875, 6.451639947758764], [3.3515196936573455, 6.452092247520161]], [[3.3515190702145428, 6.451187647989345], [3.351066585849962, 6.450735659775791], [3.351518758526613, 6.450735348211904], [3.3515190702145428, 6.451187647989345]]], [[[3.347910949659099, 6.464759124300242], [3.3488147003133357, 6.463853905686972], [3.349719069143239, 6.463853284898318], [3.3501709424173067, 6.463400674282613], [3.34971813709222, 6.462496385952525], [3.3506225034231645, 6.462495763688244], [3.3506221919806256, 6.462043464067486], [3.35107437471109, 6.462043152354712], [3.3510749984217236, 6.4629477515442035], [3.35333591575564, 6.462946186733671], [3.3537868421842574, 6.461136674685398], [3.35333434660608, 6.460684689251721], [3.3515259329946008, 6.461138241062634], [3.351525620815742, 6.460685941461794], [3.35197748973881, 6.460233329424911], [3.3542383948011225, 6.460231761260724], [3.3542377657372726, 6.4593271622843655], [3.3528812251759748, 6.459328104254709], [3.352881538492271, 6.459780403813403], [3.3519768646897194, 6.459328730227172], [3.351976552198691, 6.458876430616255], [3.35423745123908, 6.458874862784138], [3.354236822310157, 6.4579702637595915], [3.3533324643668228, 6.45797089200829], [3.354235250381381, 6.455708766057711], [3.353330269441594, 6.45480479485894], [3.3533315235500023, 6.456613993278166], [3.3528793457486294, 6.456614306733901], [3.3528784063373744, 6.455257407865108], [3.351974053074847, 6.455258033439854], [3.3506184564063224, 6.456615867991816], [3.350618145253141, 6.456163568266649], [3.349713790162736, 6.456164189916223], [3.3492603730083426, 6.4543553008947665], [3.348808197012413, 6.454355610628634], [3.348809125457537, 6.455712510139478], [3.347452593726429, 6.455713437130058], [3.3456426577929332, 6.453905467525529], [3.346997030760721, 6.4507384458050625], [3.3460923780873473, 6.450286760463626], [3.345188645111096, 6.451191973697076], [3.3451877269515644, 6.449835073423427], [3.3465442433728203, 6.44983415329844], [3.346543936160972, 6.449381853256234], [3.3447352491587625, 6.449383079200953], [3.344734943572124, 6.448930779064051], [3.3465436289711215, 6.448929553206011], [3.3465430146574136, 6.44802495308151], [3.3456383672824104, 6.447573266607872], [3.3460899240385915, 6.446668359791936], [3.345637448446778, 6.446216366206758], [3.343829077143434, 6.44666988856704], [3.343375995003853, 6.445313292346597], [3.342471658452866, 6.445313900120791], [3.3424725687442094, 6.446670801022965], [3.342020399234285, 6.446671104373417], [3.3415679270517273, 6.4462191069875105], [3.3420194901447506, 6.4453142034068724], [3.340662985090258, 6.445315110861056], [3.3411145491144025, 6.444410208006917], [3.339305578156313, 6.443959113286044], [3.3397586482790964, 6.445315713827124], [3.339306179258001, 6.444863714242789], [3.337949974398205, 6.445316914951132], [3.337950573225583, 6.446221515987177], [3.339307381719829, 6.446672916060121], [3.3397604546341726, 6.448029516329226], [3.3406644943385575, 6.447576612752888], [3.340665098189247, 6.448481213453512], [3.3402129269898393, 6.448481515286288], [3.3406657021264343, 6.449385814122067], [3.340213530125447, 6.44938611599753], [3.3393106902667613, 6.451648220396447], [3.340215340050577, 6.452099917938801], [3.340214434990829, 6.450743017004256], [3.3406666081944003, 6.450742715064761], [3.340666910260306, 6.451195015362955], [3.3420237342342842, 6.451646407300137], [3.343381474116162, 6.453454695903322], [3.34383334459223, 6.453002090919572], [3.344738000423256, 6.453453780072162], [3.3438342596021067, 6.454358991219151], [3.346095447625534, 6.4548097605814165], [3.3460960617968114, 6.455714360508688], [3.34564388444296, 6.455714667498908], [3.346096983218506, 6.4570712603393945], [3.3442879632990445, 6.4566201861299], [3.344288574435643, 6.457524786166089], [3.3460975976094893, 6.457975860186393], [3.3460982120883562, 6.458880460001275], [3.345193851740236, 6.458881073883769], [3.3442904083699863, 6.460238586081954], [3.3447425898032064, 6.460238280079723], [3.344743202092576, 6.461142879944229], [3.3456475664994714, 6.461142266648368], [3.3456472595407454, 6.460689966763415], [3.347456295049719, 6.461141035236624], [3.3479094041641417, 6.4624976256600535], [3.346100978330839, 6.46295115877067], [3.3461015932930795, 6.463855758408826], [3.346553777851554, 6.463855450626445], [3.3465543937052122, 6.464760050189033], [3.3474587643631857, 6.464759433331734], [3.3474584556217986, 6.464307133597971], [3.347910949659099, 6.464759124300242]], [[3.352882478575572, 6.461137302441293], [3.352883418860493, 6.462494200996881], [3.3524312358177175, 6.4624945143386565], [3.3524302967376123, 6.461137615716741], [3.352882478575572, 6.461137302441293]], [[3.351976552198691, 6.458876430616255], [3.3515240602561858, 6.458424443337101], [3.3519762397300066, 6.458424130997307], [3.351976552198691, 6.458876430616255]], [[3.3506190787794585, 6.457520467418066], [3.3501669000415006, 6.457520778509435], [3.350166278470973, 6.45661617903925], [3.3506184564063224, 6.456615867991816], [3.3506190787794585, 6.457520467418066]], [[3.3492622325051853, 6.457069099712919], [3.351071880760049, 6.4584247552754], [3.3506206351018126, 6.459781965843173], [3.351524684413061, 6.459329042611073], [3.351525308659199, 6.460233641852919], [3.350168765286586, 6.460234576727277], [3.3501681434493062, 6.459329977353454], [3.3492644029269805, 6.460235197968796], [3.3483597311548956, 6.459783517833387], [3.348812841230899, 6.461140107460302], [3.347908786120766, 6.46159302614773], [3.3479075502990527, 6.459783827026682], [3.3465506999032986, 6.459332452331419], [3.346550392229474, 6.458880152457736], [3.3474547524456812, 6.458879536166082], [3.347454135558467, 6.457974936481648], [3.347906006018848, 6.457522327944664], [3.348810673308932, 6.457974009163679], [3.3492622325051853, 6.457069099712919]], [[3.3492622325051853, 6.457069099712919], [3.3488097445316667, 6.456617109773241], [3.3492619225336164, 6.456616799929963], [3.3492622325051853, 6.457069099712919]], [[3.3474535187594814, 6.457070336765097], [3.346548854190347, 6.4566186529688805], [3.3470004164385747, 6.455713745324262], [3.347452593726429, 6.455713437130058], [3.3474535187594814, 6.457070336765097]], [[3.34564235118528, 6.453453167512122], [3.3451898696305737, 6.453001173949648], [3.3456420445995683, 6.4530008674906885], [3.34564235118528, 6.453453167512122]], [[3.346090844142108, 6.4480252601039485], [3.345638979949199, 6.4484778668352005], [3.3456386736048347, 6.448025566725543], [3.346090844142108, 6.4480252601039485]], [[3.34337629921371, 6.4457655926123385], [3.3429244343795768, 6.446218197000527], [3.3429241305485267, 6.445765896721288], [3.34337629921371, 6.4457655926123385]], [[3.3433769076988122, 6.446670193119779], [3.3433772119740577, 6.447122493361475], [3.3442815516427955, 6.4471218838121285], [3.3438299912366256, 6.448026789203458], [3.342925649921454, 6.448027398037336], [3.3429250421069803, 6.447122797534964], [3.342472872218135, 6.447123101307662], [3.3424725687442094, 6.446670801022965], [3.3433769076988122, 6.446670193119779]], [[3.342925953861343, 6.448479698276497], [3.34111726936703, 6.4484809112198604], [3.341116967030126, 6.448028610894928], [3.342925649921454, 6.448027398037336], [3.342925953861343, 6.448479698276497]], [[3.3438302959780066, 6.448479089399564], [3.3438306007412133, 6.448931389587652], [3.342926257823, 6.44893199850764], [3.342925953861343, 6.448479698276497], [3.3438302959780066, 6.448479089399564]], [[3.342926257823, 6.44893199850764], [3.3424746935182092, 6.449836902847484], [3.3442830773534307, 6.449383384684805], [3.344736471724148, 6.4511922796683665], [3.3442839930420627, 6.450740285112191], [3.34157095453664, 6.450742109982721], [3.341569743282492, 6.448932908880847], [3.342926257823, 6.44893199850764]], [[3.3442846036104235, 6.451644885357015], [3.3433802559253314, 6.451645495337483], [3.343379951432117, 6.451193195175971], [3.344284298315316, 6.451192585238614], [3.3442846036104235, 6.451644885357015]], [[3.3397586482790964, 6.445315713827124], [3.3402111181013123, 6.445767712960167], [3.339758949284359, 6.445768014264178], [3.3397586482790964, 6.445315713827124]], [[3.3393064798411514, 6.445316014709142], [3.3388546115857816, 6.445768615670082], [3.3388543113816684, 6.445316315190483], [3.3393064798411514, 6.445316014709142]], [[3.3451950777498043, 6.460690273590524], [3.3451944647011924, 6.459785673753209], [3.345646645689121, 6.459785366969412], [3.3456472595407454, 6.460689966763415], [3.3451950777498043, 6.460690273590524]], [[3.3483618968858444, 6.462949616058084], [3.348361587429363, 6.462497316335801], [3.349265953893431, 6.462496696482036], [3.3483625158651535, 6.463854215478543], [3.3470056540924773, 6.463402842670623], [3.3470053458189577, 6.462950542890979], [3.3483618968858444, 6.462949616058084]], [[3.351071257495158, 6.45752015592526], [3.352879658930517, 6.457066606340774], [3.3528802853614956, 6.4579712055304395], [3.3510715691164608, 6.457972455604343], [3.351071257495158, 6.45752015592526]], [[3.3519753024580177, 6.4570672320922835], [3.351522812210219, 6.456615244692802], [3.3519749900787095, 6.456614932441217], [3.3519753024580177, 6.4570672320922835]], [[3.3442852142662036, 6.452549485569754], [3.343832734694778, 6.452097490679736], [3.344284908927386, 6.4520971854673945], [3.3442852142662036, 6.452549485569754]], [[3.3456411249740796, 6.451643967378262], [3.345641431493968, 6.45209626742376], [3.3447373888779612, 6.452549179934711], [3.344736777420202, 6.451644579765172], [3.3456411249740796, 6.451643967378262]], [[3.3411184789311767, 6.45029011243941], [3.3406660041274647, 6.449838114444318], [3.34111817650766, 6.44983781214655], [3.3411184789311767, 6.45029011243941]], [[3.3447343324644954, 6.448026178766194], [3.3447337214443977, 6.4471215784362705], [3.3451858912241175, 6.447121272659622], [3.3451865030456207, 6.4480258729462925], [3.3447343324644954, 6.448026178766194]], [[3.3415688350695416, 6.447576007970251], [3.34202070230755, 6.44712340467957], [3.3420210054025254, 6.447575704977707], [3.3415688350695416, 6.447576007970251]], [[3.341568532375255, 6.447123707650688], [3.3411160601493344, 6.446671709872035], [3.3415682297026503, 6.446671407323107], [3.341568532375255, 6.447123707650688]], [[3.3411160601493344, 6.446671709872035], [3.3406635887247056, 6.446219711641831], [3.341115757899043, 6.446219409515039], [3.3411160601493344, 6.446671709872035]]], [[[3.342476515600909, 6.452550704098622], [3.3415718632049156, 6.452099010724917], [3.341120899098848, 6.4539085144935395], [3.3397640696735817, 6.4534571204675215], [3.3397646724820995, 6.454361721044937], [3.3388606201850903, 6.454814623578422], [3.3393137002982964, 6.456171223496377], [3.338409344114387, 6.456171825078114], [3.338409644433482, 6.456624125386461], [3.3393140014199183, 6.456623523762234], [3.3393143025630803, 6.4570758240200625], [3.3406705367379503, 6.456622618315499], [3.341123623444036, 6.457979216190593], [3.3424801621142657, 6.457978305734366], [3.342027071861346, 6.456621709256292], [3.3429314285017635, 6.456621101209891], [3.34338299734515, 6.455716196430087], [3.345192013383294, 6.456167274082737], [3.3451914007729524, 6.45526267408484], [3.3442870467580654, 6.455263286015411], [3.344286741288117, 6.454810985961196], [3.343382387988161, 6.454811596243456], [3.3433826926557564, 6.455263896340783], [3.342025857874813, 6.454812508657306], [3.342024947612888, 6.453455608123803], [3.342929602837941, 6.453907300520918], [3.342476515600909, 6.452550704098622]], [[3.3420264648246554, 6.455717108972849], [3.3415742872743617, 6.455717412351114], [3.341574893508555, 6.456622012677412], [3.340669932108752, 6.455718017903654], [3.339765878357955, 6.456170922103474], [3.3397652753768905, 6.455266321590257], [3.3406696298265914, 6.455265717685693], [3.340669327566058, 6.454813417459706], [3.342025857874813, 6.454812508657306], [3.3420264648246554, 6.455717108972849]]], [[[3.349715342138034, 6.45842568868131], [3.348810673308932, 6.457974009163679], [3.3479069325207136, 6.458879227417966], [3.3479075502990527, 6.459783827026682], [3.348811292604491, 6.458878608717156], [3.349715963083557, 6.459330288131139], [3.349715342138034, 6.45842568868131]]], [[[3.3343468670700394, 6.467029722067739], [3.3338946791155215, 6.467030019147086], [3.3334433804429717, 6.468387216841941], [3.3357046246259454, 6.468838029338578], [3.335704027673407, 6.4679334288941], [3.3352515409364014, 6.467481426966298], [3.3343474615255198, 6.4679343226704065], [3.3343468670700394, 6.467029722067739]]], [[[3.3393209331624765, 6.467026427660345], [3.339322441570951, 6.469287927945208], [3.34022682096529, 6.46928732352252], [3.3402259134433465, 6.467930423503541], [3.339773724963078, 6.467930725852024], [3.3402253085367173, 6.467025823450683], [3.3393209331624765, 6.467026427660345]]], [[[3.341132717263335, 6.471548217148294], [3.34158460505205, 6.471095613528367], [3.341131807004297, 6.470191317378118], [3.338418062090441, 6.469288530759176], [3.337964970826581, 6.46793193122501], [3.3366081057505528, 6.467480530840601], [3.3366090035594533, 6.4688374313929256], [3.3357046246259454, 6.468838029338578], [3.3357049231341835, 6.4692903295487545], [3.3366093028718278, 6.469289731560949], [3.336609901560688, 6.470194331872872], [3.336157710898315, 6.4701946311100444], [3.336610500335031, 6.47109893215262], [3.3384189649812885, 6.4706454309610635], [3.338419868065506, 6.472002331090554], [3.339323648685499, 6.471097128028337], [3.340228939272499, 6.472453423285288], [3.341133324210983, 6.47245281695485], [3.3415852127608314, 6.472000213308211], [3.341132717263335, 6.471548217148294]], [[3.3393233468745476, 6.47064482801962], [3.338871155938675, 6.470645129691474], [3.3384183630325714, 6.469740830834516], [3.3393227433172736, 6.469740227978055], [3.3393233468745476, 6.47064482801962]], [[3.337512782238744, 6.467932231563018], [3.3370608933011234, 6.468384831661922], [3.337060593629479, 6.467932531498932], [3.337512782238744, 6.467932231563018]], [[3.3397755377888765, 6.470644525945501], [3.3402277286816338, 6.470644223469116], [3.340680525609415, 6.471548520471955], [3.339776142236715, 6.471549125912312], [3.3397755377888765, 6.470644525945501]], [[3.3375139826619282, 6.469741432082141], [3.337514583002088, 6.470646032293447], [3.337062391980331, 6.47064633235624], [3.3370617924444503, 6.469741732102641], [3.3375139826619282, 6.469741432082141]], [[3.3375139826619282, 6.469741432082141], [3.337965872317944, 6.46928883156289], [3.3379661728579784, 6.469741131659433], [3.3375139826619282, 6.469741432082141]], [[3.33751368252399, 6.469289131964423], [3.3370611929941663, 6.468837131816869], [3.3375133824074803, 6.468836831838663], [3.33751368252399, 6.469289131964423]]], [[[3.345201520052627, 6.470188569941635], [3.3461052849122153, 6.469283355562559], [3.3442962210197766, 6.468832283907381], [3.3438443376763423, 6.469284889744587], [3.3442980582327437, 6.471546082617675], [3.345202134109333, 6.471093169409188], [3.3447490232078496, 6.469736577053827], [3.345201520052627, 6.470188569941635]]], [[[3.344759766998918, 6.485567064125485], [3.3456641748584057, 6.485566448492165], [3.3456635585927934, 6.484661849583355], [3.3461157616834596, 6.484661541205269], [3.3465685826301015, 6.485565831246049], [3.3474729903137748, 6.4855652123871375], [3.347473609892318, 6.486469811089863], [3.3492821168068874, 6.486016269098953], [3.3492811827011684, 6.48465937127069], [3.3483764662884314, 6.484207693931755], [3.3483755348667468, 6.482850795875524], [3.3497324505000594, 6.483302161832385], [3.3497318272009835, 6.48239756323536], [3.3474708224838503, 6.482399116673638], [3.3474705128821105, 6.481946817253753], [3.3488271145701134, 6.4819458864652715], [3.348826803781828, 6.481493587102813], [3.3474702033024335, 6.481494517825809], [3.3474692746957735, 6.480137619493635], [3.3461123693599646, 6.4796862468690515], [3.3461120610987747, 6.4792339473355955], [3.3488252501726232, 6.479232090169658], [3.3492780704569665, 6.4801363779858585], [3.3510871785990886, 6.480587429309275], [3.351538751543052, 6.479682517773874], [3.350634354734398, 6.479683143318034], [3.3506340424459515, 6.479230844002999], [3.351990636417291, 6.479229905148591], [3.3524434621841497, 6.48013418983721], [3.3551566542208113, 6.48013229856978], [3.3551563378825677, 6.479679999484056], [3.353347544892289, 6.479681261851597], [3.353346915505131, 6.478776663478296], [3.356512297363509, 6.478774450416944], [3.3565129323886054, 6.4796790484787], [3.3569651305120507, 6.47967873067126], [3.3569644946815353, 6.478774132654234], [3.358773283726711, 6.4787728575756836], [3.3587729642347846, 6.478320558644838], [3.3601295545715875, 6.478319598174437], [3.360129233894529, 6.477867299303145], [3.3578682518991005, 6.4778688979608905], [3.35786793325795, 6.477416598969004], [3.356963541105744, 6.477417235568284], [3.356964176800274, 6.478321833633639], [3.3528944037495636, 6.478324678797957], [3.3528940895147104, 6.477872379569028], [3.351989696061517, 6.47787300735339], [3.3519893826542893, 6.477420708072213], [3.3533459715926544, 6.477419765857933], [3.3533456570000317, 6.4769674666350365], [3.3524412652020033, 6.476968095136326], [3.3533450278820878, 6.4760628681650845], [3.351988442566695, 6.4760638101803645], [3.3519881292488596, 6.475611510866979], [3.354700981552484, 6.4751573241574025], [3.3556044204954825, 6.473799794327407], [3.354247526335735, 6.473348442804986], [3.3542472111403714, 6.472896143553996], [3.3524384421218034, 6.4728974013696865], [3.3524378150167866, 6.4719928026663345], [3.3533425123076697, 6.472444473963247], [3.3528890648041734, 6.470635590811194], [3.352436874527079, 6.4706359045509565], [3.3519856235106924, 6.471993116070081], [3.3506290488584423, 6.471994053867241], [3.3506296727452187, 6.472898652746912], [3.3510818651228287, 6.4728983405062115], [3.3506302967210404, 6.47380325159439], [3.3488202823439224, 6.471995298630584], [3.3465596320145607, 6.472449145172492], [3.346559015412841, 6.471544545883326], [3.347463398131063, 6.471543928373345], [3.3474630890587886, 6.471091628760205], [3.3470108981129023, 6.4710919376945855], [3.347009972234893, 6.469735038741584], [3.3461055926899674, 6.469735655273102], [3.34565401770168, 6.470640562375878], [3.3465583988991314, 6.470639946561975], [3.3465587071449847, 6.471092246226673], [3.345202748253705, 6.47199776884456], [3.3447514765675455, 6.473354974968333], [3.3429423989433205, 6.472903899270868], [3.3424905109043475, 6.473356504087145], [3.3429436196230413, 6.474713098412115], [3.3420392308345153, 6.4747137081763055], [3.3415876444634396, 6.475618612105705], [3.340682647488927, 6.474714619803699], [3.3397782584836704, 6.474715225542694], [3.3393272720973037, 6.476524727505286], [3.338875075930824, 6.4765250294535255], [3.339327876300886, 6.477429327305416], [3.3402319672617318, 6.476976422262391], [3.3397791657702385, 6.476072125263559], [3.342040753149099, 6.476975207136479], [3.3420410576771644, 6.477427506904357], [3.340684467086363, 6.4774284189169915], [3.341137271482408, 6.47833271491274], [3.3397803757876816, 6.4778813247786635], [3.3397809809258425, 6.4787859244879], [3.3393287827678435, 6.4787862269452186], [3.339781586150297, 6.479690524164919], [3.340233785092149, 6.4796902212621905], [3.3402331790622686, 6.478785621627806], [3.341589773341818, 6.478784710630874], [3.341589164982413, 6.477880111092517], [3.342041362226947, 6.477879806664186], [3.342042276006597, 6.479236705895347], [3.3447557733178046, 6.479687170079166], [3.344756080392705, 6.480139469669538], [3.342495389620793, 6.480593300094206], [3.342495694725408, 6.481045599776192], [3.343400094743954, 6.4810449886049115], [3.3424972205746784, 6.4833070980652385], [3.341592816440155, 6.483307707839308], [3.340237119801079, 6.484665518675233], [3.341141526483738, 6.484664911191351], [3.3411421346876375, 6.485569510530775], [3.3420465428959973, 6.485568901348652], [3.342499357677018, 6.486473195331377], [3.344760074358389, 6.486019363611086], [3.344759766998918, 6.485567064125485]], [[3.344759766998918, 6.485567064125485], [3.344307256101843, 6.485115071822081], [3.3447594596613373, 6.485114764631821], [3.344759766998918, 6.485567064125485]], [[3.3461157616834596, 6.484661541205269], [3.3465676558461808, 6.484208933000944], [3.346567964752149, 6.484661232424041], [3.3461157616834596, 6.484661541205269]], [[3.3474729903137748, 6.4855652123871375], [3.347924883963255, 6.485112603011226], [3.3479251941225314, 6.485564902352884], [3.3474729903137748, 6.4855652123871375]], [[3.346112985948271, 6.480590845911798], [3.3456607864839496, 6.4805911540947045], [3.3456601707011817, 6.479686555008587], [3.3461123693599646, 6.4796862468690515], [3.346112985948271, 6.480590845911798]], [[3.344755466264794, 6.479234870480735], [3.3447551592336726, 6.478782570874251], [3.34611175285956, 6.478781647794085], [3.3461120610987747, 6.4792339473355955], [3.344755466264794, 6.479234870480735]], [[3.3519893826542893, 6.477420708072213], [3.3515368733144673, 6.476968722026982], [3.35108436477978, 6.476516735526957], [3.351988755906878, 6.4765161094857], [3.3519893826542893, 6.477420708072213]], [[3.3524387557078756, 6.473349700709288], [3.351534370259575, 6.473350327246847], [3.3515337447190405, 6.472445728471319], [3.3519859366497475, 6.472445415447862], [3.3524387557078756, 6.473349700709288]], [[3.348820903012456, 6.472899897685667], [3.347916518013081, 6.472900517740619], [3.3479162084723315, 6.472448218173416], [3.3488205926671157, 6.472447598162149], [3.348820903012456, 6.472899897685667]], [[3.347916518013081, 6.472900517740619], [3.347464634640761, 6.473353126745437], [3.3474643254802463, 6.4729008271644854], [3.347916518013081, 6.472900517740619]], [[3.347464943823336, 6.473805426318341], [3.3492740278548925, 6.4742564855112], [3.3492749604304257, 6.475613383895367], [3.3483705706465696, 6.475614005017566], [3.34837088074444, 6.476066304506595], [3.349275271333288, 6.476065683340655], [3.349276204174929, 6.477422581628208], [3.348371811170761, 6.477423202925368], [3.348371190864429, 6.476518603987572], [3.347467108719058, 6.476971523103278], [3.3479180660481656, 6.475162015455898], [3.348822455071352, 6.475161395182531], [3.348822144615279, 6.474709095699257], [3.347013059266018, 6.474258034969973], [3.346559940348424, 6.472901444805006], [3.347464943823336, 6.473805426318341]], [[3.342943314420451, 6.474260798638875], [3.3433952027964584, 6.473808193414744], [3.343395508379657, 6.474260493174516], [3.342943314420451, 6.474260798638875]], [[3.3433952027964584, 6.473808193414744], [3.3438470903677295, 6.473355587823161], [3.34384739633148, 6.473807887569437], [3.3433952027964584, 6.473808193414744]], [[3.3415876444634396, 6.475618612105705], [3.342040144158116, 6.476070607576561], [3.3415879485238587, 6.47607091191917], [3.3415876444634396, 6.475618612105705]], [[3.339778560890954, 6.4751675254576995], [3.340231058638148, 6.475619522653781], [3.3397788633198093, 6.475619825364655], [3.339778560890954, 6.4751675254576995]], [[3.343400400675999, 6.481497288235831], [3.343852907412141, 6.481949281625593], [3.343400706629847, 6.481949587858697], [3.343400400675999, 6.481497288235831]], [[3.343852907412141, 6.481949281625593], [3.3452088945191734, 6.481043761427358], [3.3461136026244804, 6.481495444922314], [3.3456629424149735, 6.483757250642294], [3.3438538266132922, 6.4833061803812], [3.343852907412141, 6.481949281625593]], [[3.344304494675286, 6.481044375821966], [3.344304187959419, 6.480592076226103], [3.345208586997681, 6.480591461874724], [3.3452088945191734, 6.481043761427358], [3.344304494675286, 6.481044375821966]], [[3.344758537779938, 6.4837578661024615], [3.34521135548018, 6.484662157558298], [3.3438547460109382, 6.484663079064269], [3.3438541330573415, 6.483758479950285], [3.344758537779938, 6.4837578661024615]], [[3.3434010126054994, 6.482401887473503], [3.3434016246222154, 6.483306486678938], [3.342949422609334, 6.483306792573617], [3.3429488113985024, 6.48240219332515], [3.3434010126054994, 6.482401887473503]], [[3.342045933079754, 6.484664302094896], [3.3424981363451995, 6.484663996941954], [3.3424987469676144, 6.48556859615279], [3.3420465428959973, 6.485568901348652], [3.342045933079754, 6.484664302094896]], [[3.342045933079754, 6.484664302094896], [3.3415934253200894, 6.484212307184293], [3.3420456282042097, 6.484212002455926], [3.342045933079754, 6.484664302094896]], [[3.3420456282042097, 6.484212002455926], [3.342497525809772, 6.483759397698871], [3.3424978310666122, 6.484211697324444], [3.3420456282042097, 6.484212002455926]], [[3.343855052520486, 6.4851153786091675], [3.343403155045578, 6.485567984551467], [3.343402848917297, 6.485115684993084], [3.343855052520486, 6.4851153786091675]], [[3.348829290708267, 6.4851119817768055], [3.3483773979091964, 6.48556459191543], [3.348377087346821, 6.485112292595601], [3.348829290708267, 6.4851119817768055]], [[3.343402236726148, 6.484211085852134], [3.3429503395888975, 6.484663691385869], [3.3429500339072677, 6.484211391789845], [3.343402236726148, 6.484211085852134]], [[3.347471132107652, 6.482851416085461], [3.347923333498245, 6.482851106182009], [3.34792457382607, 6.484660303661505], [3.347020167798833, 6.484660923239671], [3.347471132107652, 6.482851416085461]], [[3.347017384810957, 6.480590228337321], [3.3465654941205454, 6.481042836813576], [3.346565185390616, 6.480590537326002], [3.347017384810957, 6.480590228337321]], [[3.3497293348929067, 6.478779168524929], [3.3492774482742487, 6.479231779232195], [3.3492771372161547, 6.47877947984328], [3.3497293348929067, 6.478779168524929]], [[3.3443026547079966, 6.478330578125952], [3.3438507633735868, 6.478783184247158], [3.3438504571696925, 6.478330884589446], [3.3443026547079966, 6.478330578125952]], [[3.348824939517226, 6.47877979075886], [3.3479202342250414, 6.478328111919157], [3.347919924419218, 6.477875812448564], [3.348824318272874, 6.477875191913096], [3.348824939517226, 6.47877979075886]], [[3.3470149125422135, 6.476971832320678], [3.346563642071036, 6.478329039767296], [3.345659247191631, 6.478329656318996], [3.346562716343336, 6.476972141135418], [3.3470149125422135, 6.476971832320678]], [[3.3506324813376533, 6.476969347306999], [3.3501809088871797, 6.4778742580895186], [3.3497287120379395, 6.477874569766761], [3.3497280892717916, 6.476969970976376], [3.3506324813376533, 6.476969347306999]], [[3.3506327935147886, 6.477421646662306], [3.3510853025189298, 6.477873633526886], [3.3506331057141856, 6.47787394600956], [3.3506327935147886, 6.477421646662306]], [[3.343397648072516, 6.477426591267515], [3.3429454512958303, 6.477426896882486], [3.3429448406511386, 6.476522297424569], [3.343397036622687, 6.476521991852629], [3.343397648072516, 6.477426591267515]], [[3.3438492325724325, 6.476521685878058], [3.3443014285003465, 6.476521379500855], [3.344754238271643, 6.477425672006471], [3.3438498448273997, 6.477426285249857], [3.3438492325724325, 6.476521685878058]], [[3.345206127614797, 6.476973065163673], [3.3456580161528144, 6.476520457953449], [3.3456583238795994, 6.476972757556917], [3.345206127614797, 6.476973065163673]], [[3.3452058202905666, 6.4765207655385515], [3.3447533175066133, 6.476068773066214], [3.345205512988253, 6.476068465905376], [3.3452058202905666, 6.4765207655385515]], [[3.3456580161528144, 6.476520457953449], [3.3461099038857527, 6.476067850375886], [3.3461102119931163, 6.476520149965718], [3.3456580161528144, 6.476520457953449]], [[3.3429442300935426, 6.4756176979344415], [3.3424923397706574, 6.476070302831348], [3.3424920349052436, 6.475618003060771], [3.3429442300935426, 6.4756176979344415]], [[3.3465620993015546, 6.476067542007235], [3.346561482347787, 6.475162942846847], [3.3474655622546674, 6.474710025440005], [3.3474661807742407, 6.475614624529467], [3.3465620993015546, 6.476067542007235]], [[3.346561173903908, 6.474710643254575], [3.3461095958003635, 6.475615550778002], [3.345657400765084, 6.475615858722364], [3.3456567854651365, 6.474711259459074], [3.346561173903908, 6.474710643254575]], [[3.3456567854651365, 6.474711259459074], [3.3452042839981737, 6.474259267292169], [3.345656477848082, 6.474258959815356], [3.3456567854651365, 6.474711259459074]], [[3.345656477848082, 6.474258959815356], [3.3461083636785536, 6.473806352305968], [3.346108671676044, 6.474258651936052], [3.345656477848082, 6.474258959815356]], [[3.351084052244645, 6.476064436177539], [3.3506315449398203, 6.4756124491927585], [3.3510837397318, 6.4756121368200725], [3.351084052244645, 6.476064436177539]], [[3.3497271552891044, 6.475613072730406], [3.349726844005951, 6.47516077329898], [3.350631232851733, 6.475160149805242], [3.3506315449398203, 6.4756124491927585], [3.3497271552891044, 6.475613072730406]], [[3.350631232851733, 6.475160149805242], [3.3510831147729823, 6.474707538080984], [3.351083427241246, 6.475159837454555], [3.350631232851733, 6.475160149805242]], [[3.3452048984493787, 6.475163866614872], [3.344753010628714, 6.47561647340336], [3.344752703772704, 6.475164173732455], [3.3452048984493787, 6.475163866614872]], [[3.351987502680232, 6.4747069122160505], [3.3515356216084684, 6.47515952470132], [3.3515353087377666, 6.474707225349777], [3.351987502680232, 6.4747069122160505]], [[3.3442998962326342, 6.474259881038324], [3.3438480083244735, 6.474712487037844], [3.343847702317061, 6.474260187307666], [3.3442998962326342, 6.474259881038324]], [[3.350178415135416, 6.47425586291026], [3.3497265327450014, 6.474708473859502], [3.3497262215062564, 6.474256174411975], [3.350178415135416, 6.47425586291026]], [[3.3528915764424814, 6.474253985447702], [3.35243969660035, 6.474706598679807], [3.352439382947149, 6.474254299364351], [3.3528915764424814, 6.474253985447702]], [[3.346108055703037, 6.473354052667837], [3.3456558626798087, 6.473354360503769], [3.345655247599318, 6.472449761159992], [3.3461074398179265, 6.472449453367432], [3.346108055703037, 6.473354052667837]]], [[[3.3515406305751587, 6.482396313230742], [3.3506368538434357, 6.483301537548253], [3.351089055481743, 6.483301224801601], [3.351541883709641, 6.484205510040802], [3.353350693174187, 6.48420425323463], [3.353350378245038, 6.483751954132597], [3.351993772389217, 6.48375289727556], [3.352445346184428, 6.482847984980902], [3.351540943825298, 6.482848612445347], [3.3515406305751587, 6.482396313230742]]], [[[3.353801949555215, 6.482847040761524], [3.35289754733044, 6.482847670644137], [3.3528978618117637, 6.483299969784432], [3.3538025801521445, 6.48375163894544], [3.3538032108389317, 6.484656237097108], [3.354707616197827, 6.484655605424699], [3.3547069838989363, 6.4837510073618745], [3.353801949555215, 6.482847040761524]]], [[[3.351543450629969, 6.486467005871985], [3.351994713616609, 6.485109794756481], [3.351089994224013, 6.484658122438953], [3.3510893683735405, 6.483753524022113], [3.3497330738879585, 6.484206760397169], [3.3501855885070606, 6.484658747661105], [3.3497343209302324, 6.48601595742999], [3.3506387291102744, 6.486015332882386], [3.350639354377332, 6.486919931262592], [3.351543450629969, 6.486467005871985]], [[3.3515425104108085, 6.485110108397466], [3.3510906201636543, 6.485562720823544], [3.3510903071826874, 6.485110421635279], [3.3515425104108085, 6.485110108397466]], [[3.3501859006595955, 6.4851110469014], [3.350638416510142, 6.485563033680187], [3.350186212834366, 6.485563346133632], [3.3501859006595955, 6.4851110469014]]], [[[3.3465685826301015, 6.485565831246049], [3.344760074358389, 6.486019363611086], [3.345213817844014, 6.488280553173282], [3.3461182304980346, 6.488279936473494], [3.34566479121181, 6.486471047368727], [3.3465685826301015, 6.485565831246049]]], [[[3.3420486779369836, 6.488734998482798], [3.3434052985540785, 6.488734081234357], [3.3434046860140536, 6.487829482222427], [3.3429524799700294, 6.487829788332273], [3.343404073561249, 6.4869248831782365], [3.3424996630643404, 6.486925494908573], [3.342499357677018, 6.486473195331377], [3.341594947899492, 6.4864738054056845], [3.341595252480442, 6.4869261050257725], [3.3393354361171537, 6.488736822087916], [3.3393360414841986, 6.48964142145284], [3.3406926649115305, 6.489640511337665], [3.340692361007157, 6.489188211723191], [3.342048983029714, 6.489187298041127], [3.3420486779369836, 6.488734998482798]], [[3.3402395466857846, 6.488283916181184], [3.3406920571244165, 6.48873591210065], [3.34023985014359, 6.488736215833138], [3.3402395466857846, 6.488283916181184]], [[3.3425002739042284, 6.487830094038776], [3.3420477627891056, 6.487378099759408], [3.3424999684734105, 6.487377794477705], [3.3425002739042284, 6.487830094038776]]], [[[3.347474229559114, 6.487374409760334], [3.346118539198754, 6.488732235845729], [3.347475159224783, 6.488731307705547], [3.347475469157466, 6.489183607004485], [3.348379572465199, 6.48873068692844], [3.3483792617479784, 6.488278387665062], [3.347474849314163, 6.488279008398542], [3.347474229559114, 6.487374409760334]]], [[[3.347926434980554, 6.4873740996388785], [3.3488314679317197, 6.488278076693271], [3.3483798832045393, 6.4891829861837484], [3.3515450181083346, 6.488728501501557], [3.3510934379955377, 6.489633413155], [3.352449745318057, 6.48918017252088], [3.3524500597097315, 6.489632471570387], [3.35335447407401, 6.489631841830047], [3.3533551045380947, 6.490536439816349], [3.354259204376134, 6.490083509428715], [3.353808575304751, 6.492345320083749], [3.354712677832204, 6.491892388765912], [3.355163302533093, 6.489630577507932], [3.3533541588756233, 6.489179542824793], [3.3542579404007262, 6.488274313569027], [3.353804787949034, 6.486917732335176], [3.35244785943798, 6.486466378054432], [3.3524484879751557, 6.487370976242178], [3.3519962827759278, 6.487371290396751], [3.3519956550451497, 6.486466692164836], [3.351543450629969, 6.486467005871985], [3.35109187231045, 6.4873719174959605], [3.3501874617558, 6.487372542981923], [3.3501868372506123, 6.486467944573907], [3.349734632746317, 6.486468256668037], [3.349735256445107, 6.487372855119938], [3.347926434980554, 6.4873740996388785]], [[3.353805734484676, 6.4882746293812374], [3.3533532134150845, 6.487822645760624], [3.3538054189503304, 6.48782233037395], [3.353805734484676, 6.4882746293812374]], [[3.3533532134150845, 6.487822645760624], [3.3529006931520042, 6.487370661684296], [3.353352898306445, 6.487370346723101], [3.3533532134150845, 6.487822645760624]], [[3.3529010078574024, 6.487822960743959], [3.3524491166018477, 6.4882755743976634], [3.352448802277312, 6.487823275323954], [3.3529010078574024, 6.487822960743959]], [[3.35109187231045, 6.4873719174959605], [3.351544391050023, 6.4878239032739256], [3.351092185402881, 6.487824216643903], [3.35109187231045, 6.4873719174959605]], [[3.3510924985176054, 6.4882765157837765], [3.349283674093311, 6.488277765318108], [3.34928336259167, 6.487825466090408], [3.351092185402881, 6.487824216643903], [3.3510924985176054, 6.4882765157837765]]], [[[3.35511133363774, 6.415001147544795], [3.3564686992490307, 6.416357106581125], [3.3569198970747904, 6.4149998914997965], [3.35511133363774, 6.415001147544795]]], [[[3.364606609103193, 6.415446781885796], [3.365060681710891, 6.418160258321459], [3.3659652908948847, 6.418611912863545], [3.36641711118494, 6.418159290085309], [3.366415495315779, 6.415897791910952], [3.364606609103193, 6.415446781885796]]], [[[3.3641580017568575, 6.420422400364668], [3.3628009256853515, 6.419518763426359], [3.3627999654578407, 6.41816186406895], [3.3637045728788424, 6.418613522715109], [3.364608216881437, 6.417708280558336], [3.3641551105126495, 6.416351702835849], [3.3637029688571145, 6.4163520238940865], [3.3641541471805603, 6.414994803515917], [3.363701686055192, 6.41454282469363], [3.363249545971221, 6.414543145261865], [3.363250186528755, 6.415447744923624], [3.3623459046971544, 6.415448384954835], [3.3614409854051024, 6.414544423547356], [3.3596327415502794, 6.414997995469059], [3.3596333757753305, 6.4159025954774025], [3.3614416227735737, 6.4154490233908374], [3.3623465437521367, 6.416352984675654], [3.3618947211676997, 6.416805604009601], [3.3618953595631003, 6.417710203727944], [3.3623475025070735, 6.417709884197034], [3.3618975946704563, 6.420876302490699], [3.3641580017568575, 6.420422400364668]], [[3.3623491008918767, 6.419971383239699], [3.3628015659521484, 6.420423362958049], [3.3623494206378246, 6.42042368302428], [3.3623491008918767, 6.419971383239699]], [[3.363251788326006, 6.4177092439383845], [3.3637036103965614, 6.417256623446439], [3.3637039312009067, 6.417708923210645], [3.363251788326006, 6.4177092439383845]], [[3.363251467920451, 6.417256944151393], [3.3627990054375463, 6.416804964639701], [3.363251147537948, 6.416804644356421], [3.363251467920451, 6.417256944151393]]], [[[3.360996808932696, 6.425852238436569], [3.361448959105716, 6.425851919295933], [3.361899830903212, 6.424042400862176], [3.360995852529477, 6.424495339142345], [3.3609964901087124, 6.425399938679817], [3.3596400406502234, 6.425400893637232], [3.359639723046987, 6.424948593804724], [3.358283590986311, 6.425401844999811], [3.358736374574718, 6.426306128009491], [3.3578323892074438, 6.426759061041271], [3.3578330214240752, 6.427663660814279], [3.3619023879758747, 6.427660798521651], [3.360997446649397, 6.426756837926095], [3.360996808932696, 6.425852238436569]], [[3.358284540338941, 6.426758744651921], [3.358737008343447, 6.427210727708641], [3.358284856835295, 6.427211044519976], [3.358284540338941, 6.426758744651921]], [[3.359189159828831, 6.427210410497764], [3.3591885252613425, 6.4263058108436235], [3.3596406759251707, 6.4263054932782735], [3.3596413112914183, 6.427210092887351], [3.359189159828831, 6.427210410497764]], [[3.360545295654765, 6.42675715671251], [3.360092826566174, 6.42630517531344], [3.3605449771843237, 6.426304856949125], [3.360545295654765, 6.42675715671251]]], [[[3.369594845241917, 6.435796689511098], [3.370497851501037, 6.43398683818524], [3.3691413807270782, 6.433987819627926], [3.3691407278840835, 6.4330832212182125], [3.3682364155168143, 6.433083873421067], [3.3682370667605777, 6.433988471923236], [3.3673330775578263, 6.434441421903891], [3.367785885583551, 6.435345695233399], [3.3668815690776253, 6.4353463452671065], [3.36688189360487, 6.4357986445513085], [3.370047331116445, 6.436248661385295], [3.369594845241917, 6.435796689511098]], [[3.3682383695285694, 6.435797668831544], [3.3686902019961025, 6.435345043599498], [3.3691420336637905, 6.43489241800563], [3.369142686694221, 6.435797016351322], [3.3682383695285694, 6.435797668831544]]], [[[3.3546745422753634, 6.437164163634587], [3.3564825533023885, 6.436258305244191], [3.3569356602849276, 6.4376148888618], [3.357839665183462, 6.437161956499662], [3.357840298444828, 6.438066555904716], [3.358744938136979, 6.43851822124901], [3.357838715461758, 6.435805057332047], [3.357386872465435, 6.436257673523229], [3.356934397143987, 6.435805689808411], [3.3546739147050086, 6.43625956388483], [3.354221128318914, 6.435355277718507], [3.3564819226224465, 6.435353705640756], [3.3564816073164145, 6.434901405827033], [3.3537686564840805, 6.434903290986602], [3.3533161854490414, 6.434451303802315], [3.3528652757474435, 6.436260816123751], [3.3537695952711344, 6.4362601908045045], [3.3546745422753634, 6.437164163634587]], [[3.353316810439921, 6.435355903749253], [3.353769282319662, 6.435807890873206], [3.3533171229689986, 6.43580820371072], [3.353316810439921, 6.435355903749253]]], [[[3.3673343772199242, 6.436250618964647], [3.365977576205924, 6.435799293030769], [3.36597822373035, 6.43670389166705], [3.365073904638566, 6.436704538637867], [3.3650742276355747, 6.43715683798983], [3.3655267110133242, 6.437608814002647], [3.3677875124525847, 6.437607191344072], [3.3673343772199242, 6.436250618964647]], [[3.366882542729218, 6.4367032430957], [3.366882867326322, 6.437155542355887], [3.3659785475274067, 6.437156190973183], [3.36597822373035, 6.43670389166705], [3.366882542729218, 6.4367032430957]]], [[[3.3718566245492054, 6.437151946349251], [3.371855966578096, 6.436247348330314], [3.3714041363217744, 6.436699976230983], [3.370047331116445, 6.436248661385295], [3.3700476584902237, 6.436700960491789], [3.3686911804472857, 6.436701941151403], [3.368692159109081, 6.438058838631263], [3.3691443196803217, 6.438058512075471], [3.369143666415591, 6.437153913809828], [3.3700479858874894, 6.4371532595902785], [3.370048313308242, 6.437605558680763], [3.3718566245492054, 6.437151946349251]]], [[[3.363719678890535, 6.439871601868457], [3.3637203228306998, 6.440776200589347], [3.3641724860588718, 6.440775878299058], [3.363721288914096, 6.442133098610611], [3.364173775817542, 6.442585075553452], [3.364625617749191, 6.442132453492655], [3.3650777821320363, 6.442132130332966], [3.3650784287053646, 6.443036728836679], [3.3668867643079516, 6.442583132853557], [3.366886439431402, 6.442130833689473], [3.365529622839465, 6.441679507531829], [3.3655292992104218, 6.441227208282846], [3.3664336262588335, 6.441226560052877], [3.365528652021941, 6.440322609760847], [3.366885140158079, 6.440321636953021], [3.3668848153979667, 6.439869337748885], [3.366432653109394, 6.439869662395533], [3.3664320044593943, 6.438965063917257], [3.365075842968199, 6.439418334629563], [3.3655276814132282, 6.43896571191778], [3.3650742276355747, 6.43715683798983], [3.3641699076510556, 6.437157483405834], [3.364169585454095, 6.436705184008152], [3.3655257408222257, 6.436251916015457], [3.3655250941441617, 6.4353473173173095], [3.3668815690776253, 6.4353463452671065], [3.366881244573667, 6.4348940459749], [3.365524447558898, 6.434442718587146], [3.364620777405804, 6.435347963350536], [3.36462142248406, 6.436252562140232], [3.3632652661771663, 6.4367058277778995], [3.363265908994048, 6.43761042665647], [3.3619094275055676, 6.43761138944648], [3.3619100680141014, 6.4385159884294145], [3.361005425840961, 6.438064328846323], [3.3610063843062954, 6.439421227420662], [3.3632665519031595, 6.438515025503016], [3.3637193569550825, 6.439419302495998], [3.3623628707341897, 6.439420266759699], [3.362363512226916, 6.440324865633166], [3.363719678890535, 6.439871601868457]], [[3.363266230437075, 6.438062726083745], [3.364170552114321, 6.438062082177183], [3.364170874380626, 6.438514381550848], [3.3632665519031595, 6.438515025503016], [3.363266230437075, 6.438062726083745]], [[3.364170552114321, 6.438062082177183], [3.3646223902750148, 6.437609460264747], [3.3646227129182864, 6.438061759623572], [3.364170552114321, 6.438062082177183]], [[3.3650771356513998, 6.441227531797205], [3.364624649263928, 6.4407755556083774], [3.365076812445841, 6.440775232517309], [3.3650771356513998, 6.441227531797205]], [[3.3650764892634544, 6.440322933229403], [3.364624003722806, 6.43987095697881], [3.3650761661042408, 6.439870633933487], [3.3650764892634544, 6.440322933229403]]], [[[3.3591970996165372, 6.438517903475526], [3.358293410832603, 6.439423137934367], [3.3591977354151075, 6.439422502697683], [3.359198371304875, 6.440327101887811], [3.359650216005856, 6.439874484055419], [3.3605548604088344, 6.44032614589513], [3.3610063843062954, 6.439421227420662], [3.3601014225072277, 6.438517266727812], [3.3596495793613217, 6.438969884894343], [3.3591970996165372, 6.438517903475526]]], [[[3.3677904422875327, 6.4416778838388495], [3.369147260531419, 6.442129203874462], [3.369146280036843, 6.44077230668022], [3.3682413021238458, 6.43986836140695], [3.369597461501368, 6.439415082388407], [3.369144646347832, 6.4385108111962825], [3.3682406502723956, 6.438963763112909], [3.3682399985144382, 6.438059164786836], [3.3668838412573527, 6.438512440088418], [3.3673373028235885, 6.440321311883026], [3.3682419540687887, 6.440772959668955], [3.3677904422875327, 6.4416778838388495]], [[3.367336652526231, 6.439416713512772], [3.3677884888541336, 6.438964088914406], [3.3677888143680046, 6.439416388088505], [3.367336652526231, 6.439416713512772]]], [[[3.3614591863637613, 6.440325506564871], [3.3596508527417033, 6.440779083184462], [3.360557095148363, 6.443492242334471], [3.3619132719350606, 6.443038982863597], [3.3619129514395913, 6.4425866834562235], [3.361008621527405, 6.442587323813816], [3.3614591863637613, 6.440325506564871]], [[3.3610079822068015, 6.441682724884393], [3.3605554987914137, 6.441230744917852], [3.361007662580872, 6.441230425407667], [3.3610079822068015, 6.441682724884393]]], [[[3.373219712220917, 6.446196934242778], [3.3736705556179905, 6.444387408208259], [3.372766223714758, 6.444388069579109], [3.372313068472075, 6.443031503077645], [3.3714087388296776, 6.443032161904933], [3.3714084099258796, 6.442579862980289], [3.3732167370328727, 6.442126244977674], [3.3727642430138687, 6.441674276475186], [3.373215415343007, 6.440317049540396], [3.3723104314970587, 6.439413111829185], [3.3714061082593814, 6.439413770283466], [3.371406765760509, 6.440318368236896], [3.3718589281915667, 6.440318039163309], [3.3714077521890076, 6.441675265106967], [3.371860245077894, 6.442127234880852], [3.370955916989843, 6.442127892813945], [3.370956902500051, 6.443484789657686], [3.370052571915442, 6.443485446128256], [3.370505393543107, 6.444389715995493], [3.3696010613096212, 6.44439037175775], [3.3696004065878897, 6.443485773762707], [3.3691482412368767, 6.443486100996599], [3.369149222153218, 6.444842998046612], [3.3686970555773272, 6.444843324949334], [3.368696402410661, 6.443938726877746], [3.3682442366123606, 6.443939053333623], [3.3682461939898736, 6.446652847590803], [3.3700545387653125, 6.446199239878089], [3.3700555225073554, 6.447556136644787], [3.3718645275666703, 6.448007120077345], [3.3714107127475437, 6.445745955284496], [3.3723153770659087, 6.44619759499936], [3.372316036876843, 6.447102192619135], [3.373219712220917, 6.446196934242778]], [[3.371411700024745, 6.447102851866062], [3.3705073630783438, 6.447103509509854], [3.370507034763676, 6.446651210610835], [3.3714113709087687, 6.446650553013556], [3.371411700024745, 6.447102851866062]], [[3.369149876214605, 6.4457475960398805], [3.3686973821957653, 6.445295623973105], [3.3691495491721954, 6.445295297047255], [3.369149876214605, 6.4457475960398805]], [[3.3696020435681717, 6.4457472686902015], [3.3696013887056773, 6.444842670743249], [3.3700535552346755, 6.444842343039242], [3.3700542108982776, 6.4457469409398245], [3.3696020435681717, 6.4457472686902015]], [[3.3727672143846297, 6.445744966022877], [3.3723147173495067, 6.4452929973475195], [3.372766884137678, 6.445292667216304], [3.3727672143846297, 6.445744966022877]], [[3.37050604996078, 6.445294313865678], [3.3705057217401846, 6.444842014934593], [3.371861562341876, 6.443936430470201], [3.3718625505377027, 6.445293327078064], [3.37050604996078, 6.445294313865678]]], [[[3.365983407270818, 6.4439406796042125], [3.3650797221300994, 6.444845925747951], [3.3659840556315217, 6.444845277952157], [3.3668890390958652, 6.445749226777782], [3.3668880640470302, 6.444392329429769], [3.3659837314395546, 6.444392978782194], [3.365983407270818, 6.4439406796042125]]], [[[3.3632716984963698, 6.445751815122018], [3.3623673631153324, 6.4457524582010715], [3.362367684172208, 6.446204757529641], [3.3641766791268255, 6.446655768907086], [3.363724188410985, 6.446203792241727], [3.364175388535983, 6.444846571941173], [3.3632710548494016, 6.444847216531818], [3.3632716984963698, 6.445751815122018]]], [[[3.36734250856002, 6.447558097691322], [3.3677936998774776, 6.446200874738631], [3.3668893641587205, 6.446201525877751], [3.3664381703907282, 6.447558748166996], [3.3673431596967833, 6.448462695773075], [3.3682474993757108, 6.448462043601916], [3.3686986889035495, 6.447104819988026], [3.36734250856002, 6.447558097691322]]], [[[3.361012459375892, 6.448014916717212], [3.361465269913871, 6.448919195126608], [3.362368968629728, 6.448013954763754], [3.3637264448681417, 6.449369886839254], [3.363725477676546, 6.44801298920271], [3.362821138335041, 6.448013633310914], [3.362820816785445, 6.447561334037147], [3.361012459375892, 6.448014916717212]]], [[[3.358301345982642, 6.45073062663187], [3.357397001282067, 6.450731261389059], [3.3569441959678654, 6.449826979120186], [3.3560398527347446, 6.449827611381892], [3.356491392325012, 6.448922696328763], [3.355587050649922, 6.448923327699268], [3.3555879963353, 6.450280226505301], [3.3569448288977344, 6.450731578166131], [3.3569454619182366, 6.451636177179994], [3.3578498082679333, 6.451635543135205], [3.358301345982642, 6.45073062663187]]], [[[3.353328388951864, 6.452090996989332], [3.3546842811311173, 6.451185455658771], [3.3546845956479756, 6.451637755273228], [3.3560414312201994, 6.452089109160098], [3.3560407997582145, 6.45118451007288], [3.355136454029369, 6.451185140864517], [3.3555879963353, 6.450280226505301], [3.3542314800459803, 6.450281170754557], [3.3533277623013857, 6.451186397635276], [3.353328388951864, 6.452090996989332]]], [[[3.3641808761014746, 6.452535658160248], [3.365085223321777, 6.452535011189788], [3.3650855471298597, 6.452987310261233], [3.3664417439783443, 6.452534037725655], [3.366442394023941, 6.453438635722934], [3.3646336965604546, 6.453439933056197], [3.3646340200138027, 6.453892232134467], [3.366895219272573, 6.454342908305864], [3.3673457651765584, 6.452081087779266], [3.3677979382346552, 6.452080761709765], [3.366892616068166, 6.4507245164364635], [3.3677969598020274, 6.450723864836741], [3.3682481522088805, 6.449366641559356], [3.3691524933974417, 6.449365987692257], [3.369603681134972, 6.44800876341729], [3.3686993423978637, 6.448009417947381], [3.367795981579523, 6.4493669678915175], [3.367343485300142, 6.448914994801923], [3.365987298828911, 6.4493682692108925], [3.365083604628989, 6.450273515712205], [3.3650839283211966, 6.450725814823767], [3.365988272241146, 6.450725166432139], [3.365988921298797, 6.451629764539528], [3.3646320796409146, 6.451178437544478], [3.3641808761014746, 6.452535658160248]], [[3.365988272241146, 6.450725166432139], [3.366440119271424, 6.450272542592038], [3.3664404441662863, 6.450724841634808], [3.365988272241146, 6.450725166432139]], [[3.366440119271424, 6.450272542592038], [3.366891965499963, 6.449819918388881], [3.36689229077242, 6.450272217416682], [3.366440119271424, 6.450272542592038]], [[3.3668932667295275, 6.451629114451958], [3.366441418990438, 6.452081738714977], [3.366441094025793, 6.451629439696276], [3.3668932667295275, 6.451629114451958]]], [[[3.3628256424476595, 6.454345822301487], [3.3632771732196987, 6.45344090184373], [3.362372502785596, 6.452989246495927], [3.36237282421051, 6.4534415456961725], [3.360564445759895, 6.45389512786973], [3.3601132291925797, 6.455252345480253], [3.361017581640409, 6.455251705458799], [3.361016941036507, 6.454347106978432], [3.361921291788033, 6.4543464654424385], [3.3619209707182276, 6.453894166235543], [3.3628256424476595, 6.454345822301487]]], [[[3.3687045737225967, 6.455246200467116], [3.3696089252902883, 6.455245545196425], [3.3691554395207493, 6.4534366776875824], [3.370059787832521, 6.453436021799681], [3.370963477983893, 6.452530766772086], [3.369606630233281, 6.452079453420799], [3.3687029382899865, 6.4529847061503585], [3.3687019573112806, 6.451627809463998], [3.3682497847008777, 6.451628136312589], [3.3682507644765867, 6.452985033068254], [3.3673467426162293, 6.45343798464921], [3.368251744462682, 6.454341929751691], [3.3664446699162744, 6.456604728460581], [3.3668971726540753, 6.457056701870812], [3.3691577322622766, 6.456602769456752], [3.3691574046574697, 6.4561504706566675], [3.3678008747933084, 6.456151451895488], [3.3687045737225967, 6.455246200467116]]], [[[3.37006175778312, 6.456149814490699], [3.37096676925802, 6.457053754125852], [3.3709677570994674, 6.458410650175416], [3.37141993558657, 6.458410320571344], [3.3718701337635486, 6.455696198673808], [3.37006175778312, 6.456149814490699]]], [[[3.3546880568194264, 6.456613050502666], [3.354235564722162, 6.456161065614143], [3.354236822310157, 6.4579702637595915], [3.356044905877117, 6.457064403566033], [3.3560445898862064, 6.456612104114719], [3.3546880568194264, 6.456613050502666]]], [[[3.3668971726540753, 6.457056701870812], [3.3655403156145356, 6.456605378250814], [3.3664453203805853, 6.457509326313367], [3.366445970937947, 6.458413924134031], [3.3668978239675704, 6.457961299661562], [3.3678025070319673, 6.4584129461621265], [3.367801854066458, 6.457508348479564], [3.3668974982991773, 6.457509000770203], [3.3668971726540753, 6.457056701870812]]], [[[3.364183137629137, 6.455701751811875], [3.364182491362785, 6.4547971536658295], [3.3628259643427274, 6.45479812145492], [3.3637309611764916, 6.455702074855144], [3.361922255135298, 6.455703363014972], [3.3619219339965682, 6.455251063832155], [3.359661372067083, 6.45570496418495], [3.3601122707279685, 6.453895447612034], [3.3587567003494567, 6.455253302502712], [3.3573992200573586, 6.453897357640421], [3.3564951859084307, 6.454350290583994], [3.3569476782037397, 6.4548022734757735], [3.3564964511603987, 6.456159488412297], [3.358304841951946, 6.455705920071037], [3.3583057958757676, 6.457062818113172], [3.357401439944344, 6.457063453498549], [3.3574020744019615, 6.4579680522429035], [3.3578539355401964, 6.457515435360337], [3.3587586106729814, 6.457967098428024], [3.3587576554087346, 6.456610200501497], [3.35920983291628, 6.45660988182779], [3.359210470538941, 6.4575144804084905], [3.3601148270908032, 6.457513841766732], [3.359662968073169, 6.457966460544103], [3.360116425560542, 6.459775337852465], [3.3587598846774886, 6.459776295550966], [3.358760203235553, 6.460228594811623], [3.3601170651084655, 6.460679936230534], [3.359665203440638, 6.461132555109622], [3.360118344478648, 6.462489132890261], [3.360570527136678, 6.462488812718717], [3.3605686058092097, 6.459775017816471], [3.3619251464177573, 6.459774055299007], [3.361925789177703, 6.460678653496004], [3.3623779701376444, 6.460678331808277], [3.362377326574693, 6.459773733656692], [3.363281686819521, 6.459773089167325], [3.3632810417428085, 6.4588684910746], [3.361924825072248, 6.45932175618846], [3.3610198244759735, 6.458417799887184], [3.3614707201113867, 6.456608282438521], [3.361922897481683, 6.456607961356523], [3.3619235399199696, 6.457512559665957], [3.3628278961968148, 6.457511916206941], [3.3623763614028004, 6.458416836369072], [3.363280719239045, 6.458416192016189], [3.3632800743007025, 6.4575115938752745], [3.3641844304392645, 6.457510948007632], [3.364183783987963, 6.456606349925812], [3.3655403156145356, 6.456605378250814], [3.3655396668482473, 6.455700780274126], [3.3650878144353564, 6.456153403536629], [3.364183137629137, 6.455701751811875]], [[3.361019504002139, 6.4579655007072185], [3.3605670053324572, 6.457513521843697], [3.3610191835512224, 6.457513201519221], [3.361019504002139, 6.4579655007072185]], [[3.364183783987963, 6.456606349925812], [3.3637312839431157, 6.456154373938944], [3.364183460796991, 6.4561540508728585], [3.364183783987963, 6.456606349925812]], [[3.3637319295456343, 6.457058972082459], [3.3623753964379475, 6.457059939009168], [3.3623747532430657, 6.456155340729087], [3.3637316067328302, 6.456606673014717], [3.3637319295456343, 6.457058972082459]], [[3.360114507465438, 6.4570615425254925], [3.3601141878629326, 6.456609243276227], [3.3610185427181434, 6.456608603119138], [3.361018863123224, 6.457060902323193], [3.360114507465438, 6.4570615425254925]], [[3.3601141878629326, 6.456609243276227], [3.359661691222637, 6.456157263472839], [3.360113868283288, 6.456156944018931], [3.3601141878629326, 6.456609243276227]]], [[[3.370063071553354, 6.457959009457468], [3.369158387542193, 6.457507367032828], [3.369159042915849, 6.45841196457678], [3.3682550126024933, 6.458864918174668], [3.3682559935002954, 6.460221814544957], [3.3696125341312824, 6.460220831477568], [3.3700640571276974, 6.459315905598222], [3.3709684157781807, 6.459315247501636], [3.370968086427049, 6.458862948842544], [3.370063728579424, 6.45886360689267], [3.370063071553354, 6.457959009457468]], [[3.36870751897585, 6.459316889731479], [3.369160026152094, 6.4597688608324715], [3.3687078463432423, 6.459769188498472], [3.36870751897585, 6.459316889731479]], [[3.3691596983832435, 6.459316562088609], [3.369611549620358, 6.458863935315452], [3.3696118777672024, 6.459316234044191], [3.3691596983832435, 6.459316562088609]]], [[[3.355602522284692, 6.471085999149584], [3.3556028385967154, 6.471538298366005], [3.3565069033057675, 6.471085365591484], [3.3565084891142973, 6.473346861369889], [3.3569606816022217, 6.473346543875576], [3.357864429704891, 6.472441309526801], [3.3587691321084145, 6.472892970846536], [3.3592200458248604, 6.471083455262236], [3.3601244264824146, 6.471082815267507], [3.3601241061711864, 6.470630516267405], [3.359219726317988, 6.470631156217035], [3.3587662601661594, 6.468822279237168], [3.360122504957997, 6.468369021146219], [3.360576296063505, 6.4706301956892], [3.36238473310446, 6.470176610458872], [3.362834341699105, 6.466557896625169], [3.363738713948507, 6.466557250649355], [3.3637383906507883, 6.466104951750354], [3.3623818334477886, 6.466105920042777], [3.3623811893327087, 6.4652013220840745], [3.3637380673761617, 6.465652652843307], [3.363737420896184, 6.464748055005098], [3.364641789838444, 6.464747407603931], [3.3646411418437925, 6.463842809824897], [3.365997692672929, 6.463841835846388], [3.365997042360656, 6.462937238172626], [3.3650920281584793, 6.462033290004212], [3.366448574097908, 6.462032315095386], [3.3664482486214915, 6.461580016253335], [3.3655438854882926, 6.4615806665483815], [3.365543236211487, 6.460676068748394], [3.3646391984154116, 6.461129016294902], [3.3646382270137267, 6.459772119421428], [3.3655425870275044, 6.459771470916267], [3.3655429116078928, 6.460223769836348], [3.3664469469484595, 6.45977082080479], [3.3659944420409573, 6.459318847156139], [3.366445970937947, 6.458413924134031], [3.3650894346345623, 6.458414898492492], [3.36508846244551, 6.457058001543063], [3.3646362848353557, 6.457058325457606], [3.364637255820376, 6.458415222475658], [3.3637328981225885, 6.4584158692375055], [3.364186693747072, 6.460677041041017], [3.3632829772496926, 6.461582285256378], [3.361926432029554, 6.461583251660861], [3.3605714881094317, 6.463845710061359], [3.359214936451578, 6.463846669573817], [3.3587617963675025, 6.462490090994395], [3.3583099319112533, 6.462942708793865], [3.3574052480513767, 6.462491045482773], [3.3565015157892475, 6.463396278440686], [3.356954016566112, 6.463848260724534], [3.3565024660521647, 6.46475317634203], [3.3560502811808166, 6.4647534930095025], [3.356049332123143, 6.463396595041147], [3.3537887277754974, 6.463850471458422], [3.3537890421193146, 6.464302770892467], [3.355598096286865, 6.4647538092750825], [3.355598412282825, 6.465206108604099], [3.3537899852855264, 6.465659669146371], [3.3537909286538836, 6.4670165673279225], [3.353338741638026, 6.467016881694872], [3.35333811350714, 6.466112282870877], [3.352433741015783, 6.466112910310171], [3.352433114582021, 6.4652083113655205], [3.3510765580883453, 6.465209249377301], [3.351075934154833, 6.464304650268173], [3.352432488237757, 6.464303712388714], [3.3528840458291187, 6.463398799993762], [3.3510753103104722, 6.463400051126899], [3.3510756222215083, 6.463852350701553], [3.3501709424173067, 6.463400674282613], [3.3497193798713156, 6.464305584530843], [3.3488150102379137, 6.464306205363293], [3.3488159401445143, 6.465663104344026], [3.347911258824352, 6.465211424004169], [3.3474599995493195, 6.4665686321864015], [3.3465550096468752, 6.465664649719468], [3.3461031310831966, 6.466117257363574], [3.3447462648525685, 6.465665878784691], [3.345197224110244, 6.463856372768073], [3.344292854839749, 6.463856985519965], [3.344292548954529, 6.463404685618335], [3.3429363007701487, 6.463857901634013], [3.3433900112177075, 6.466119096267672], [3.3424856377545016, 6.466119706019861], [3.3424859421632904, 6.466572005959381], [3.3433903164302854, 6.46657139616419], [3.3442953027083826, 6.467475384443654], [3.345651866225687, 6.4674744641939785], [3.34565125171576, 6.466569864641061], [3.346555625676543, 6.4665692492177484], [3.3474612350883954, 6.468377830912433], [3.348817800555627, 6.468376902088431], [3.3483662315987544, 6.469281811326067], [3.3474615440283126, 6.468830130573837], [3.347462780008574, 6.4706393291390185], [3.3483665413869783, 6.4697341109277575], [3.3501756113654864, 6.470185167717824], [3.3497224883732026, 6.468828580413949], [3.3506268659559395, 6.468827957534948], [3.351078118312172, 6.467470747009434], [3.351530305841853, 6.467470434630636], [3.3515309308913905, 6.468375033583154], [3.352435934238752, 6.469279006363171], [3.3533396840025964, 6.468373779870555], [3.3542440604237194, 6.468373150601533], [3.3551490683264906, 6.469277118289932], [3.3546981411733103, 6.471086631098524], [3.355602522284692, 6.471085999149584]], [[3.3569600464062916, 6.472441945633088], [3.356959093782369, 6.471085048209], [3.3574112842363077, 6.471084730424226], [3.357864429704891, 6.472441309526801], [3.3569600464062916, 6.472441945633088]], [[3.358766898216108, 6.469726877428902], [3.358315027693797, 6.470179495459386], [3.3583147090367778, 6.469727196353107], [3.358766898216108, 6.469726877428902]], [[3.358765941175351, 6.468369980129236], [3.3587656222073194, 6.46791768101326], [3.3596699972812303, 6.46791704213841], [3.359670317053273, 6.4683693412093435], [3.358765941175351, 6.468369980129236]], [[3.3605750134388033, 6.4688209996987105], [3.361026880698827, 6.468368379813614], [3.361027201699806, 6.468820678808727], [3.3605750134388033, 6.4688209996987105]], [[3.361026559720768, 6.467916080810458], [3.361478747154811, 6.467915759563626], [3.3610259178334108, 6.467011482780022], [3.3623824776548927, 6.467010517969319], [3.3619315781530217, 6.468820035822321], [3.361026559720768, 6.467916080810458]], [[3.360573731180371, 6.4670118035795205], [3.360573090188504, 6.4661072054716735], [3.3592162132475716, 6.465655866188912], [3.3601196242146183, 6.464298329421414], [3.361023992721419, 6.464297688495724], [3.3614771405987236, 6.465654264540465], [3.361929326000223, 6.46565394300493], [3.360573731180371, 6.4670118035795205]], [[3.3592165325035825, 6.466108165322588], [3.3583121605995614, 6.46610880321331], [3.3583118421472746, 6.465656504034648], [3.3592162132475716, 6.465655866188912], [3.3592165325035825, 6.466108165322588]], [[3.354694356838479, 6.4656590393396245], [3.3551468582204405, 6.466111023168545], [3.3546946720758637, 6.466111338697096], [3.354694356838479, 6.4656590393396245]], [[3.3510771821110104, 6.466113848454273], [3.350624995764804, 6.4661141603650165], [3.350624372545838, 6.46520956124405], [3.3510765580883453, 6.465209249377301], [3.3510771821110104, 6.466113848454273]], [[3.350624995764804, 6.4661141603650165], [3.3501731206373186, 6.466566771444172], [3.3501728093963385, 6.466114471873778], [3.350624995764804, 6.4661141603650165]], [[3.3492678157848754, 6.465210494432762], [3.349267505414202, 6.4647581947944], [3.350624060969744, 6.464757261671509], [3.350624372545838, 6.46520956124405], [3.3492678157848754, 6.465210494432762]], [[3.348364373333861, 6.466568013547023], [3.3483646829893856, 6.467020313196968], [3.3474603084009997, 6.467020931879972], [3.3474599995493195, 6.4665686321864015], [3.348364373333861, 6.466568013547023]], [[3.348818110701654, 6.468829201684353], [3.349270610118753, 6.469281190816222], [3.348818420869827, 6.469281501272233], [3.348818110701654, 6.468829201684353]], [[3.3497221774231027, 6.468376280861823], [3.3497218664952055, 6.467923981301652], [3.3506262424698545, 6.467923358510468], [3.350626554201767, 6.46837565802673], [3.3497221774231027, 6.468376280861823]], [[3.3551490683264906, 6.469277118289932], [3.3556009410632237, 6.468824502946791], [3.355601257262365, 6.469276802203439], [3.3551490683264906, 6.469277118289932]], [[3.3560543961149074, 6.47063338336952], [3.355601889728376, 6.470181400692601], [3.3560540794458875, 6.470181084159315], [3.3560543961149074, 6.47063338336952]], [[3.3551471738822354, 6.466563322495725], [3.356051546907503, 6.4665626901881], [3.3560521799064715, 6.467467288729158], [3.357408741686376, 6.467466337118482], [3.3565059520922587, 6.469728468027882], [3.3560537627994727, 6.469728784941063], [3.356052812995858, 6.46837188723805], [3.355600624886659, 6.468372203682101], [3.3551471738822354, 6.466563322495725]], [[3.3569575065290835, 6.468823552341267], [3.3574100127798134, 6.469275533835706], [3.356957823934416, 6.469275851530903], [3.3569575065290835, 6.468823552341267]], [[3.3551474895665767, 6.467015621814864], [3.354695617923127, 6.467468236721268], [3.35424374547575, 6.467920851262043], [3.3542431156472805, 6.467016252558938], [3.3551474895665767, 6.467015621814864]], [[3.361480032812763, 6.469724955437393], [3.3610275227237065, 6.469272977795796], [3.3614797113638515, 6.469272656481017], [3.361480032812763, 6.469724955437393]], [[3.3583140717909847, 6.468822598116415], [3.3578615652063215, 6.468370617440651], [3.3583137532022103, 6.468370298986002], [3.3583140717909847, 6.468822598116415]], [[3.352434367539043, 6.467017509222664], [3.3524349941518015, 6.467922108102992], [3.3519828062648056, 6.467922421308], [3.351982180455975, 6.467017822383507], [3.352434367539043, 6.467017509222664]], [[3.352434367539043, 6.467017509222664], [3.352886240924998, 6.466564896229671], [3.352886554599736, 6.4670171956597855], [3.352434367539043, 6.467017509222664]], [[3.3533393698586407, 6.467921480486701], [3.3528868682968778, 6.467469495081861], [3.353339055737117, 6.467469181094807], [3.3533393698586407, 6.467921480486701]], [[3.3583127975723768, 6.467013401546512], [3.3583134346361843, 6.467917999847547], [3.3578612470423015, 6.467918318279746], [3.35786061078242, 6.467013719933809], [3.3583127975723768, 6.467013401546512]], [[3.358312479074595, 6.466561102383931], [3.3592168517823984, 6.466560464448222], [3.3592171710840195, 6.467012763565816], [3.3583127975723768, 6.467013401546512], [3.358312479074595, 6.466561102383931]], [[3.3605743722638035, 6.4679164016552], [3.3601218646327626, 6.46746442304144], [3.3605740517106417, 6.467464102621381], [3.3605743722638035, 6.4679164016552]], [[3.3492693679708467, 6.467471992503983], [3.3488168702504177, 6.4670200032524106], [3.349269057489305, 6.467019692905819], [3.3492693679708467, 6.467471992503983]], [[3.350173743185972, 6.467471370560837], [3.3497212447060187, 6.46701938215719], [3.35017343190053, 6.467019071006525], [3.350173743185972, 6.467471370560837]], [[3.349720933844729, 6.466567082572897], [3.3492684365927428, 6.466115093685369], [3.349720623005642, 6.466114782980563], [3.349720933844729, 6.466567082572897]], [[3.3555987283013597, 6.465658407925077], [3.3569549681022566, 6.465205158534669], [3.3569556025729934, 6.466109757034563], [3.3555990443424704, 6.466110707238016], [3.3555987283013597, 6.465658407925077]], [[3.3578599746134143, 6.466109121555705], [3.357407470955988, 6.465657140272588], [3.3578596565629906, 6.4656568223545925], [3.3578599746134143, 6.466109121555705]], [[3.3578593385352855, 6.465204523145442], [3.357406835726935, 6.464752541801404], [3.357859020530299, 6.464752223928252], [3.3578593385352855, 6.465204523145442]], [[3.3641892817717487, 6.464295432597116], [3.3637367745085744, 6.463843457134732], [3.3641889581877433, 6.463843133680732], [3.3641892817717487, 6.464295432597116]], [[3.3583105685656047, 6.463847307239611], [3.3578580666516524, 6.463395326228452], [3.3583102502270554, 6.463395008020758], [3.3583105685656047, 6.463847307239611]], [[3.3623802233326323, 6.463844425085725], [3.362379901378618, 6.4633921260702], [3.363284268048864, 6.463391481216868], [3.3632845908063134, 6.463843780186897], [3.3623802233326323, 6.463844425085725]], [[3.3650930011123723, 6.46339018668853], [3.364640493941737, 6.462938212013713], [3.3650926767712304, 6.462937887801794], [3.3650930011123723, 6.46339018668853]], [[3.363283622603153, 6.462486883252695], [3.362831117796267, 6.462034906817838], [3.363283299914892, 6.4620345842585545], [3.363283622603153, 6.462486883252695]]], [[[3.364191223761314, 6.467009225926588], [3.3650952721493463, 6.466556278670602], [3.3646440585489334, 6.467913499577288], [3.3650962457985805, 6.467913175113737], [3.365549408088991, 6.469269746550134], [3.36781002284831, 6.468815817201407], [3.3673575083046843, 6.468363845448137], [3.367808387924433, 6.466554323858981], [3.368712759662963, 6.466553669039073], [3.3691639612062727, 6.465196445132079], [3.3700683303931096, 6.465195788039194], [3.370519856463851, 6.464290861726106], [3.369615488931125, 6.46429151953002], [3.369615160526173, 6.463839220889675], [3.3687111213045386, 6.464292175726491], [3.368258283080065, 6.463387905794419], [3.3673545696891747, 6.464293157007231], [3.3664498762362087, 6.463841510383217], [3.365998343078142, 6.464746433487999], [3.3650936498641895, 6.46429478443789], [3.3650942987087173, 6.4651993821550935], [3.364189929009121, 6.465200030405766], [3.364642437925693, 6.465652005350808], [3.364191223761314, 6.467009225926588]], [[3.3687124319444623, 6.466101370392639], [3.3682599191955434, 6.465649399302912], [3.3687121042493695, 6.465649071738161], [3.3687124319444623, 6.466101370392639]], [[3.3650942987087173, 6.4651993821550935], [3.3655468083826268, 6.465651356250518], [3.365094623165749, 6.465651681001636], [3.3650942987087173, 6.4651993821550935]], [[3.3659999694977976, 6.46700792745133], [3.36554810805015, 6.467460551464667], [3.365547783098459, 6.4670082526731925], [3.3659999694977976, 6.46700792745133]], [[3.36645183014158, 6.466555303073808], [3.3659986683156022, 6.465198732296745], [3.3669030378295446, 6.465198080830722], [3.3669040160925006, 6.46655497707087], [3.36645183014158, 6.466555303073808]]], [[[3.370974677924283, 6.467908920497494], [3.3700709620683713, 6.468814176558345], [3.3700719493342537, 6.470171072120306], [3.3709763272705517, 6.470170412908684], [3.370523479309208, 6.4692661457287794], [3.3714278555900155, 6.4692654858057335], [3.370974677924283, 6.467908920497494]]], [[[3.3687199753923935, 6.47650423722514], [3.370076229929926, 6.476050952051809], [3.3700768888355452, 6.476955548843578], [3.3705290838506707, 6.476955219090633], [3.3705280943199263, 6.475598323960551], [3.3691711842376253, 6.475147013340356], [3.3687199753923935, 6.47650423722514]]], [[[3.366010066265792, 6.4810291855338695], [3.3655575417447996, 6.480577212916698], [3.362844673668119, 6.481031458602249], [3.3628453201994435, 6.481936055952002], [3.363297196336968, 6.481483433743072], [3.366010718437036, 6.4819337825637415], [3.366010066265792, 6.4810291855338695]]], [[[3.361941888047446, 6.483293597965296], [3.3605868916936004, 6.485556057695427], [3.3619435010941254, 6.485555091304903], [3.362394089119837, 6.483293275142265], [3.361941888047446, 6.483293597965296]]], [[[3.3691784186133114, 6.485097577651359], [3.3673699366201224, 6.485551189455227], [3.367370264135892, 6.4860034878246], [3.368726873703859, 6.48600250322107], [3.3687275312243754, 6.486907099797162], [3.369179735173243, 6.486906770743275], [3.369630950434104, 6.485549546548753], [3.3691784186133114, 6.485097577651359]]], [[[3.3596856929663503, 6.490079687145242], [3.3578768637992544, 6.490080967695416], [3.3578775023767644, 6.4909855652196455], [3.3569730860430473, 6.4909862031634935], [3.3569734045589485, 6.491438501958324], [3.357425932082693, 6.491890481930137], [3.3587822387493658, 6.491437224366728], [3.358329390805992, 6.490532946906789], [3.3610429588274457, 6.490983319704776], [3.361042636703241, 6.490531021104459], [3.3601382214955535, 6.490531664652602], [3.3601369364549396, 6.488722469989767], [3.360588820850474, 6.48826984984454], [3.3614935543916697, 6.488721504333761], [3.361492909588872, 6.4878169070896705], [3.360588177706599, 6.487365252493766], [3.3605868916936004, 6.485556057695427], [3.359682485312058, 6.485556699939796], [3.359229641636382, 6.484652422874235], [3.357873353247714, 6.485105680735293], [3.358325236730226, 6.484653062609448], [3.3578723963017585, 6.483748784122261], [3.356968629200425, 6.484654019188718], [3.355159502279759, 6.484202989978655], [3.3547079323810554, 6.485107904444018], [3.355612972502471, 6.486011869039887], [3.3565167444406248, 6.485106636172329], [3.356517697962957, 6.48646353291435], [3.356969902130706, 6.486463214771405], [3.3565186516890253, 6.4878204295837865], [3.3583271535181627, 6.4873668555314605], [3.359684730430256, 6.488722791068312], [3.3596856929663503, 6.490079687145242]], [[3.3574211503347025, 6.485105999617473], [3.35832587556853, 6.485557660282376], [3.35832619502181, 6.486009959106745], [3.3574217876060657, 6.486010597364027], [3.3574211503347025, 6.485105999617473]], [[3.3583271535181627, 6.4873668555314605], [3.3587790384767215, 6.486914236952848], [3.3587793584014696, 6.4873665357305415], [3.3583271535181627, 6.4873668555314605]], [[3.3601362940718382, 6.48781787260994], [3.359684409630569, 6.488270492359867], [3.359684088853721, 6.487818193643354], [3.3601362940718382, 6.48781787260994]], [[3.3592306023465457, 6.486009319236564], [3.359682805974714, 6.486008998696638], [3.360135651780207, 6.486913275197844], [3.359231242934036, 6.486913916771128], [3.3592306023465457, 6.486009319236564]]], [[[3.3691813814005895, 6.48916826192667], [3.3696332576466728, 6.488715634156317], [3.369632268700465, 6.487358739515763], [3.368275655644262, 6.4873597267468215], [3.368276969446774, 6.48916891986235], [3.3691813814005895, 6.48916826192667]]], [[[3.355615826829303, 6.490082559304831], [3.357424656450598, 6.4900812868242586], [3.357424337599313, 6.489628988027615], [3.3565199236407106, 6.489629625030098], [3.35651896964299, 6.488272728457464], [3.356066763839698, 6.488273046286512], [3.355615826829303, 6.490082559304831]]], [[[3.356526925849633, 6.49958019767619], [3.356979460667948, 6.500032177525969], [3.360144973961762, 6.500029934513226], [3.360144008706262, 6.498673039036943], [3.3615000074695955, 6.497767474998972], [3.3614993617486135, 6.496862878077804], [3.3610471485283613, 6.496863200774254], [3.36149710244827, 6.493696788599283], [3.3628534096166893, 6.493243520102265], [3.3628540573921506, 6.49414811701641], [3.363758478780696, 6.494147468261716], [3.3637578293907273, 6.493242871438688], [3.365114133007388, 6.492789597060668], [3.3651134813347663, 6.4918850003262945], [3.366017898456064, 6.49188434776347], [3.3655647113615634, 6.490527779153298], [3.3646602966146806, 6.490528430771587], [3.364659971286108, 6.490076132345202], [3.3637558817751767, 6.490529080775848], [3.3637552327547753, 6.489624483823665], [3.3623986127427425, 6.489625455667167], [3.36149581192451, 6.491887594433913], [3.3605913943418275, 6.491888238924891], [3.359687618655198, 6.492793479081199], [3.3596889029045567, 6.494602673543723], [3.360593325422013, 6.49460203039615], [3.360593647348851, 6.4950543289464315], [3.3601414356978583, 6.495054650744693], [3.3596898663313968, 6.495959569305825], [3.3587854413002107, 6.495960210973487], [3.358334828860992, 6.498222024314488], [3.3574300803949395, 6.497770365132139], [3.3569769097299176, 6.4964137881686455], [3.356072483618452, 6.496414425034832], [3.3560718477257168, 6.4955098275253045], [3.3574275271334715, 6.494151975630867], [3.3560708940561934, 6.494152931200443], [3.356071211923424, 6.4946052299834705], [3.355166788951462, 6.494605865055771], [3.355166471891575, 6.494153566228149], [3.356974997478465, 6.493699995811398], [3.3569746788492263, 6.493247697056929], [3.3587838397400067, 6.493698717771031], [3.359235088375022, 6.492341501300837], [3.3587825589019293, 6.491889523063734], [3.357426251047456, 6.492342780686427], [3.357426570034916, 6.492795079434647], [3.3560699405901624, 6.492796034802914], [3.3560693050591923, 6.491891437164197], [3.3542607848515225, 6.492345004071763], [3.3538088910637565, 6.492797619010344], [3.354262998461863, 6.495511096232994], [3.3533585736948464, 6.495511728163914], [3.353811102005861, 6.495963711270439], [3.353359835879536, 6.4973209236844305], [3.354264263876962, 6.497320291576042], [3.354264896719488, 6.498224889199099], [3.355169960790769, 6.4991288528877895], [3.3560743918393214, 6.499128217369546], [3.355622811772846, 6.5000331327555845], [3.3565272443922116, 6.500032496339945], [3.356526925849633, 6.49958019767619]], [[3.3569791417213537, 6.499579878884581], [3.357431038242493, 6.499127261061828], [3.357431357570405, 6.4995795596888986], [3.3569791417213537, 6.499579878884581]], [[3.3637578293907273, 6.493242871438688], [3.36330529525849, 6.492790897525897], [3.3637575047303905, 6.492790573015064], [3.3637578293907273, 6.493242871438688]], [[3.36330529525849, 6.492790897525897], [3.3628527619333917, 6.492338923155828], [3.3633049710248066, 6.492338599071406], [3.36330529525849, 6.492790897525897]], [[3.364661272739327, 6.49188532600232], [3.3646606219664075, 6.490980729189902], [3.3651128297548807, 6.490980403559633], [3.3651134813347663, 6.4918850003262945], [3.364661272739327, 6.49188532600232]], [[3.3624002294153743, 6.4918869483285615], [3.3624008762455095, 6.492791545336619], [3.3619486667044867, 6.492791868636506], [3.36149581192451, 6.491887594433913], [3.3624002294153743, 6.4918869483285615]], [[3.3623995826772872, 6.490982351288216], [3.362851790581249, 6.490982027675625], [3.362852438126304, 6.491886624670499], [3.3624002294153743, 6.4918869483285615], [3.3623995826772872, 6.490982351288216]], [[3.361043925337613, 6.492340215457301], [3.361044569792353, 6.4932448125852895], [3.3605923597788827, 6.493245134696852], [3.360591716131282, 6.492340537523618], [3.361043925337613, 6.492340215457301]], [[3.3605930035180718, 6.4941497318377905], [3.3601407926744487, 6.4941500535908645], [3.3601401497425143, 6.493245456404736], [3.3605923597788827, 6.493245134696852], [3.3605930035180718, 6.4941497318377905]], [[3.360141757243866, 6.495506949309497], [3.3605942912712212, 6.49595892602277], [3.360142078812743, 6.495959247866223], [3.360141757243866, 6.495506949309497]], [[3.357430718937277, 6.498674962426678], [3.3569785038961717, 6.49867528157757], [3.3569778661616643, 6.497770684238234], [3.3574300803949395, 6.497770365132139], [3.357430718937277, 6.498674962426678]], [[3.355618365544197, 6.493700950102749], [3.355165837839458, 6.493248968548681], [3.3556180481258013, 6.493248651281262], [3.355618365544197, 6.493700950102749]], [[3.355168691784404, 6.497319657851916], [3.3560734376271366, 6.4977713212385435], [3.3556218586369555, 6.498676236606126], [3.3551696435053464, 6.498676554140941], [3.355168691784404, 6.497319657851916]], [[3.355168691784404, 6.497319657851916], [3.3542639474894433, 6.496867992752395], [3.354263314781894, 6.495963395080872], [3.355168057416543, 6.496415060285506], [3.355168691784404, 6.497319657851916]], [[3.3560728015987356, 6.49686672377748], [3.3565250150696038, 6.496866405523986], [3.3565256519057205, 6.497771002940372], [3.3560734376271366, 6.4977713212385435], [3.3560728015987356, 6.49686672377748]], [[3.358788004981259, 6.499578599677394], [3.357883573396759, 6.4995792400891395], [3.3578832536648595, 6.499126941484494], [3.3587876844413853, 6.499126301117684], [3.358788004981259, 6.499578599677394]], [[3.3596921151267773, 6.499125659134686], [3.359240220739348, 6.499578278865409], [3.3592398997954875, 6.499125980328206], [3.3596921151267773, 6.499125659134686]], [[3.3596911512202836, 6.4977687635422186], [3.3592392579762045, 6.498221383229566], [3.359238937100782, 6.497769084668127], [3.3596911512202836, 6.4977687635422186]], [[3.3605955793907363, 6.497768120078518], [3.3601430436565902, 6.497316143487935], [3.36059525732651, 6.497315821576699], [3.3605955793907363, 6.497768120078518]], [[3.3592386162481707, 6.497316786098606], [3.359238295418372, 6.496864487521009], [3.360142722019105, 6.496863844955442], [3.3601430436565902, 6.497316143487935], [3.3592386162481707, 6.497316786098606]], [[3.3556196354435976, 6.495510145307957], [3.3551677402664435, 6.495962761490188], [3.3551674231388966, 6.4955104626867906], [3.3556196354435976, 6.495510145307957]], [[3.3583309895513183, 6.49279444050422], [3.3578790992182204, 6.493247058888979], [3.3578787798044796, 6.492794760171258], [3.3583309895513183, 6.49279444050422]], [[3.3642093891383995, 6.492337949691702], [3.363756855479011, 6.491885976143594], [3.3642090641207325, 6.491885651274752], [3.3642093891383995, 6.492337949691702]], [[3.363756855479011, 6.491885976143594], [3.363304322626647, 6.491434002138207], [3.3637565308879687, 6.491433677695749], [3.363756855479011, 6.491885976143594]], [[3.3637565308879687, 6.491433677695749], [3.3642084141547786, 6.490981054416637], [3.3642087391261923, 6.49143335284973], [3.3637565308879687, 6.491433677695749]]], [[[3.3633101615321355, 6.499575373374168], [3.3633104861349428, 6.500027671699421], [3.364214917977214, 6.500027021544264], [3.3642145925663782, 6.499574723264628], [3.365119023508107, 6.49957407153879], [3.36557025921486, 6.4982168503882685], [3.366474687593649, 6.498216196375687], [3.366473051137271, 6.495954705307762], [3.366020512160999, 6.495502734140448], [3.364664202363669, 6.495956011258556], [3.364211014573637, 6.49459944165535], [3.3633065924239203, 6.494600091263126], [3.363760102659842, 6.496408960177964], [3.3619515749459103, 6.496862554977449], [3.3624047591593564, 6.498219126706659], [3.3615006532824, 6.498672071887825], [3.3615009762232364, 6.499124370320129], [3.3633101615321355, 6.499575373374168]], [[3.3637623770608065, 6.499575048521435], [3.363761727116463, 6.498670451892272], [3.364213941814092, 6.498670126681109], [3.3642145925663782, 6.499574723264628], [3.3637623770608065, 6.499575048521435]], [[3.3628572976519355, 6.4986711011025475], [3.3628569735222693, 6.498218802730285], [3.36376140217894, 6.498218153565569], [3.363761727116463, 6.498670451892272], [3.3628572976519355, 6.4986711011025475]], [[3.3651180449906293, 6.498217176788576], [3.3651173927615723, 6.497312580248033], [3.3633085388641635, 6.497313881626692], [3.3633082143997806, 6.496861583252957], [3.365568953234062, 6.496407657366492], [3.3660221464819564, 6.49776422536358], [3.3651180449906293, 6.498217176788576]], [[3.3624044354566323, 6.497766828303581], [3.362856325332063, 6.497314205961525], [3.362856649415645, 6.4977665043499435], [3.3624044354566323, 6.497766828303581]]], [[[3.3908241937108357, 6.406833786997934], [3.390371718096259, 6.406381832513329], [3.3890149809937653, 6.405930563637586], [3.389014296029276, 6.405025966328999], [3.388109693589298, 6.404574351987806], [3.38856353408175, 6.406835503397741], [3.3876592700573163, 6.406836187169865], [3.3876596114315856, 6.407288485869297], [3.389016008625639, 6.407287459540694], [3.388564902911768, 6.408644697953002], [3.391277703948403, 6.4086426364918125], [3.3908241937108357, 6.406833786997934]], [[3.389016008625639, 6.407287459540694], [3.389467798007556, 6.406834818032592], [3.3894681409743237, 6.4072871166345875], [3.389016008625639, 6.407287459540694]]], [[[3.389471228787398, 6.411357803693805], [3.3894715720013147, 6.411810102216068], [3.3885672993136113, 6.411810788117736], [3.388115847044011, 6.41271572763755], [3.390827980847432, 6.411809070374297], [3.390827636438281, 6.41135677192541], [3.389471228787398, 6.411357803693805]]], [[[3.395806014611609, 6.4176851318482315], [3.394447851682987, 6.41542468698781], [3.393995712436612, 6.41542503471989], [3.3939946703174786, 6.414068140057379], [3.3912832214653346, 6.415879411090235], [3.3917377799639983, 6.419045153798987], [3.392642757939319, 6.419949057952565], [3.3935466972837705, 6.419496065831818], [3.3935477391061712, 6.420852960280963], [3.3926431044155416, 6.420401356151569], [3.3926437974427412, 6.42130595252561], [3.3940002308865647, 6.421304910760508], [3.3944520271957574, 6.420852264622808], [3.393998840144199, 6.419495718276364], [3.394903125790015, 6.419495021968308], [3.3949027773691385, 6.419042723876761], [3.3967116967806787, 6.419493624563602], [3.3967109967729208, 6.418589028571028], [3.3962588548607138, 6.418589378471068], [3.396710296865867, 6.417684432546512], [3.395806014611609, 6.4176851318482315]], [[3.3962588548607138, 6.418589378471068], [3.3958070621169125, 6.419042026022077], [3.3958067129233593, 6.418589727972114], [3.3962588548607138, 6.418589378471068]], [[3.3930942075730814, 6.419044114797876], [3.392641718660161, 6.418592163307639], [3.393093860772744, 6.418591816599544], [3.3930942075730814, 6.419044114797876]], [[3.3949024289733236, 6.418590425777227], [3.394449938988786, 6.418138475949036], [3.3949020806025696, 6.418138127669709], [3.3949024289733236, 6.418590425777227]], [[3.3930931672469087, 6.417687220178926], [3.3930928205214106, 6.417234921956639], [3.3939971022788358, 6.4172342274914955], [3.3939974498019003, 6.417686525664438], [3.3930931672469087, 6.417687220178926]], [[3.391736052193961, 6.416783662358471], [3.3917357067145346, 6.416331364046418], [3.3926399870265884, 6.416330672073068], [3.3926403333034676, 6.416782970335949], [3.391736052193961, 6.416783662358471]]], [[[3.385410842785558, 6.423120642146314], [3.3849586962632663, 6.423120982312982], [3.3849580166066104, 6.42221638517413], [3.383601579287957, 6.422217403133919], [3.3840540641031347, 6.422669362834842], [3.3840564379109748, 6.425835452962519], [3.3858650336304708, 6.4258340925152], [3.3854125443508245, 6.425382134732868], [3.3854118636513375, 6.424477537722219], [3.3858640113467304, 6.424477197083745], [3.385410842785558, 6.423120642146314]], [[3.3849597159314846, 6.424477877961331], [3.384507228672579, 6.4240259192355005], [3.384959376017647, 6.424025579419872], [3.3849597159314846, 6.424477877961331]]], [[[3.37184906358119, 6.4267490671991405], [3.3723022006978867, 6.428105635875403], [3.3718500490863854, 6.428105964719533], [3.3718507062078498, 6.429010563026487], [3.372755011005189, 6.429009904845271], [3.37275303513079, 6.426296110108554], [3.37184906358119, 6.4267490671991405]]], [[[3.3772775338112777, 6.4303634865153265], [3.377730354882966, 6.431267750373836], [3.3759217382474334, 6.431269083194718], [3.375922402893761, 6.432173680967795], [3.3777310227268234, 6.432172347957921], [3.3786346630570026, 6.431267081564652], [3.378633993710507, 6.430362484043403], [3.3772775338112777, 6.4303634865153265]]], [[[3.382704725284347, 6.432168649193399], [3.3813472499182935, 6.430812766928446], [3.381348261240348, 6.432169662745518], [3.3808961065105696, 6.432169999796531], [3.3813489355760704, 6.433074259916897], [3.3840615286638935, 6.432619930488406], [3.384061189109737, 6.432167632042669], [3.382704725284347, 6.432168649193399]]], [[[3.3822535845657256, 6.433525883045403], [3.3813492727802372, 6.433526558490584], [3.379086817107988, 6.431266746560374], [3.3786346630570026, 6.431267081564652], [3.3786353324996234, 6.4321716790539], [3.3777310227268234, 6.432172347957921], [3.3777316906665775, 6.4330769455100025], [3.3786356672569813, 6.432623977786525], [3.379540984548134, 6.433980203242857], [3.380445297326665, 6.4339795309494825], [3.3804449608979326, 6.433527232336038], [3.3822539225937347, 6.433978181563217], [3.3822535845657256, 6.433525883045403]], [[3.379540648919041, 6.4335279045817675], [3.3799924689157517, 6.433075270013586], [3.379992804920546, 6.433527568658869], [3.379540648919041, 6.4335279045817675]]], [[[3.3723097724896216, 6.438508513936971], [3.3714054508525506, 6.4385091722980015], [3.371405779544179, 6.438961471294738], [3.37321475464021, 6.439412451773696], [3.3727622631647645, 6.438960483082845], [3.372761603404345, 6.438055885221322], [3.373213763763679, 6.438055555063578], [3.372760613941164, 6.436698988368992], [3.3718566245492054, 6.437151946349251], [3.3723097724896216, 6.438508513936971]]], [[[3.3772852095042114, 6.440766357711921], [3.3777383753386307, 6.442122919269765], [3.379998520692195, 6.441216644403854], [3.38045135717305, 6.442120904622418], [3.3795470299911985, 6.442121577773414], [3.3795473660780084, 6.442573876282354], [3.380903858015671, 6.4425728658836405], [3.380902509009118, 6.4407636720858585], [3.3818071716600775, 6.441215295089137], [3.3813536586370176, 6.43940643922009], [3.3809014975080633, 6.4394067766534], [3.380902171817923, 6.440311373616381], [3.379545685884872, 6.440312383657535], [3.379996838859316, 6.438955151777911], [3.3772845415497725, 6.439861760384699], [3.3772835397977197, 6.43850486433379], [3.3763792186833776, 6.438505531500205], [3.3759257275569827, 6.436696669353069], [3.3750217412974166, 6.437149632771287], [3.3750210777261995, 6.436245035080114], [3.37275962469092, 6.4353420914446104], [3.372308125384575, 6.436247019066308], [3.373212442926613, 6.436246359337989], [3.37321343351888, 6.4376032561441905], [3.3741177533662965, 6.437602594674904], [3.374570907660836, 6.438959159863155], [3.375927723500211, 6.439410461999991], [3.375928389005508, 6.440315059484897], [3.3763805511992446, 6.440314726407727], [3.3759293874424134, 6.441671955652178], [3.3772852095042114, 6.440766357711921]], [[3.3790931882928352, 6.439860420964426], [3.3790935238589683, 6.440312719537205], [3.378189534524697, 6.440765688707719], [3.3781888649693137, 6.439861091475221], [3.3790931882928352, 6.439860420964426]], [[3.3763792186833776, 6.438505531500205], [3.3759273907833545, 6.438958163245522], [3.375927058090358, 6.438505864483046], [3.3763792186833776, 6.438505531500205]], [[3.37637955177651, 6.438957830239101], [3.3768320462629626, 6.43940979553968], [3.3763798848935314, 6.439410128969985], [3.37637955177651, 6.438957830239101]], [[3.3763805511992446, 6.440314726407727], [3.376832379804067, 6.439862094238945], [3.3768327133690907, 6.4403143929302], [3.3763805511992446, 6.440314726407727]], [[3.3754748974734783, 6.438506197065645], [3.3750224049638455, 6.438054230430433], [3.3754745652044504, 6.4380538982716065], [3.3754748974734783, 6.438506197065645]]], [[[3.375928389005508, 6.440315059484897], [3.3741187465724085, 6.438959491268487], [3.3741194088285478, 6.439864088957503], [3.375476891588122, 6.441219989661681], [3.375928389005508, 6.440315059484897]]], [[[3.374121727473051, 6.443030180616724], [3.3732167370328727, 6.442126244977674], [3.3727658935387907, 6.443935770748487], [3.375026388961935, 6.4434818157125395], [3.3745728971156326, 6.441672952693268], [3.3741207336257832, 6.441673284239413], [3.374121727473051, 6.443030180616724]]], [[[3.3976356680000093, 6.44482159548375], [3.4003479484950985, 6.443914879515713], [3.400346530328688, 6.4421056900262705], [3.399442205324957, 6.442106398418436], [3.3994429127558417, 6.443010993279473], [3.398539291979769, 6.443916295098859], [3.3971827993275516, 6.44391735258014], [3.3962791727935002, 6.44482265071087], [3.396280226022448, 6.446179543369898], [3.3958277090007005, 6.4457275968156695], [3.3949237269844965, 6.446180595214506], [3.3953765940314535, 6.447084840165546], [3.3967327438454054, 6.446631489465702], [3.397185262469629, 6.447083435102989], [3.3967337985782327, 6.447988381953922], [3.39763813429938, 6.447987677719928], [3.3976370771624937, 6.446630785381114], [3.3967323923181616, 6.446179191953587], [3.396731689339224, 6.4452745969053025], [3.3976360202527705, 6.445273892970118], [3.3976356680000093, 6.44482159548375]]], [[[3.399898264369966, 6.447081315485819], [3.399445035657, 6.445724777670185], [3.3980888910540914, 6.4461781353003245], [3.3980899493171997, 6.44753502758837], [3.3985421167139527, 6.4475346744942605], [3.398541410378621, 6.4466300796935245], [3.3989935769487523, 6.446629726248608], [3.3989942840854073, 6.447534320999342], [3.399898264369966, 6.447081315485819]]], [[[3.3953765940314535, 6.447084840165546], [3.394020092439203, 6.447085889754291], [3.394019743290667, 6.446633592101472], [3.393115409572028, 6.446634289774061], [3.39356862276245, 6.447990834146601], [3.395377294807709, 6.447989435298652], [3.3949258269091143, 6.448894380762459], [3.3958301644344933, 6.448893679635994], [3.3962816306798698, 6.447988733469666], [3.3953765940314535, 6.447084840165546]]], [[[3.37502904686502, 6.447100205259547], [3.3736732042873148, 6.44800579819026], [3.373222027582723, 6.449363025444475], [3.3741263682529197, 6.449362362757009], [3.37502904686502, 6.447100205259547]]], [[[3.3732216967456785, 6.448910726725433], [3.3732213659323245, 6.448458427998371], [3.3718645275666703, 6.448007120077345], [3.371414004496708, 6.450268943609054], [3.373674860476525, 6.450267291668395], [3.373674529191243, 6.44981499298881], [3.372317686817762, 6.449363686528238], [3.372317356782311, 6.4489113877624575], [3.3732216967456785, 6.448910726725433]]], [[[3.389499799659107, 6.448898553846307], [3.3890486652289216, 6.450255792621599], [3.388143980439583, 6.4498041839520575], [3.3881443245521465, 6.450256481867463], [3.3867881562868294, 6.450709810709177], [3.3867884992459443, 6.451162108681409], [3.387692841674041, 6.451161421744307], [3.387241357266075, 6.45206636128524], [3.388145701248786, 6.452065673448842], [3.388596839440949, 6.450708435328053], [3.389501526234685, 6.451160043057679], [3.38950083553028, 6.450255447397199], [3.3899533515476326, 6.45070739958164], [3.3913095164881795, 6.4502540624898215], [3.3908566532753697, 6.44934981377233], [3.3935693204331026, 6.44889542944547], [3.39356862276245, 6.447990834146601], [3.3922117708703565, 6.44753958133843], [3.3922121184660905, 6.447991879073791], [3.389499799659107, 6.448898553846307]], [[3.3931164546886077, 6.4479911828565], [3.392664634611177, 6.448443828868299], [3.3926642865898113, 6.447991531165564], [3.3931164546886077, 6.4479911828565]], [[3.3922128137322476, 6.448896474520447], [3.3917602975373686, 6.448444524333097], [3.392212466086721, 6.4484441768011305], [3.3922128137322476, 6.448896474520447]]], [[[3.39673485353771, 6.449345274369949], [3.394926877209849, 6.450251273428139], [3.3949272273602324, 6.4507035709673195], [3.395831568092289, 6.4507028696425515], [3.3958322700719457, 6.451607464597686], [3.3962844412021402, 6.451607113284132], [3.3967355569699462, 6.450249869273851], [3.3976398966990065, 6.450249164790844], [3.39673485353771, 6.449345274369949]]], [[[3.40035398023845, 6.451603933414408], [3.3999007455794334, 6.450247396566252], [3.3989971136451027, 6.451152699681386], [3.39809277246401, 6.451153406670191], [3.398092419482215, 6.450701109313047], [3.396736260502917, 6.451154464145656], [3.397189135617443, 6.452058706844796], [3.3985452964752065, 6.4516053507004525], [3.398093831561019, 6.452510298693468], [3.3989981751478897, 6.452509591554746], [3.399449284197672, 6.4511523455854345], [3.40035398023845, 6.451603933414408]]], [[[3.385884156719637, 6.45116279401437], [3.385432327200582, 6.451615434116124], [3.3858855255937814, 6.452971986016816], [3.3867898713279327, 6.452971300490088], [3.386789185237833, 6.4520667046018], [3.3863370131850377, 6.452067047517268], [3.3867884992459443, 6.451162108681409], [3.385884156719637, 6.45116279401437]]], [[[3.3917655088199803, 6.455228989648909], [3.393122032436728, 6.455227944743252], [3.3926691611571496, 6.454323698273693], [3.3949293287889852, 6.453417356033858], [3.394476806079719, 6.4529654087274375], [3.394927927736205, 6.451608166021603], [3.393571065046932, 6.451156917552237], [3.3940228865278987, 6.450704270688064], [3.3935700182036856, 6.449800024712246], [3.3926663750918826, 6.450705317261643], [3.3922138568182074, 6.450253367630266], [3.3908576928283694, 6.450706707078999], [3.390858385987756, 6.451611302576659], [3.3926667232628, 6.451157614916242], [3.3922162915568403, 6.453419451272312], [3.3913115985209106, 6.452967848787532], [3.3913133342312873, 6.455229337148214], [3.3908615064331564, 6.455681981918799], [3.3917658564377717, 6.45568128727241], [3.3917655088199803, 6.455228989648909]], [[3.3940249831449103, 6.453418056051379], [3.393572461187691, 6.4529661078932], [3.394024633646211, 6.452965758510892], [3.3940249831449103, 6.453418056051379]], [[3.3926674196794124, 6.45206221020136], [3.393119940032544, 6.4525141592765], [3.3926677679251074, 6.452514507831881], [3.3926674196794124, 6.45206221020136]], [[3.393119242764122, 6.451609564056697], [3.3940235853001877, 6.451608865841274], [3.3940242841725246, 6.452513460962379], [3.393572112115026, 6.452513810320001], [3.393119242764122, 6.451609564056697]], [[3.3922162915568403, 6.453419451272312], [3.3926688128117495, 6.453871400675281], [3.3922166394762345, 6.453871748903355], [3.3922162915568403, 6.453419451272312]], [[3.392217335389716, 6.454776344141356], [3.3917648136590053, 6.454324394377815], [3.3922169874205266, 6.454324046526369], [3.392217335389716, 6.454776344141356]]], [[[3.3840761525537744, 6.452068756078221], [3.384076493180578, 6.452521054171364], [3.3831721479552166, 6.452521734836199], [3.3831728276778117, 6.453426331094612], [3.384529347885528, 6.453425309351288], [3.384529688986555, 6.453877607396258], [3.385885867873557, 6.4534242839973635], [3.3854326690059042, 6.452067732144927], [3.3840761525537744, 6.452068756078221]]], [[[3.3813651486801217, 6.454784582417558], [3.3818173234075095, 6.45478424377057], [3.3813658254364953, 6.45568917878742], [3.382270176471763, 6.45568850099643], [3.3827206542265547, 6.4534266708733625], [3.381816307251184, 6.453427349227332], [3.3813651486801217, 6.454784582417558]]], [[[3.3967387236616204, 6.454320545944143], [3.39764307060854, 6.454319841012915], [3.3976444818912923, 6.456129030236206], [3.3980966569316173, 6.456128677068969], [3.3985474174544903, 6.454319134476762], [3.3980948908854613, 6.453867190644502], [3.396738371706252, 6.453868248568442], [3.3967387236616204, 6.454320545944143]]], [[[3.3949314311202508, 6.456131140811388], [3.3949296791148544, 6.453869653516852], [3.3944775059042582, 6.453870003750946], [3.3944785558288766, 6.455226896225996], [3.393573857728187, 6.454775298105729], [3.392670554788016, 6.456132888587041], [3.3931230789757163, 6.45658483736823], [3.3940267310135925, 6.4556795436333765], [3.3949314311202508, 6.456131140811388]]], [[[3.400357176487718, 6.455674608068928], [3.3994528274374116, 6.455675317965359], [3.3994535363896445, 6.4565799123449885], [3.3990010069364245, 6.456127969530462], [3.3971926593082684, 6.456581680312762], [3.3962876049640895, 6.45567778996141], [3.3953843080917827, 6.457035384864272], [3.397193364348999, 6.457486274909987], [3.3971937169071857, 6.457938572196551], [3.3985498930814564, 6.457485215183777], [3.3985506006311486, 6.458389809599203], [3.3994549545984016, 6.458389101007853], [3.3994546000081756, 6.4579368038541896], [3.4003589530712675, 6.457936093707039], [3.400358597703727, 6.457483796595483], [3.399454245443308, 6.45748450669249], [3.399453890903797, 6.457032209522755], [3.4003582423616026, 6.457031499475893], [3.400357176487718, 6.455674608068928]]], [[[3.380464175877047, 6.459308240513461], [3.380012671895891, 6.4602131745474765], [3.3804651893653097, 6.46066513495854], [3.3813692106709374, 6.46021216015488], [3.3813702267133663, 6.461569054408459], [3.3822745881849734, 6.461568375995079], [3.381821051180364, 6.4597595231441325], [3.3813685334303694, 6.459307563945651], [3.380464175877047, 6.459308240513461]]], [[[3.386797424801224, 6.4629218531412445], [3.3858930614075162, 6.462922539733719], [3.3863455863370233, 6.463374494417984], [3.3858947757460305, 6.465184028672428], [3.3863469594638533, 6.4651836854560365], [3.3863462728513842, 6.46427908995309], [3.388607877684484, 6.465181963345372], [3.388606841776029, 6.463825070443285], [3.387702476972204, 6.463825760347281], [3.3881543145346718, 6.46337311792174], [3.3877010993196675, 6.462016569503923], [3.386796737630743, 6.462017257606374], [3.386797424801224, 6.4629218531412445]], [[3.387702476972204, 6.463825760347281], [3.3872506386062833, 6.464278402411569], [3.3872502945333576, 6.463826104696535], [3.387702476972204, 6.463825760347281]], [[3.3872502945333576, 6.463826104696535], [3.386797768423298, 6.463374150896622], [3.387249950485016, 6.463373806973462], [3.3872502945333576, 6.463826104696535]]], [[[3.380921091760483, 6.465640075554375], [3.3800167229128504, 6.465640751986984], [3.3800160475021075, 6.464736155827458], [3.3795638638457173, 6.4647364933932225], [3.379112690906561, 6.466093724927114], [3.3800170606544104, 6.4660930500546865], [3.379565213156333, 6.466545685775358], [3.3800180740238432, 6.467449944209537], [3.381373954066514, 6.466544332719308], [3.380921091760483, 6.465640075554375]]], [[[3.374140651181906, 6.46881119806571], [3.374593171828539, 6.469263163406624], [3.3741416493041876, 6.470168092997773], [3.375950069890389, 6.469714460276767], [3.3750450262799223, 6.468810531754872], [3.374140651181906, 6.46881119806571]]], [[[3.3827328914143733, 6.469709398894413], [3.384089796643937, 6.47016067353829], [3.384540617108362, 6.468351140593722], [3.3831843978486336, 6.468804462571533], [3.3831837164719216, 6.46789986685955], [3.3827315301718137, 6.467900207406596], [3.381827836463355, 6.4688054831503], [3.3818274969689224, 6.468353185226388], [3.380470936571563, 6.468354202114184], [3.3795658879562227, 6.467450281918173], [3.3795665628525007, 6.46835487802881], [3.3804712748599073, 6.468806500109785], [3.38047228986987, 6.470163394048314], [3.380924478301473, 6.470163055392356], [3.3809238007998066, 6.469258459489119], [3.382280703481793, 6.469709739135299], [3.381828855092099, 6.470162376873759], [3.38228240357085, 6.47197122843392], [3.3831867834334366, 6.471970547309992], [3.3827328914143733, 6.469709398894413]], [[3.382282063504498, 6.4715189305902925], [3.382733912601428, 6.471066292425786], [3.3827342530457107, 6.471518590253481], [3.382282063504498, 6.4715189305902925]], [[3.3831850793226543, 6.469709058251329], [3.383636926055348, 6.46925641939421], [3.383637267206608, 6.469708717206047], [3.3831850793226543, 6.469709058251329]]], [[[3.3840942393735047, 6.476040543942174], [3.384093555608405, 6.475135948583994], [3.384998283584234, 6.475587561538708], [3.3849969130297937, 6.473778370950797], [3.3845447215989295, 6.473778713419786], [3.3845454060224878, 6.474683308778096], [3.383188829169197, 6.4746843339147455], [3.3831895112757446, 6.475588929385247], [3.3840942393735047, 6.476040543942174]]], [[[3.3877173116098644, 6.4832745537816345], [3.388171241251856, 6.48553569450491], [3.3904315534569283, 6.484629364524506], [3.3899786574861412, 6.483725117989075], [3.3908827090963203, 6.4832721247390825], [3.3917853627288603, 6.481009941355711], [3.391333165226271, 6.481010290254278], [3.3913324680354284, 6.48010569585123], [3.3904277268142273, 6.479654095078991], [3.3899744885443157, 6.478297550785814], [3.3890707911140825, 6.479202839375904], [3.389521599687135, 6.477393303230555], [3.3886172108525923, 6.477393996205429], [3.3886165188899904, 6.476489401380045], [3.387711441313086, 6.475585497691901], [3.387259248419649, 6.475585842672784], [3.3872599378685484, 6.476490437676328], [3.3868077441455218, 6.476490782303177], [3.3868070555016256, 6.4755861872511025], [3.384998283584234, 6.475587561538708], [3.3849989690081146, 6.476492156784341], [3.385903013096626, 6.476039172778548], [3.3863565823402504, 6.477848019117809], [3.386808777295556, 6.477847674820871], [3.386357270424444, 6.478752614137798], [3.385452878829688, 6.478753301620328], [3.3854535654011926, 6.479657896704865], [3.3886196334989256, 6.480560077840468], [3.3881677820140417, 6.481012721262892], [3.38862067214604, 6.4819169698488714], [3.388168473664434, 6.481917315975802], [3.388169511324869, 6.4832742079846994], [3.3877173116098644, 6.4832745537816345]], [[3.388622057354307, 6.483726159080536], [3.3890728706029716, 6.4819166233189796], [3.3904298137020374, 6.482367878533849], [3.3899786574861412, 6.483725117989075], [3.388622057354307, 6.483726159080536]], [[3.389522987129581, 6.479202492589494], [3.3899755304455046, 6.479654442695447], [3.389523334052021, 6.479654789909084], [3.389522987129581, 6.479202492589494]], [[3.3859057620162267, 6.479657553116618], [3.3863576145033365, 6.479204911635702], [3.3863579586067596, 6.479657209125552], [3.3859057620162267, 6.479657553116618]], [[3.3886189411908885, 6.479655483127895], [3.389071137633806, 6.4796551367199005], [3.389071830747363, 6.480559731383716], [3.3886196334989256, 6.480560077840468], [3.3886189411908885, 6.479655483127895]], [[3.3904294658254286, 6.481915581311528], [3.3904287701465803, 6.481010986842698], [3.3908809676988345, 6.481010638749941], [3.3908816641833734, 6.481915233169785], [3.3904294658254286, 6.481915581311528]], [[3.3868094661850408, 6.478752269792383], [3.387714548231058, 6.479656174735421], [3.386810155172762, 6.479656864731663], [3.3868094661850408, 6.478752269792383]], [[3.387261661921078, 6.478751925044205], [3.387713512370187, 6.478299282460096], [3.3877138576325274, 6.478751579893262], [3.387261661921078, 6.478751925044205]], [[3.3872606274157975, 6.477395032647649], [3.3868080885043077, 6.476943079817132], [3.3872602826298794, 6.476942735166017], [3.3872606274157975, 6.477395032647649]]], [[[3.3791373523842005, 6.499111465586344], [3.3791370136891015, 6.4986591680595716], [3.38004144145532, 6.498658489760163], [3.380042120485464, 6.499563084710428], [3.380946549771019, 6.499562404699538], [3.3809468901303124, 6.500014702114835], [3.383207964940409, 6.5000129948966014], [3.3827547241738594, 6.498656445165611], [3.3841113652053925, 6.498655417414155], [3.3841099928949885, 6.496846228279051], [3.3827533567100225, 6.496847255742017], [3.3836570956564205, 6.495941976506434], [3.3823004618212207, 6.495943002613625], [3.3832042001060016, 6.4950377242014365], [3.3813943366585213, 6.493682197264469], [3.3827509645840492, 6.493681173939671], [3.381845864359839, 6.492777261590665], [3.384106221053631, 6.491870957491018], [3.386368982869086, 6.494130724542364], [3.386821192337193, 6.49413037937285], [3.386820156534599, 6.492773487726309], [3.3872723647673215, 6.492773142225868], [3.387273747501058, 6.4945823309746995], [3.386369327782079, 6.4945830217659655], [3.387274439015476, 6.495486925300654], [3.3872754764715425, 6.496843816728991], [3.3863710527150572, 6.496844507762789], [3.3863713977752568, 6.497296804937917], [3.3881805935054006, 6.497747718227518], [3.3881809402302463, 6.498200015289354], [3.38637346865169, 6.5000105878189585], [3.3899911857061626, 6.500007812627241], [3.390441656257326, 6.4977459792917225], [3.3913460811847425, 6.497745280889722], [3.3913471299155957, 6.499102171537789], [3.3904434002268293, 6.500007463909842], [3.3922522580612706, 6.50000606499928], [3.393155633101445, 6.498648472814979], [3.3936081978575685, 6.499100418094467], [3.3945122724301426, 6.498647417186715], [3.3940611154971703, 6.500004659623182], [3.394965544065093, 6.500003954510561], [3.3958692651746727, 6.499098654550172], [3.396774400899735, 6.500002539436173], [3.397678829165995, 6.500001829474411], [3.39722484077973, 6.497740701891199], [3.3963204165025416, 6.497741410795998], [3.3967719199317017, 6.496836463332755], [3.3958667902134603, 6.495932577985714], [3.3958653765029387, 6.494123391199679], [3.39405513361595, 6.492315614442095], [3.393151069544464, 6.492768613988608], [3.393150367833248, 6.491864020201842], [3.394054781965786, 6.491863317594031], [3.3945062849623207, 6.490958372013836], [3.3926978103148477, 6.491412073970238], [3.3922459536008533, 6.49186472119531], [3.392698861633667, 6.492768964736405], [3.3913425870305223, 6.49322231153759], [3.3913418884978785, 6.49231771757023], [3.3922456035896733, 6.491412424240572], [3.3922438539073725, 6.489150939345779], [3.394051969665244, 6.488244942518869], [3.3940516182402702, 6.487792645598152], [3.3922428043968673, 6.487794048312044], [3.3926932571932142, 6.4855322131439825], [3.3922414053982086, 6.485984860154087], [3.391788854203496, 6.4855329126416805], [3.3895278462943628, 6.485534654330119], [3.389982134328068, 6.488248089771395], [3.389077032248748, 6.487344190334285], [3.3886248289552565, 6.487344537156735], [3.3886255221022528, 6.488249131595107], [3.3872689096543507, 6.488250169788582], [3.3877200765642006, 6.486892932311765], [3.386363123101848, 6.486441670505846], [3.3863627786304535, 6.4859893731369445], [3.3877190395216887, 6.485536040423462], [3.387717657142993, 6.4837268511261295], [3.387265457000395, 6.483727196544312], [3.3877155843134816, 6.481013066938212], [3.384097317523587, 6.48011122265522], [3.384096291254078, 6.478754329823389], [3.385452878829688, 6.478753301620328], [3.3863565823402504, 6.477848019117809], [3.3854521923560763, 6.477848706503562], [3.3849989690081146, 6.476492156784341], [3.38364272893927, 6.47694548110069], [3.383642045881687, 6.476040885726594], [3.3827376588250075, 6.476041568087644], [3.3827369774747504, 6.475136972585229], [3.381832591930766, 6.475137653240026], [3.3822858055692646, 6.4764942064273825], [3.381381078057809, 6.476042588609751], [3.38183497144628, 6.478303737693064], [3.380930240971429, 6.477852119269801], [3.3809295626474816, 6.47694752364031], [3.378668927209298, 6.477401512621544], [3.3777625195742162, 6.474688398235377], [3.3782150487874256, 6.475140359757637], [3.3809282062898123, 6.475138332284666], [3.3804753362041535, 6.474234075429295], [3.3813797202838387, 6.474233397285266], [3.381379041542136, 6.473328801574706], [3.3809271892755044, 6.473781438683371], [3.3786662307864246, 6.473783128893349], [3.3786658938417524, 6.473330830891088], [3.3804746590718886, 6.473329479623204], [3.3800217915694803, 6.472425222157842], [3.3818305532915005, 6.472423866251907], [3.381829873939015, 6.4715192705247935], [3.380925494735352, 6.471519949186855], [3.38047228986987, 6.470163394048314], [3.3800201014141114, 6.470163732302043], [3.3800207774038786, 6.471068328268508], [3.3791163988113757, 6.471069003664474], [3.3795682505149025, 6.470616368164614], [3.3795675753776484, 6.4697117721344295], [3.3786628624215402, 6.469260148508515], [3.379112690906561, 6.466093724927114], [3.377756136104347, 6.466094734220958], [3.377756807640836, 6.46699933056978], [3.37820899340273, 6.4669989944930775], [3.3777581510016033, 6.468808523170905], [3.3764015887482977, 6.468809529272534], [3.3754962122667065, 6.467453303203264], [3.3745918396282946, 6.467453970177308], [3.3750450262799223, 6.468810531754872], [3.3777584869017514, 6.4692608213010745], [3.377758822825882, 6.469713119423199], [3.3768544464059866, 6.4697137906543825], [3.3773073057438605, 6.470618051507338], [3.375950738593553, 6.4706190566858925], [3.37595241076916, 6.472880547567872], [3.376404601854327, 6.472880212792686], [3.375953748939283, 6.4746897401285555], [3.374146310034862, 6.476500268389617], [3.3732419211639924, 6.4765009338884685], [3.371886662120704, 6.478311122263999], [3.3709822697925604, 6.478311783922889], [3.370078866116324, 6.4796693390255555], [3.3682704041755973, 6.480122952994332], [3.367818533863269, 6.480575579338592], [3.368272044616519, 6.482384445013694], [3.366915117724768, 6.481933129397524], [3.3669138102526595, 6.480123935489351], [3.3682700761575606, 6.479670654566284], [3.3682690922437444, 6.478313759233795], [3.3678168959036037, 6.478314087042688], [3.3678175510174095, 6.479218683985222], [3.3669131566563832, 6.479219338486915], [3.36736469954011, 6.478314414448841], [3.3655555883444808, 6.477863421447735], [3.3660071326455183, 6.476958498500578], [3.3655549373967197, 6.476958824226965], [3.365553961149148, 6.475601928335407], [3.3646492484325656, 6.475150279750462], [3.3646485993729973, 6.474245682341493], [3.3655529851104586, 6.4742450323713765], [3.3655523345340432, 6.4733404350217665], [3.3646476259572804, 6.4728887861676645], [3.364646652749924, 6.471531889921391], [3.363742271747528, 6.471532538007558], [3.3637419481957886, 6.471080239197038], [3.362385700070806, 6.471533507119437], [3.362386344830073, 6.472438104852912], [3.3628385362165236, 6.472437782172467], [3.3623869896813696, 6.473342702554192], [3.3632913740404593, 6.473342056699934], [3.3628404734606887, 6.475151575043304], [3.3637445372563257, 6.474698629455843], [3.3637455085350774, 6.476055525670065], [3.3628411193930368, 6.476056172602511], [3.363293960805158, 6.4769604468190565], [3.362389570006871, 6.476961093037297], [3.3614845355072704, 6.476057139981674], [3.359676076854813, 6.476510723110227], [3.360129233894529, 6.477867299303145], [3.3610336265328455, 6.477866657021045], [3.361033948015178, 6.478318955847123], [3.3614858228176345, 6.477866335275927], [3.3623905380085715, 6.478317989335587], [3.362389892651096, 6.477413391811448], [3.362842088464337, 6.47741306888092], [3.362843057742973, 6.478769965086842], [3.362391183458082, 6.479222586827504], [3.3601298752715114, 6.478771897037673], [3.3601311582998603, 6.480581092410056], [3.3596789595301373, 6.480581413082424], [3.3596783187757637, 6.479676815367215], [3.3587742423391647, 6.480129754319886], [3.358773603241416, 6.479225156498474], [3.3578692079588826, 6.479225794888224], [3.357417646964839, 6.48013071143502], [3.3556088528148313, 6.480131981948543], [3.3556091695784067, 6.480584281003927], [3.3569660844278086, 6.481035627636369], [3.357871120691939, 6.481939588525355], [3.3578720773652195, 6.483296485235126], [3.3583242786434075, 6.483296166039584], [3.358775840482179, 6.482391248732402], [3.360132441694061, 6.482390287653509], [3.3592274007776504, 6.481486331079955], [3.360583678263778, 6.481033070135162], [3.36058271468128, 6.479676173709913], [3.361487110495219, 6.479675530441301], [3.3610358773905507, 6.481032748634405], [3.361940275575296, 6.481032104424151], [3.3619399531498084, 6.480579805691742], [3.362844673668119, 6.481031458602249], [3.363296549046074, 6.480578836422727], [3.3628433808819267, 6.479222263806036], [3.363747127794886, 6.478317019199373], [3.3646515208703356, 6.478316370428186], [3.3655565649401953, 6.479220317218472], [3.365557216120055, 6.4801249143586785], [3.366461612231716, 6.480124262181983], [3.366009740215029, 6.480576887006843], [3.3664629180925356, 6.481933456182117], [3.365106644371039, 6.482386732666772], [3.365106969708913, 6.482839031207395], [3.3660113707012367, 6.482838379561373], [3.365559821767907, 6.483743302597151], [3.364655419117327, 6.48374395352869], [3.3646557441217384, 6.484196252068006], [3.363750692198835, 6.483292304254852], [3.362846613538553, 6.483745250554787], [3.3623969966453933, 6.487363962804041], [3.36330140597684, 6.487363315539324], [3.3628482307308114, 6.486006743626865], [3.3646570443709223, 6.486005446144639], [3.3642064648119496, 6.4882672636485985], [3.364658670203369, 6.4882669385589615], [3.365111852558931, 6.489623508349108], [3.366919696812574, 6.4882653070602965], [3.366919369583439, 6.4878130087082395], [3.366014959815985, 6.4878136624718445], [3.366013980687627, 6.486456767229404], [3.365561776978654, 6.486457093437401], [3.366013001768431, 6.485099871914371], [3.368726216276993, 6.485097906612716], [3.369178089531931, 6.484645279358218], [3.370083483061114, 6.486001514988538], [3.370987889181839, 6.4860008541507375], [3.3709875584410853, 6.48554855596654], [3.3723444981861843, 6.4859998598698745], [3.372795704151669, 6.484642633339488], [3.374151975752957, 6.484189336385828], [3.3746045108943634, 6.484641300654842], [3.3741529762982445, 6.485546230496268], [3.3750580499484295, 6.4864501583868055], [3.374605846709718, 6.486450492659812], [3.3746068488209846, 6.487807386578844], [3.373702106598583, 6.487355756044], [3.3737031064329734, 6.488712650055376], [3.3746075170140926, 6.488711982484524], [3.3750590532693194, 6.487807052235334], [3.375963797388973, 6.488258680224596], [3.376413988341226, 6.485544557350283], [3.3768658547208257, 6.485091923624023], [3.3777705952804387, 6.485543548624383], [3.3786729747286763, 6.482829087247049], [3.3804821128413036, 6.483280031717997], [3.3809336340423277, 6.482375096933776], [3.381838032568889, 6.482374417123967], [3.381386173160751, 6.482827054928536], [3.3813865130280014, 6.483279352618639], [3.3822909131178367, 6.483278671907082], [3.381840074408281, 6.485088203048461], [3.380936010631066, 6.485541180818895], [3.3809366898741064, 6.486445776142059], [3.379579742596842, 6.485994495748965], [3.3795807579416457, 6.487351388911982], [3.38048516548063, 6.487350710995933], [3.380485844110674, 6.488255306302297], [3.3809380486504406, 6.488254966691575], [3.380938388404995, 6.488707264308784], [3.3795817735033666, 6.488708282002385], [3.379582112072144, 6.4891605796830465], [3.380939067986667, 6.489611859518988], [3.3809400875405897, 6.490968752273761], [3.380487541108577, 6.49051679442698], [3.3800353345278995, 6.490517133753547], [3.3800360126892786, 6.491421728994602], [3.37867905249951, 6.490970447008145], [3.379131936151655, 6.491874704188441], [3.37822819547872, 6.49277997554229], [3.378229545922668, 6.49458916621096], [3.3773244515772567, 6.493685245438972], [3.377775986760202, 6.492780312969839], [3.3764190245240973, 6.492329025048626], [3.375967822784526, 6.493686254230498], [3.376872914851696, 6.494590177566733], [3.375968829670563, 6.495043147550313], [3.3759698367714663, 6.496400040797435], [3.3750657475528025, 6.496853009369111], [3.375518295416166, 6.497304971900029], [3.3750670875526847, 6.498662200408203], [3.376424066084923, 6.499113490930348], [3.375972523424349, 6.500018422434249], [3.3777813843809605, 6.500017075248216], [3.3777807093425154, 6.499112480076538], [3.3791373523842005, 6.499111465586344]], [[3.3809458691250054, 6.4986578098446985], [3.3804936553022435, 6.498658150004438], [3.3809455288382844, 6.498205512405154], [3.380491956129878, 6.496396662606559], [3.382301144599719, 6.49684759742187], [3.3823018274753225, 6.497752192197798], [3.382753698539524, 6.497299553110035], [3.3836584661564015, 6.497751165802457], [3.383658808842303, 6.498203463106263], [3.3818499556033594, 6.498204830921464], [3.382302510448032, 6.498656786941402], [3.381850978959811, 6.499561723072366], [3.380946549771019, 6.499562404699538], [3.3809458691250054, 6.4986578098446985]], [[3.3795888885093155, 6.498206531600802], [3.3795885494584725, 6.49775423408165], [3.3804929755608124, 6.497753555069528], [3.3804933154194474, 6.498205852541023], [3.3795888885093155, 6.498206531600802]], [[3.3854635316891706, 6.492774521805773], [3.3859153955841874, 6.492321880236147], [3.3859157399954944, 6.492774177516262], [3.3854635316891706, 6.492774521805773]], [[3.387274093245971, 6.495034628141716], [3.387726303472281, 6.495034282116153], [3.3877252651003236, 6.493677390663761], [3.3886289893178274, 6.492772103302682], [3.3899856136462376, 6.492771060746708], [3.3899859617142516, 6.493223357799832], [3.3886296830570672, 6.493676697547308], [3.388630376895018, 6.494581291759628], [3.389082586643687, 6.49458094454709], [3.3886310708316794, 6.495485885939636], [3.389535491919139, 6.495485191013223], [3.389083976230665, 6.496390132777269], [3.3908928214377574, 6.496388739498325], [3.390893170511498, 6.496841036437864], [3.3886324590011396, 6.497295074202704], [3.3886317648670525, 6.49639048008733], [3.387274093245971, 6.495034628141716]], [[3.3877245729754533, 6.492772796321783], [3.3877242269499477, 6.492320499138679], [3.388628642485224, 6.492319806168255], [3.3886289893178274, 6.492772103302682], [3.3877245729754533, 6.492772796321783]], [[3.389082586643687, 6.49458094454709], [3.389534448629008, 6.494128299877464], [3.38953479636765, 6.494580596930796], [3.389082586643687, 6.49458094454709]], [[3.392249805367709, 6.496839987164375], [3.3922505060127564, 6.497744580871903], [3.3908935196100605, 6.4972933333693215], [3.390893170511498, 6.496841036437864], [3.392249805367709, 6.496839987164375]], [[3.3890846711723954, 6.49729472684388], [3.389537231230735, 6.497746676077906], [3.3890850186803214, 6.497747023865065], [3.3890846711723954, 6.49729472684388]], [[3.3890850186803214, 6.497747023865065], [3.3886331532339393, 6.498199668285753], [3.3886328061052002, 6.497747371248268], [3.3890850186803214, 6.497747023865065]], [[3.3872754764715425, 6.496843816728991], [3.3877280345846206, 6.49729576770857], [3.3872758223394155, 6.497296113855614], [3.3872754764715425, 6.496843816728991]], [[3.393155633101445, 6.498648472814979], [3.3927030691531934, 6.498196527074095], [3.3931552819088084, 6.498196176030665], [3.393155633101445, 6.498648472814979]], [[3.3945122724301426, 6.498647417186715], [3.3940597073451113, 6.498195472731855], [3.3940586514938107, 6.49683858247849], [3.395415992124686, 6.497742118084986], [3.3954166985240612, 6.4986467114144855], [3.3945122724301426, 6.498647417186715]], [[3.3958667902134603, 6.495932577985714], [3.3954149327139413, 6.496385228030123], [3.3954145796272446, 6.495932931329006], [3.3958667902134603, 6.495932577985714]], [[3.3949613111176413, 6.4945763940423], [3.3954135205178066, 6.494576041177179], [3.3954142265656566, 6.495480634619811], [3.394056540466827, 6.494124801753588], [3.394960605977522, 6.493671800517799], [3.3949613111176413, 6.4945763940423]], [[3.394056892242101, 6.494577098561271], [3.3936050341633877, 6.4950297470394185], [3.393604682766783, 6.494577450215124], [3.394056892242101, 6.494577098561271]], [[3.3936050341633877, 6.4950297470394185], [3.392701315583669, 6.495935042908114], [3.392248404376511, 6.495030799652353], [3.3936050341633877, 6.4950297470394185]], [[3.392248404376511, 6.495030799652353], [3.3917958446158605, 6.494578852792982], [3.392248054190981, 6.494578502754149], [3.392248404376511, 6.495030799652353]], [[3.391793396839592, 6.491412774107349], [3.391340840885284, 6.490960826558627], [3.391793047256781, 6.490960477119957], [3.391793396839592, 6.491412774107349]], [[3.3922424546098444, 6.487341751284657], [3.391789902130976, 6.486889803870192], [3.3922421048477265, 6.486889454249202], [3.3922424546098444, 6.487341751284657]], [[3.389980395597582, 6.485986603981078], [3.3904325976073455, 6.485986256022113], [3.390885496622872, 6.486890501902351], [3.38998109101549, 6.486891198321412], [3.389980395597582, 6.485986603981078]], [[3.3904343383538538, 6.488247741690107], [3.3904336419808776, 6.487343147447117], [3.3913380483450575, 6.487342450172491], [3.391339444416381, 6.489151638430131], [3.3899828299935995, 6.489152684031038], [3.389982134328068, 6.488248089771395], [3.3904343383538538, 6.488247741690107]], [[3.389530625136442, 6.489153031757842], [3.3904353830992515, 6.489604632994065], [3.3899835257581805, 6.490057278258394], [3.390436428067772, 6.490961524225379], [3.389079461518307, 6.490510270556692], [3.389080503004413, 6.4918671619595], [3.387271673548001, 6.491868547802996], [3.387270982427044, 6.490963953347826], [3.3881757419457466, 6.491415558513492], [3.388174702954363, 6.490058666940267], [3.389531320094299, 6.490057626034071], [3.389530625136442, 6.489153031757842]], [[3.389529930277521, 6.488248437449326], [3.389078073216042, 6.488701081906598], [3.389077726202239, 6.488248784723897], [3.389529930277521, 6.488248437449326]], [[3.3872689096543507, 6.488250169788582], [3.38681705045318, 6.488702812350674], [3.3868167054558316, 6.488250515046356], [3.3872689096543507, 6.488250169788582]], [[3.3868167054558316, 6.488250515046356], [3.3859116086771173, 6.487346609622073], [3.3868156706111545, 6.486893623084981], [3.3868167054558316, 6.488250515046356]], [[3.3859119528188755, 6.487798906990981], [3.38546009271302, 6.488251548399508], [3.385459748950021, 6.48779925101449], [3.3859119528188755, 6.487798906990981]], [[3.3845553411389147, 6.487799937851511], [3.384554998206859, 6.487347640410145], [3.385459405211497, 6.4873469536214], [3.385459748950021, 6.48779925101449], [3.3845553411389147, 6.487799937851511]], [[3.384554998206859, 6.487347640410145], [3.384102452163467, 6.486895685726029], [3.384554655299221, 6.486895342960712], [3.384554998206859, 6.487347640410145]], [[3.384554655299221, 6.486895342960712], [3.3841017672277696, 6.485991090754764], [3.3850061718622095, 6.485990404917293], [3.3859112645598635, 6.4868943122450995], [3.384554655299221, 6.486895342960712]], [[3.3868146359875273, 6.485536731050995], [3.3863620897612607, 6.485084778374942], [3.3868142911621066, 6.485084433690198], [3.3868146359875273, 6.485536731050995]], [[3.3863620897612607, 6.485084778374942], [3.385909544341146, 6.484632825239215], [3.3863617453634625, 6.484632480981842], [3.3863620897612607, 6.485084778374942]], [[3.3859102323551227, 6.485537420065768], [3.385005828624705, 6.48553810746778], [3.385005485411646, 6.485085810010202], [3.385909888335883, 6.485085122656526], [3.3859102323551227, 6.485537420065768]], [[3.387265802155138, 6.484179493905038], [3.386361400990196, 6.484180183580676], [3.3863610566414613, 6.483727886171447], [3.387265457000395, 6.483727196544312], [3.387265802155138, 6.484179493905038]], [[3.3777631920220657, 6.475592994278387], [3.3773113344517554, 6.476045628435884], [3.3773109985943437, 6.4755933304027895], [3.3777631920220657, 6.475592994278387]], [[3.3773113344517554, 6.476045628435884], [3.376859476076437, 6.476498262230043], [3.3768591405975883, 6.476045964181361], [3.3773113344517554, 6.476045628435884]], [[3.3800207774038786, 6.471068328268508], [3.38047330509723, 6.4715202879144185], [3.3800211154349524, 6.471520626239669], [3.3800207774038786, 6.471068328268508]], [[3.377758822825882, 6.469713119423199], [3.3782113473501, 6.4701650812946845], [3.377759158773996, 6.470165417537276], [3.377758822825882, 6.469713119423199]], [[3.3786635359021924, 6.470164744649868], [3.3786645463034737, 6.4715216388015415], [3.377760166762236, 6.471522311831224], [3.3777594947460927, 6.470617715643305], [3.3786635359021924, 6.470164744649868]], [[3.377760166762236, 6.471522311831224], [3.377308312597443, 6.47197494584815], [3.3773079769556276, 6.471522647742596], [3.377760166762236, 6.471522311831224]], [[3.3764042669691787, 6.472427914655972], [3.3773086482632126, 6.472427243945659], [3.3773089839529375, 6.472879542035117], [3.376404601854327, 6.472880212792686], [3.3764042669691787, 6.472427914655972]], [[3.3773093196666175, 6.473331840116524], [3.377760838874312, 6.4724269079869465], [3.3791170732887847, 6.471973599693935], [3.379117747862472, 6.4728781956912], [3.3773093196666175, 6.473331840116524]], [[3.374146310034862, 6.476500268389617], [3.3755025588916405, 6.476046969002207], [3.375503227458068, 6.47695156523303], [3.3741473093686016, 6.477857162911108], [3.374146310034862, 6.476500268389617]], [[3.375503227458068, 6.47695156523303], [3.375955756910547, 6.477403528728003], [3.3755035617770432, 6.477403863336359], [3.375503227458068, 6.47695156523303]], [[3.3750517005599097, 6.477856495660835], [3.3750523685117706, 6.478761091874273], [3.374600172122712, 6.478761425747764], [3.3745995049761475, 6.477856829487328], [3.3750517005599097, 6.477856495660835]], [[3.3637442135429305, 6.474246330701667], [3.363743889852629, 6.4737940319394385], [3.3646482748779407, 6.473793383624934], [3.3646485993729973, 6.474245682341493], [3.3637442135429305, 6.474246330701667]], [[3.3642035423586942, 6.4841965769520025], [3.363751664794014, 6.4846492000098115], [3.3637513405725255, 6.484196901432889], [3.3642035423586942, 6.4841965769520025]], [[3.3642038669832215, 6.484648875506106], [3.3646563942000225, 6.485100849122451], [3.364204191630874, 6.485101174052145], [3.3642038669832215, 6.484648875506106]], [[3.3646580198009275, 6.487362341617431], [3.365110224362686, 6.487362016170184], [3.365563080916716, 6.4882662871695915], [3.364658670203369, 6.4882669385589615], [3.3646580198009275, 6.487362341617431]], [[3.365561451052168, 6.486004794984186], [3.3651089222229857, 6.485552822281839], [3.3655611251488935, 6.485552496522906], [3.365561451052168, 6.486004794984186]], [[3.3709875584410853, 6.48554855596654], [3.370535025481505, 6.485096588348296], [3.3709872277238873, 6.485096257774277], [3.3709875584410853, 6.48554855596654]], [[3.3709868970302455, 6.4846439595739485], [3.3718913006381834, 6.484643297262991], [3.371891632137956, 6.485095595416743], [3.3709872277238873, 6.485096257774277], [3.3709868970302455, 6.4846439595739485]], [[3.374603175459575, 6.482832108520841], [3.3759597754310406, 6.4828311050567775], [3.375960110462908, 6.483283403031786], [3.375055709699856, 6.483284072457937], [3.375961115701738, 6.4846402969084265], [3.3746045108943634, 6.484641300654842], [3.374603175459575, 6.482832108520841]], [[3.374150975421478, 6.482832442202817], [3.3741503086526077, 6.481927846040499], [3.37505470709339, 6.48192717836747], [3.3750550412717315, 6.482379476405688], [3.374150975421478, 6.482832442202817]], [[3.37505470709339, 6.48192717836747], [3.3746018404053464, 6.481022916257849], [3.3750540388081474, 6.481022582266855], [3.3764082871682066, 6.477855491765095], [3.3773130140981498, 6.478307118480538], [3.3773136861244, 6.479211714442004], [3.3764089575359546, 6.478760087837191], [3.3764106338735558, 6.4810215778764135], [3.377315030464379, 6.48102090626824], [3.3782187531303087, 6.480115637246173], [3.379123485626163, 6.4805672603673745], [3.3782197639099287, 6.481472530937472], [3.375958770478664, 6.481474211083387], [3.375959105438919, 6.481926509082578], [3.37505470709339, 6.48192717836747]], [[3.374601506701251, 6.4805706181719485], [3.3732459101168004, 6.481928512101661], [3.3718893121354223, 6.481929508171158], [3.371889974875225, 6.482834104567352], [3.372794042977215, 6.482381142683231], [3.372795039610877, 6.483738037101172], [3.372342506840086, 6.483286071063164], [3.370986235713629, 6.483739363149101], [3.369628644371555, 6.482383458546006], [3.370080184773452, 6.481478532319058], [3.369175786618607, 6.481479191080471], [3.368722930547381, 6.4805749230871745], [3.370532053713278, 6.481025904045875], [3.3709829305438577, 6.479216380541177], [3.3718879869391665, 6.480120315282046], [3.3727917183271185, 6.479215055425909], [3.372792382394512, 6.480119651825439], [3.374601506701251, 6.4805706181719485]], [[3.3696273271378483, 6.480574265224223], [3.37007919574536, 6.480121637361018], [3.370079525397893, 6.480573935688424], [3.3696273271378483, 6.480574265224223]], [[3.3723395214167353, 6.47921538730892], [3.3718869932899023, 6.478763420530597], [3.372339189821234, 6.478763089073711], [3.3723395214167353, 6.47921538730892]], [[3.3727917183271185, 6.479215055425909], [3.3732435828129477, 6.478762424951636], [3.3732439152138323, 6.479214723140101], [3.3727917183271185, 6.479215055425909]], [[3.377766555700385, 6.480115974010132], [3.3777655463450484, 6.4787590801752035], [3.3782177425668145, 6.4787587434823415], [3.3777648735614156, 6.477854484244963], [3.3791214597387613, 6.477853473100438], [3.379574331087916, 6.478757730987152], [3.3786699387645673, 6.478758406386711], [3.3782187531303087, 6.480115637246173], [3.377766555700385, 6.480115974010132]], [[3.3777648735614156, 6.477854484244963], [3.3773123421677242, 6.477402522486842], [3.3777645372055765, 6.477402186267758], [3.3777648735614156, 6.477854484244963]], [[3.3759604455186465, 6.48373570099873], [3.37686484699217, 6.483735029913175], [3.376865182877793, 6.484187327824854], [3.3759607805982563, 6.4841879989576094], [3.3759604455186465, 6.48373570099873]], [[3.376865182877793, 6.484187327824854], [3.377317720294269, 6.484639289533789], [3.376865518787345, 6.484639625728471], [3.376865182877793, 6.484187327824854]], [[3.3750580499484295, 6.4864501583868055], [3.3755105879829874, 6.486902121644596], [3.375058384364911, 6.486902456344381], [3.3750580499484295, 6.4864501583868055]], [[3.3755095835955338, 6.485545227818256], [3.375509248847402, 6.485092929860011], [3.3764136527869084, 6.485092259439184], [3.376413988341226, 6.485544557350283], [3.3755095835955338, 6.485545227818256]], [[3.381838032568889, 6.482374417123967], [3.3813854934988967, 6.481922459524137], [3.381384813933904, 6.481017864087495], [3.3827410670343196, 6.480564545116353], [3.3827417489677933, 6.481469140425391], [3.384099370721063, 6.4828250081012575], [3.3831953131105794, 6.483277989583329], [3.3831946301768268, 6.4823733943868085], [3.381838032568889, 6.482374417123967]], [[3.381384813933904, 6.481017864087495], [3.3809322765237324, 6.480565905964901], [3.381384474187731, 6.4805655663570825], [3.381384813933904, 6.481017864087495]], [[3.3809322765237324, 6.480565905964901], [3.3804797399191413, 6.4801139473835985], [3.38093193720455, 6.48011360820253], [3.3809322765237324, 6.480565905964901]], [[3.380481095729715, 6.4819231384801945], [3.379576359680745, 6.48147151801468], [3.3800278811232056, 6.480566583971897], [3.3804800788355482, 6.480566245169838], [3.380481095729715, 6.4819231384801945]], [[3.3800278811232056, 6.480566583971897], [3.37957534527588, 6.480114624537182], [3.3800275426095747, 6.480114286161817], [3.3800278811232056, 6.480566583971897]], [[3.381383794768029, 6.479660970872078], [3.380479401026892, 6.479661649589301], [3.3804790621588, 6.479209351786943], [3.381835651526043, 6.479208333178568], [3.381836671827514, 6.4805652263463855], [3.381384474187731, 6.4805655663570825], [3.381383794768029, 6.479660970872078]], [[3.383192923268225, 6.480111906254419], [3.3822881884123066, 6.479660290543564], [3.382287167048228, 6.478303397399258], [3.3836447786966084, 6.479659267029625], [3.383646145688668, 6.4814684574877415], [3.383193947340396, 6.481468799158034], [3.383192923268225, 6.480111906254419]], [[3.3822909131178367, 6.483278671907082], [3.3827427720502654, 6.48282603332849], [3.382743113126359, 6.483278330946731], [3.3822909131178367, 6.483278671907082]], [[3.382291594536949, 6.4841832671673405], [3.3827441365004525, 6.484635223753073], [3.3822919352829146, 6.484635564785374], [3.382291594536949, 6.4841832671673405]], [[3.381840074408281, 6.485088203048461], [3.3822926168476677, 6.485540159997242], [3.381840414799702, 6.485540500674318], [3.381840074408281, 6.485088203048461]], [[3.3822926168476677, 6.485540159997242], [3.382745160093265, 6.485992116486829], [3.382292957666454, 6.485992457591078], [3.3822926168476677, 6.485540159997242]], [[3.3822932985095147, 6.486444755176848], [3.3813888927768017, 6.48644543622357], [3.381388552740039, 6.48599313858992], [3.382292957666454, 6.485992457591078], [3.3822932985095147, 6.486444755176848]], [[3.383649906926458, 6.486443730582406], [3.383650933230137, 6.487800623075204], [3.383198729239193, 6.4878009650820525], [3.3822932985095147, 6.486444755176848], [3.383649906926458, 6.486443730582406]], [[3.383198729239193, 6.4878009650820525], [3.3827468665673384, 6.488253604215082], [3.382746525223918, 6.487801306685568], [3.383198729239193, 6.4878009650820525]], [[3.379131936151655, 6.491874704188441], [3.3795844827284576, 6.492326663221685], [3.3791322744856283, 6.492327001836386], [3.379131936151655, 6.491874704188441]], [[3.378680404173221, 6.492779637711096], [3.3791329512257975, 6.493231597108051], [3.380037369301616, 6.493230919379836], [3.380490257561547, 6.494135175006699], [3.3786810801543496, 6.493684233014124], [3.378680404173221, 6.492779637711096]], [[3.3809424673463577, 6.494134835085667], [3.3809434876259563, 6.495491727598203], [3.380491276630062, 6.495492067590848], [3.380038387014254, 6.494587812083972], [3.3809424673463577, 6.494134835085667]], [[3.3759698367714663, 6.496400040797435], [3.3764223849670754, 6.49685200250507], [3.3759701725195157, 6.496852338530318], [3.3759698367714663, 6.496400040797435]], [[3.3759708440872376, 6.4977569339718455], [3.376875607201334, 6.498208559084484], [3.3768749339703343, 6.497303963753522], [3.3773271467738977, 6.497303626896828], [3.3773281578679852, 6.498660519810218], [3.3759715157504577, 6.498661529381053], [3.3759708440872376, 6.4977569339718455]], [[3.3773288320505146, 6.499565115045404], [3.3768762805280623, 6.499113154383122], [3.3773284949472693, 6.49911281743185], [3.3773288320505146, 6.499565115045404]], [[3.38772941991767, 6.499104956037048], [3.3881819805526834, 6.499556906426369], [3.387729766312486, 6.4995572530989625], [3.38772941991767, 6.499104956037048]], [[3.388181286979742, 6.498652312343109], [3.389085713770295, 6.498651617883189], [3.3895386231252584, 6.499555863984183], [3.3886341947682306, 6.49955655934971], [3.388181286979742, 6.498652312343109]], [[3.3963211245175424, 6.498646004026215], [3.395868557917208, 6.498194061286454], [3.3963207704974585, 6.498193707415148], [3.3963211245175424, 6.498646004026215]], [[3.3791356591494637, 6.4968499778716575], [3.3791366750180787, 6.498206870524714], [3.378684461502766, 6.498207209044639], [3.378683446845753, 6.496850316320313], [3.3791356591494637, 6.4968499778716575]], [[3.3791356591494637, 6.4968499778716575], [3.3786827705279774, 6.495945721130363], [3.380039404944082, 6.495944704715414], [3.3800400836846296, 6.4968492997626495], [3.3791356591494637, 6.4968499778716575]], [[3.378231572309115, 6.497302951971651], [3.3777790221662207, 6.4968509920059185], [3.376874597390732, 6.49685166607592], [3.37687325131164, 6.495042475284726], [3.3777776728569915, 6.495041801403987], [3.37777868480293, 6.496398694367554], [3.3782308967508947, 6.496398356750403], [3.378231572309115, 6.497302951971651]], [[3.3922494550825477, 6.496387690298489], [3.3917968940360117, 6.495935743537093], [3.3922491048222945, 6.495935393424523], [3.3922494550825477, 6.496387690298489]], [[3.381396039142992, 6.495943684665871], [3.3813950175796545, 6.494586792249263], [3.381847227719723, 6.494586451496843], [3.3818482504942304, 6.49594334384167], [3.381396039142992, 6.495943684665871]], [[3.3908924723888383, 6.495936442550707], [3.390439912907657, 6.495484494471559], [3.390892123364741, 6.495484145595008], [3.3908924723888383, 6.495936442550707]], [[3.3786824324051596, 6.49549342352327], [3.3786817562316624, 6.494588828284852], [3.3791339665166107, 6.4945884899549835], [3.3791346434975265, 6.495493085145888], [3.3786824324051596, 6.49549342352327]], [[3.3904395643121026, 6.495032197483288], [3.3899870060668773, 6.494580248910746], [3.39043921574134, 6.494579900486939], [3.3904395643121026, 6.495032197483288]], [[3.391343984394007, 6.49503149937539], [3.3908914253910116, 6.494579551659375], [3.391343635015861, 6.494579202428057], [3.391343984394007, 6.49503149937539]], [[3.3931521222985217, 6.494125504608182], [3.392247003783835, 6.493221612011073], [3.3931514204375186, 6.493220910869875], [3.3931521222985217, 6.494125504608182]], [[3.3804895783033415, 6.493230579910216], [3.380941447284465, 6.492777942500442], [3.380941787280906, 6.493230240036926], [3.3804895783033415, 6.493230579910216]], [[3.3804892387104797, 6.492778282349863], [3.380036690947184, 6.492326324203368], [3.380488899141778, 6.492325984781433], [3.3804892387104797, 6.492778282349863]], [[3.3809407673641494, 6.491873347403248], [3.3813933154584577, 6.492325304726713], [3.380941107312213, 6.492325644955882], [3.3809407673641494, 6.491873347403248]], [[3.3813926347795045, 6.491420709661171], [3.3822970493852815, 6.491420028087751], [3.382297731678265, 6.49232462305753], [3.3818455235804845, 6.492324964093929], [3.3813926347795045, 6.491420709661171]], [[3.3868198113161925, 6.492321190494644], [3.386367258672134, 6.491869238303224], [3.3868194661223483, 6.491868893254904], [3.3868198113161925, 6.492321190494644]], [[3.3850106361744032, 6.491870271026662], [3.385010292619091, 6.491417973682062], [3.3859147068350888, 6.491417285651692], [3.3859150511973857, 6.491869582947956], [3.3850106361744032, 6.491870271026662]], [[3.3908893320655316, 6.491865769658621], [3.3904367764401955, 6.491413821286336], [3.390888983264825, 6.491413472630232], [3.3908893320655316, 6.491865769658621]], [[3.3845577423470066, 6.49096601971511], [3.3845580854744073, 6.491418317091908], [3.383201463893958, 6.491419344900092], [3.383200780084274, 6.490514749994012], [3.3845577423470066, 6.49096601971511]], [[3.384105192881821, 6.490514065288333], [3.3845570561654608, 6.490061424937295], [3.384557399244024, 6.490513722330239], [3.384105192881821, 6.490514065288333]], [[3.3832004382159306, 6.4900624525288615], [3.3827475493270884, 6.4891581992499], [3.383651275380084, 6.488252920556667], [3.384556370081588, 6.489156830127193], [3.3845556840953877, 6.488252235284808], [3.385007888416427, 6.488251892043838], [3.3850089186423156, 6.489608784222934], [3.3832004382159306, 6.4900624525288615]], [[3.3827475493270884, 6.4891581992499], [3.3822950030889283, 6.488706242984675], [3.382747207935062, 6.488705901736527], [3.3827475493270884, 6.4891581992499]], [[3.3813919541974222, 6.490516114563336], [3.3818445013879015, 6.490968071555286], [3.3813922944763544, 6.49096841211629], [3.3813919541974222, 6.490516114563336]], [[3.381844160705533, 6.49051577402626], [3.382296026127868, 6.490063135572535], [3.3822963671893977, 6.490515433085679], [3.381844160705533, 6.49051577402626]], [[3.3854621558049995, 6.490965332540137], [3.385461811895147, 6.490513035203547], [3.386365879756177, 6.490060049166569], [3.3863665691650886, 6.490964643751042], [3.3854621558049995, 6.490965332540137]], [[3.385461811895147, 6.490513035203547], [3.385009262099839, 6.490061081599825], [3.3854614680097703, 6.49006073785888], [3.385461811895147, 6.490513035203547]], [[3.3863651904453977, 6.4891554545498105], [3.38726960048022, 6.489154764340617], [3.3872702914044512, 6.490059358860366], [3.386365879756177, 6.490060049166569], [3.3863651904453977, 6.4891554545498105]], [[3.3886265620078193, 6.48960602319214], [3.3890784202545507, 6.4891533790812295], [3.389078767317764, 6.4896056762477885], [3.3886265620078193, 6.48960602319214]], [[3.388626215347954, 6.4891537260012], [3.388173664184812, 6.488701775294394], [3.388625868712765, 6.48870142880219], [3.388626215347954, 6.4891537260012]], [[3.385912985391173, 6.489155799049282], [3.385460436500494, 6.488703845776459], [3.3859126411759033, 6.488703501704585], [3.385912985391173, 6.489155799049282]], [[3.363300110287816, 6.485554121285619], [3.3628475837847915, 6.485102146422225], [3.3632997864232297, 6.485101822702031], [3.363300110287816, 6.485554121285619]], [[3.3836492228458055, 6.48553913554687], [3.383196679270052, 6.485087179879611], [3.383648880842019, 6.485086838017003], [3.3836492228458055, 6.48553913554687]], [[3.3841010823896256, 6.485086495751229], [3.3841003976490365, 6.484181900715434], [3.3845525983661595, 6.484181558094694], [3.3845532839128447, 6.485086153082297], [3.3841010823896256, 6.485086495751229]], [[3.3669170796318335, 6.484646920017964], [3.366464550942091, 6.484194948500924], [3.3669167525890797, 6.484194621601379], [3.3669170796318335, 6.484646920017964]], [[3.369629303129222, 6.483288055158534], [3.3700818336235567, 6.483740023754584], [3.370534364923879, 6.484191991893084], [3.3696299619807664, 6.4841926517388115], [3.369629303129222, 6.483288055158534]], [[3.373698442366233, 6.482380477381197], [3.3736991083767456, 6.48328507357428], [3.374151642285374, 6.4837370383328885], [3.373247240526084, 6.4837377045814915], [3.373246242683573, 6.482380810233711], [3.373698442366233, 6.482380477381197]], [[3.3773167114283806, 6.4832823958696775], [3.3777692483699777, 6.483734357215304], [3.3773170476930527, 6.483734693765778], [3.3773167114283806, 6.4832823958696775]], [[3.377768911702329, 6.483282059342873], [3.378220774905678, 6.4828294245562255], [3.3782211119522905, 6.48328172241302], [3.377768911702329, 6.483282059342873]], [[3.3840997130059995, 6.4832773056473805], [3.3845522556294423, 6.483729260588795], [3.384100055315324, 6.483729603185441], [3.3840997130059995, 6.4832773056473805]], [[3.3845519129171424, 6.4832769630748315], [3.385003769713037, 6.482824322601334], [3.385004112803868, 6.483276620099236], [3.3845519129171424, 6.4832769630748315]], [[3.3673682993911673, 6.483289697487406], [3.366915771600602, 6.482837726303252], [3.3673679720153533, 6.482837399069654], [3.3673682993911673, 6.483289697487406]], [[3.3682727009565676, 6.483289041765015], [3.3678201724067796, 6.482837071433032], [3.3682723727748516, 6.482836743393385], [3.3682727009565676, 6.483289041765015]], [[3.3854559691723707, 6.48282397924684], [3.3859085125039545, 6.483275932938896], [3.3854563126661485, 6.4832762767205905], [3.3854559691723707, 6.48282397924684]], [[3.3859081686072297, 6.482823635489327], [3.3863600237424465, 6.482370993895374], [3.3863603680175864, 6.482823291328794], [3.3859081686072297, 6.482823635489327]], [[3.377316375187666, 6.482830097965513], [3.3768638394788724, 6.482378136129755], [3.3773160389709087, 6.482377800053287], [3.377316375187666, 6.482830097965513]], [[3.3786722999016843, 6.481924491556731], [3.3786726373031586, 6.4823767894059205], [3.3777682384389873, 6.482377463573825], [3.3777679018432956, 6.481925165677209], [3.3786722999016843, 6.481924491556731]], [[3.3786722999016843, 6.481924491556731], [3.379124161114535, 6.481471856058548], [3.3791244988948286, 6.481924153892043], [3.3786722999016843, 6.481924491556731]], [[3.3850034266466515, 6.482372025095369], [3.3850027405872165, 6.4814674300592525], [3.385454938837881, 6.481467086777217], [3.3854556257030666, 6.482371681765031], [3.3850034266466515, 6.482372025095369]], [[3.3583233207613534, 6.48193926939717], [3.3583226822870738, 6.481034671595263], [3.3587748815280314, 6.481034352109069], [3.3587755208080163, 6.481938949866016], [3.3583233207613534, 6.48193926939717]], [[3.3845508849267407, 6.4819200704845645], [3.384098344012581, 6.481468115414513], [3.3845505423121067, 6.48146777293835], [3.3845508849267407, 6.4819200704845645]], [[3.385907480887288, 6.481919040566003], [3.3859067932653573, 6.481014445610433], [3.3863589910642133, 6.481014101546737], [3.3863596794918376, 6.481918696453889], [3.385907480887288, 6.481919040566003]], [[3.3623918289996286, 6.480127184287196], [3.3619393083677753, 6.479675208202753], [3.362391506217351, 6.479674885561378], [3.3623918289996286, 6.480127184287196]], [[3.3736957792732722, 6.478762092286447], [3.374148308916137, 6.479214057360095], [3.374600839364413, 6.479666021975975], [3.3736964449041507, 6.479666688608487], [3.3736957792732722, 6.478762092286447]], [[3.380027204120073, 6.479661988343677], [3.379574669126471, 6.479210028845221], [3.3800268656546995, 6.479209690517479], [3.380027204120073, 6.479661988343677]], [[3.380930919392119, 6.478756714867066], [3.3804783844950888, 6.478304756158055], [3.3809305801696814, 6.478304417072462], [3.380930919392119, 6.478756714867066]], [[3.3831915581792806, 6.4783027156034345], [3.3831908757807856, 6.477398120229595], [3.384095265204052, 6.477397436919034], [3.384095949213016, 6.478302032196661], [3.3831915581792806, 6.4783027156034345]], [[3.363746803896735, 6.4778647205096185], [3.363294284254541, 6.477412745547709], [3.3637464800216783, 6.477412421811813], [3.363746803896735, 6.4778647205096185]], [[3.3610333050734362, 6.477414358186914], [3.3605807881344254, 6.476962380641892], [3.361032983636949, 6.4769620593447295], [3.3610333050734362, 6.477414358186914]], [[3.364650871486641, 6.477411773131963], [3.364198351511181, 6.4769597989901895], [3.3646505468295222, 6.476959474471771], [3.364650871486641, 6.477411773131963]], [[3.383190534618032, 6.47694582253059], [3.3827379995365865, 6.476493865826769], [3.3831901934796074, 6.476493524823531], [3.383190534618032, 6.47694582253059]], [[3.3773103269513873, 6.474688734312441], [3.376857798921461, 6.474236771906096], [3.377309991165842, 6.474236436255185], [3.3773103269513873, 6.474688734312441]], [[3.379119097298684, 6.474687387589121], [3.3786665677551384, 6.47423542688756], [3.379118759903526, 6.474235089626719], [3.379119097298684, 6.474687387589121]], [[3.3800234823280264, 6.474686711812392], [3.3795709520278434, 6.474234751963392], [3.3800231441280624, 6.4742344138975865], [3.3800234823280264, 6.474686711812392]], [[3.3782143755827096, 6.474235763745919], [3.3777618472223034, 6.473783802160158], [3.3782140390163704, 6.473783465727982], [3.3782143755827096, 6.474235763745919]]], [[[3.3926929071276297, 6.485079916100863], [3.3931440569257694, 6.483722674668016], [3.39178606082478, 6.481914535677414], [3.39043120545637, 6.484177067342504], [3.391335606176899, 6.4841763704109825], [3.3908841026610435, 6.485081313385246], [3.3917885049440897, 6.485080615549377], [3.391788854203496, 6.4855329126416805], [3.3926929071276297, 6.485079916100863]], [[3.391335606176899, 6.4841763704109825], [3.3917874573151288, 6.483723724224066], [3.391787806499906, 6.484176021340567], [3.391335606176899, 6.4841763704109825]]], [[[3.3972159789097667, 6.486433285030982], [3.3954075231660172, 6.486886995610614], [3.3958590197826366, 6.485982049063617], [3.3949542642306616, 6.485530457343939], [3.3949553206242085, 6.486887348054518], [3.3940516182402702, 6.487792645598152], [3.3958604316833423, 6.48779123643098], [3.396313341889058, 6.488695476716457], [3.3972170415018232, 6.48779017532064], [3.397217750022636, 6.488694768806729], [3.397669954051606, 6.488694414246786], [3.3972159789097667, 6.486433285030982]], [[3.3967648382541795, 6.487790529427416], [3.396312281565232, 6.48733858632596], [3.3967644844348373, 6.4873382326473745], [3.3967648382541795, 6.487790529427416]]], [[[3.383203173843988, 6.493680832024001], [3.3841075922908384, 6.49368014698156], [3.3836570956564205, 6.495941976506434], [3.385466284632385, 6.4963928999493925], [3.3850116669870243, 6.493227163012014], [3.3832024897909774, 6.492776237198663], [3.383203173843988, 6.493680832024001]]]]}}, {"type": "Feature", "properties": {"regime": 5, "area_km2": 8.44}, "geometry": {"type": "MultiPolygon", "coordinates": [[[[3.310799229627199, 6.411411509045673], [3.309894950013994, 6.411412056203408], [3.3103457226739117, 6.409150270899235], [3.308085033353853, 6.409151633326984], [3.3080858476139836, 6.410508540796408], [3.3067294302022847, 6.410509353645508], [3.306276481545723, 6.409152716097694], [3.3040155235518402, 6.408701757918296], [3.304016326999607, 6.410058665929653], [3.3031123162500764, 6.410511503709045], [3.3035649905318465, 6.411415841669078], [3.30582569078443, 6.411414498684608], [3.3062775608917434, 6.410961926349108], [3.30627810068137, 6.411866531427004], [3.3071823814047083, 6.411865990607735], [3.3071826521255914, 6.412318293096271], [3.310347636830917, 6.412316387537871], [3.310799229627199, 6.411411509045673]]], [[[3.333406193720431, 6.411397311979723], [3.3338574499762186, 6.41004011389446], [3.3325007443063255, 6.409588693418641], [3.3311454996321763, 6.411398776523696], [3.3325019161484017, 6.411397898992971], [3.332502209161671, 6.411850200366628], [3.3343110604429747, 6.412301325944394], [3.33431047120783, 6.411396723372262], [3.333406193720431, 6.411397311979723]]], [[[3.341545290017898, 6.41229655901529], [3.341544989014494, 6.411844258072165], [3.342901103073269, 6.411391052090247], [3.342448662991314, 6.410939053249548], [3.342899894582888, 6.409581848463591], [3.3415434843225853, 6.409582753236964], [3.3401879730323167, 6.41094055754175], [3.3370233031599454, 6.411394947984624], [3.33702360015745, 6.411847249148417], [3.334763199951741, 6.41230103100089], [3.334763494999617, 6.4127533322540256], [3.339285191953147, 6.4132026617181035], [3.3401888723917064, 6.412297460587362], [3.341545290017898, 6.41229655901529]]], [[[3.3519463467563826, 6.4150033302707], [3.3505896143657425, 6.414551959281647], [3.3505889962207065, 6.413647358334965], [3.3496840998491773, 6.412743374791217], [3.343806591684449, 6.413199650070519], [3.343807197828488, 6.414104251686129], [3.3460675957875092, 6.41365043000049], [3.3469724878185416, 6.414554420153442], [3.3483289104396743, 6.41455350031713], [3.3483292175524593, 6.415005800888045], [3.3496856411705096, 6.415004877397361], [3.349685949501349, 6.415457177894661], [3.3505899234716336, 6.415004259743024], [3.3514948255569474, 6.415908241304378], [3.3537558466466324, 6.416358986264038], [3.353755222741912, 6.415454385690262], [3.3519466570804717, 6.415455630658036], [3.3519463467563826, 6.4150033302707]]], [[[3.356014987645372, 6.41409591992068], [3.355563474530878, 6.415000834131707], [3.3582763194148493, 6.414998945278913], [3.3573714077297874, 6.41409497622661], [3.356014987645372, 6.41409591992068]]], [[[3.328887414202802, 6.415470944672359], [3.3288871242099574, 6.4150186431966425], [3.327078555390413, 6.415019800344748], [3.327078267012942, 6.414567498778809], [3.32165227977898, 6.414118629878197], [3.321652846946475, 6.4150232335060755], [3.3234614167568353, 6.41502209549947], [3.323914130394022, 6.41592641339449], [3.3257227029829055, 6.415925267249349], [3.325722990226511, 6.416377568852746], [3.327079420647366, 6.416376704994707], [3.3270797091078648, 6.41682900652874], [3.3302447154865407, 6.416826976755451], [3.3302441330041375, 6.415922373967864], [3.328887414202802, 6.415470944672359]]], [[[3.357373613643664, 6.417261077014487], [3.357825125245219, 6.416356161355059], [3.3546601309375372, 6.416358361298508], [3.35511321266357, 6.417714948818298], [3.357373613643664, 6.417261077014487]]], [[[3.3451684911520543, 6.421340151027747], [3.346523708811527, 6.419530032767623], [3.3483322898961134, 6.419528806158371], [3.3496871830466257, 6.41726637980408], [3.3478783033796136, 6.416815310211895], [3.34787768979675, 6.415910709082263], [3.3460694265714523, 6.416364234055022], [3.346069731778976, 6.416816534702857], [3.344712998836481, 6.416365148169939], [3.344712694847044, 6.415912847449167], [3.3424519835118294, 6.415914362889082], [3.342452285507724, 6.416366663717549], [3.341095556449682, 6.41591526736702], [3.3406440148760366, 6.416820169882246], [3.3397394287963564, 6.416368469212212], [3.339740327736639, 6.417725372034643], [3.340644916273773, 6.41817707255278], [3.340645517313688, 6.419081674293236], [3.3420028581280175, 6.420437672920695], [3.343359297024992, 6.4204367654052685], [3.344264197154331, 6.42134075971653], [3.3451684911520543, 6.421340151027747]], [[3.343357479415301, 6.4177229610036415], [3.342905638013082, 6.418175564553903], [3.342905335531433, 6.417723263778836], [3.343357479415301, 6.4177229610036415]], [[3.343357479415301, 6.4177229610036415], [3.343809320019903, 6.417270357089502], [3.3438096232773793, 6.417722657829501], [3.343357479415301, 6.4177229610036415]], [[3.345165750278724, 6.417269445238185], [3.3442620707957573, 6.4181746549668635], [3.344261463461367, 6.417270053537983], [3.345165750278724, 6.417269445238185]]], [[[3.323013833760176, 6.422259207503628], [3.323013548642354, 6.421806905881963], [3.325726438762133, 6.4218051874711595], [3.3257267262744676, 6.422257488970815], [3.3270828835433375, 6.421804322876474], [3.3275353208709353, 6.422256335297581], [3.3275338755354285, 6.419994828129011], [3.326177435604572, 6.419995693675425], [3.326177147796655, 6.419543392156291], [3.324820995487412, 6.419996555630004], [3.3243685625282753, 6.419544540549311], [3.324368848740425, 6.419996842150011], [3.3225602615469083, 6.419997984239107], [3.3225608308410823, 6.420902587578786], [3.3216565355254426, 6.4209031563095476], [3.3212035375171736, 6.419546534873097], [3.3207516740258587, 6.419999119942705], [3.320299244472966, 6.4195471010883045], [3.3184909391667503, 6.420000530592592], [3.318491220212859, 6.420452832447269], [3.320300092398952, 6.4209040064120595], [3.319848791561189, 6.422261194293377], [3.3221095360911064, 6.422259777154018], [3.322109251771456, 6.421807475491911], [3.323013833760176, 6.422259207503628]]], [[[3.3288914762941957, 6.421803164494674], [3.3284393281377183, 6.421803454688932], [3.32843845854225, 6.42044655051116], [3.327986311562011, 6.420446840244486], [3.3284401979207843, 6.423160358794853], [3.329344496607545, 6.423159777883418], [3.3288914762941957, 6.421803164494674]]], [[[3.3528559209435893, 6.422691813376836], [3.3537602164941016, 6.422691189386576], [3.353309628460317, 6.424953002428051], [3.354666077672981, 6.424952064313126], [3.355118854608976, 6.425856350914469], [3.3564753059471233, 6.425855407872928], [3.356475935676806, 6.426760007812248], [3.357380553750803, 6.427211676944027], [3.3578323892074438, 6.426759061041271], [3.3573786599056286, 6.424497877346642], [3.358734157101341, 6.423140028810767], [3.3587335237424236, 6.422235428967805], [3.3600896471123525, 6.4217821770142525], [3.3600890114958246, 6.420877577258562], [3.3591850367700746, 6.421330512174568], [3.359184402795277, 6.420425912312724], [3.3578276504782276, 6.419974561725021], [3.3578270190337243, 6.419069961680423], [3.3564705858590256, 6.419070907309503], [3.356019383835771, 6.4204281220445685], [3.356923990061499, 6.4208797927353345], [3.356925250212173, 6.42268899284407], [3.356020954976983, 6.422689622423927], [3.355114779138175, 6.419976449660082], [3.354209863449124, 6.419072475377371], [3.3533055743276092, 6.419073099811308], [3.353304950951217, 6.418168499288966], [3.3519482090359394, 6.417717132475041], [3.3496890340302974, 6.419980182428803], [3.3510454706088013, 6.4199792546243035], [3.3505939438728887, 6.4208841650148045], [3.351498856907546, 6.421788145796458], [3.3524031509959586, 6.421787524289999], [3.3528559209435893, 6.422691813376836]], [[3.3510454706088013, 6.4199792546243035], [3.351497305941945, 6.419526644228378], [3.351497616090451, 6.419978944557962], [3.3510454706088013, 6.4199792546243035]], [[3.351498546669811, 6.4213358454988105], [3.351950382711684, 6.420883234683648], [3.3519506933261343, 6.421335534967232], [3.351498546669811, 6.4213358454988105]]], [[[3.3080907368699557, 6.418649984106429], [3.3080910086810307, 6.419102286436778], [3.3071867152781422, 6.4191028294675405], [3.308090465078433, 6.418197681768102], [3.3085415223870998, 6.416388200337055], [3.3067329451529677, 6.416389285935715], [3.306281611209017, 6.417746463656071], [3.304925174431739, 6.4177472726427505], [3.3049246365294827, 6.416842667657197], [3.299951042301979, 6.416845602805004], [3.2999592523570036, 6.4308669829587295], [3.3008638330840987, 6.431318754138084], [3.300864365030204, 6.432223358954391], [3.2999600478493627, 6.432223890308183], [3.2999624353545203, 6.436294611924788], [3.3013189218935035, 6.436293813785413], [3.301319188467074, 6.436746116090727], [3.3031275703442606, 6.436292743997928], [3.303580000982532, 6.43674477776127], [3.30448378712611, 6.4358396352756975], [3.3058402718883872, 6.435838825190187], [3.3058405424426227, 6.436291127313175], [3.3085532408880396, 6.435837194216771], [3.3085529679535175, 6.435384892201337], [3.3121694273722078, 6.434025789693517], [3.3121688752823015, 6.433121185901985], [3.312621034156897, 6.433120909589579], [3.31262048134672, 6.432216305805231], [3.313524797437307, 6.432215752059176], [3.3139758452744026, 6.430406267157424], [3.315332593118586, 6.430857734386566], [3.3157841916486754, 6.4299528517851385], [3.316688503463058, 6.429952292639294], [3.3171395383734077, 6.428142805431924], [3.3189484370969944, 6.428593982754715], [3.3198533115094335, 6.429498021410792], [3.319853876868366, 6.430402624656652], [3.3207581891183513, 6.430402058275722], [3.3207570552852106, 6.428592851912678], [3.319400309465558, 6.4281413989727145], [3.31939974510852, 6.427236795606865], [3.3189475917294082, 6.427237077657896], [3.3189473099806985, 6.426784775942974], [3.319851615919846, 6.4267842114814115], [3.3193988987249976, 6.425879890498166], [3.320754505351562, 6.4245221371283865], [3.3198496386556418, 6.42361809953364], [3.318945338306517, 6.423618663714873], [3.3189447751532155, 6.422714060149255], [3.3171358974557337, 6.422262881685823], [3.3175877661950084, 6.421810299589215], [3.317135057727016, 6.420905976014311], [3.316230761924893, 6.420906535165451], [3.315325909515874, 6.4200024887404705], [3.313969467936177, 6.420003321960283], [3.3139691908997175, 6.419551019899376], [3.316229924771149, 6.419549629302984], [3.315777220832536, 6.4186453042325615], [3.319394669543938, 6.419095363876603], [3.318941960601203, 6.418191041842211], [3.318037669747468, 6.418191603946965], [3.3180373892012502, 6.4177393020324365], [3.3139680829531333, 6.41774181157596], [3.3144207829030248, 6.418646138471873], [3.3130643447939265, 6.418646969120095], [3.3135159377144454, 6.417742088419361], [3.3117076315236242, 6.41819549399432], [3.311254936679102, 6.417291164433687], [3.3098985017434503, 6.417291986527454], [3.309446902642811, 6.418196864345302], [3.3080907368699557, 6.418649984106429]], [[3.3148801580481027, 6.4304057111699], [3.3135234117624797, 6.429954242654675], [3.3135231346872116, 6.429501940749795], [3.3144271680479735, 6.429049083766999], [3.314426334604321, 6.427692178098538], [3.3153306425436933, 6.427691621548408], [3.315332035711406, 6.429953130758483], [3.3148801580481027, 6.4304057111699]], [[3.314426334604321, 6.427692178098538], [3.313973903229478, 6.427240153849073], [3.314426056829681, 6.427239876193072], [3.314426334604321, 6.427692178098538]], [[3.3130695959693206, 6.42724070796243], [3.313069319412847, 6.426788405989966], [3.313973625874198, 6.426787851915919], [3.313973903229478, 6.427240153849073], [3.3130695959693206, 6.42724070796243]], [[3.3098987750910744, 6.4177442888042515], [3.3103511942542525, 6.418196317401858], [3.3112554857869103, 6.418195768862481], [3.3112557603704444, 6.418648071064911], [3.3098993218453234, 6.418648893333913], [3.3098987750910744, 6.4177442888042515]], [[3.3067432384873023, 6.433576772589837], [3.30764755748834, 6.433576229124622], [3.307647829544856, 6.434028531210679], [3.306743509744148, 6.434029074714412], [3.3067432384873023, 6.433576772589837]], [[3.3171378575271877, 6.425428994639914], [3.318042161231976, 6.425428433493968], [3.3180427230308607, 6.4263330370436185], [3.3171386978597224, 6.426785900071868], [3.317139258182051, 6.427690503653229], [3.3162349504030133, 6.427691063399973], [3.316234112346128, 6.426334157896826], [3.3171378575271877, 6.425428994639914]], [[3.3139733485388447, 6.426335549974775], [3.314425223625497, 6.425882970428737], [3.3144255013402697, 6.42633527235817], [3.3139733485388447, 6.426335549974775]], [[3.3035716841601888, 6.422723405518329], [3.304023565843256, 6.422270834803239], [3.302214967090227, 6.422271905435239], [3.3017622846517107, 6.421367567002934], [3.3008579867180297, 6.421368099049463], [3.300857455688469, 6.420463493849773], [3.3035703444712525, 6.42046189314735], [3.3040230291502657, 6.421366229900918], [3.304927326814826, 6.421365692265837], [3.306736734163526, 6.422721519202395], [3.3080931838735244, 6.4227207047922805], [3.308093999893334, 6.424077611543885], [3.30538082348205, 6.423626934758923], [3.3062859363679316, 6.424983301471815], [3.3044773284205364, 6.424984380548064], [3.3035716841601888, 6.422723405518329]], [[3.314876541785172, 6.4245257866553205], [3.315328414516035, 6.424073206396847], [3.3153286929494477, 6.424525508318747], [3.314876541785172, 6.4245257866553205]], [[3.3022155006673364, 6.4231765104576555], [3.3026676511827007, 6.423176243360593], [3.3026681856349103, 6.424080848313152], [3.302216034321166, 6.4240811154481365], [3.3022155006673364, 6.4231765104576555]], [[3.3130662786030056, 6.421813083765734], [3.3135181507349842, 6.421360505095869], [3.313518427452088, 6.421812807144519], [3.3130662786030056, 6.421813083765734]], [[3.308995847282239, 6.420006346369244], [3.3108047111510666, 6.420457554361519], [3.310805259737389, 6.421362158717602], [3.308996665344109, 6.421363253148476], [3.308544244388823, 6.420911223487121], [3.308995847282239, 6.420006346369244]]], [[[3.366422609488599, 6.425848382385011], [3.364614009672936, 6.425849674126784], [3.364614653779237, 6.426754273252395], [3.3632585221679974, 6.427207537620624], [3.3632588430807355, 6.427659837231895], [3.3664235804751277, 6.4272052807864615], [3.366422609488599, 6.425848382385011]]], [[[3.3876647349976405, 6.41407296540396], [3.386759094490527, 6.412264453798514], [3.387211231343623, 6.412264112616981], [3.387209525357189, 6.410002619357171], [3.388113111190102, 6.409097338778799], [3.3867556871150652, 6.407741466836945], [3.3863049152833105, 6.409551002354807], [3.385400646234947, 6.409551682434615], [3.3844984098574695, 6.412266153727206], [3.384046272857544, 6.4122664925171495], [3.3835927837436923, 6.41045763554346], [3.3826891872118994, 6.4113629087327455], [3.3835934597397843, 6.411362233241928], [3.383142674178469, 6.413171766583967], [3.3840466113392584, 6.412718791314405], [3.384047965509833, 6.414527986423656], [3.3849522434705586, 6.4145273082041285], [3.3849515647422463, 6.413622710761878], [3.3876647349976405, 6.41407296540396]]], [[[3.367770297332039, 6.413635322400611], [3.3686755504998906, 6.414991571685466], [3.3700319710407656, 6.414990594360271], [3.370031644794262, 6.41453829487017], [3.37048411117413, 6.414990267787662], [3.3731969514795797, 6.414988299977805], [3.373196293429627, 6.414083701315781], [3.374552710871405, 6.414082712168071], [3.375456327106464, 6.413177452283421], [3.377719349303677, 6.416341885620111], [3.3731976096242664, 6.415892898607916], [3.373197280540081, 6.41544059929685], [3.368676200671386, 6.4158961707806546], [3.3686791276012578, 6.419966866313944], [3.369131597922042, 6.420418840123913], [3.3700358878304706, 6.420418187618951], [3.3704886866745336, 6.421322459486056], [3.3741051912526414, 6.420415231590595], [3.3759124432193355, 6.418604711014008], [3.377721015137659, 6.418603380838933], [3.377720348732154, 6.417698782775352], [3.3786239650475713, 6.416793517387981], [3.3786229633707126, 6.415436620327099], [3.3777183500909356, 6.414984988393039], [3.377717018142863, 6.413175791978567], [3.377264879983408, 6.413176124836851], [3.3777153537470928, 6.410914296280996], [3.379070760170102, 6.409556398369275], [3.3804271647264454, 6.409555394385927], [3.380426829601485, 6.409103095341147], [3.381331434310017, 6.4095547230715475], [3.381330762491214, 6.408650125069524], [3.3786176247462794, 6.408199834789777], [3.3768080941547005, 6.406844268178725], [3.3749998937146013, 6.407297892079786], [3.3750008845375685, 6.408654790138292], [3.3740966158758936, 6.40865545020271], [3.374551060183458, 6.411821215724973], [3.373646127382477, 6.410917276594093], [3.371385445237574, 6.410918918375541], [3.3722903742912282, 6.4118228617256765], [3.373194319848159, 6.41136990513825], [3.372743497076831, 6.413179431493555], [3.3700290356675913, 6.410919898662215], [3.3686729507497595, 6.4113731749856075], [3.3682214627110665, 6.412278099047363], [3.367769324851849, 6.412278423487694], [3.3677686766484145, 6.4113738241725375], [3.3659598056927367, 6.410922818002319], [3.3659604506622762, 6.411827417517411], [3.3673168632543513, 6.411826447852791], [3.365961418290763, 6.41318431673024], [3.368674250437657, 6.41318237339935], [3.368674575418121, 6.413634672982844], [3.367770297332039, 6.413635322400611]], [[3.375003197290713, 6.4118208853291145], [3.3750038582915005, 6.412725483883293], [3.37455172038733, 6.412725814326142], [3.374551060183458, 6.411821215724973], [3.375003197290713, 6.4118208853291145]], [[3.3740989230524345, 6.41182154572226], [3.3736471151908356, 6.412274174672449], [3.3736467858976718, 6.411821875320972], [3.3740989230524345, 6.41182154572226]], [[3.368674250437657, 6.41318237339935], [3.3691260636915175, 6.412729748547213], [3.3691263890470875, 6.4131820481155595], [3.368674250437657, 6.41318237339935]], [[3.3691260636915175, 6.412729748547213], [3.3695778761484014, 6.412277123334757], [3.3695782018790204, 6.412729422887922], [3.3691260636915175, 6.412729748547213]], [[3.3750068339730364, 6.4167961769822055], [3.375458644315745, 6.416343546751251], [3.3754589754409494, 6.41679584592902], [3.3750068339730364, 6.4167961769822055]], [[3.370031318571241, 6.414085995372094], [3.3704831313093027, 6.413633369363065], [3.370483457907401, 6.414085668845909], [3.370031318571241, 6.414085995372094]]], [[[3.3917377799639983, 6.419045153798987], [3.3912856373778775, 6.419045499334646], [3.39083108164587, 6.415879756055266], [3.391734670425414, 6.414974469062364], [3.392638948345454, 6.414973777236531], [3.3930903941414146, 6.414068834177126], [3.3948985982733846, 6.413615146155452], [3.3944457652783377, 6.4127108977392515], [3.393993975696404, 6.413163543575804], [3.392185080753765, 6.412712631671993], [3.3912814965584563, 6.41361791924762], [3.3899250830048633, 6.413618952578936], [3.3899261142872477, 6.414975847928829], [3.3903782533589784, 6.414975503810362], [3.3899268019325617, 6.415880444788853], [3.3903789418016026, 6.415880100621472], [3.390380318984138, 6.417689294147904], [3.3908324604233693, 6.41768894948375], [3.390381696563061, 6.419498487546594], [3.3912859826075676, 6.419497797623339], [3.3903823855011703, 6.420403084198025], [3.3912866731414444, 6.420402394176763], [3.39128736377465, 6.421306990698239], [3.392191652911591, 6.4213062989823175], [3.3917377799639983, 6.419045153798987]], [[3.390830047823172, 6.4145228609000915], [3.3903775650154486, 6.414070906967332], [3.3908297032652106, 6.414070562499072], [3.390830047823172, 6.4145228609000915]]], [[[3.384955638577887, 6.419050294936529], [3.3858609458178988, 6.420406510357888], [3.386764892661587, 6.4199535298021795], [3.386764210155647, 6.419048932745018], [3.384955638577887, 6.419050294936529]]], [[[3.365966582506119, 6.420421111319245], [3.365061325828161, 6.419064857672899], [3.363705214649104, 6.419518122187642], [3.3650626143407156, 6.420874056279976], [3.365966582506119, 6.420421111319245]]], [[[3.373654365639615, 6.4222247583860845], [3.3732018898739096, 6.421772788925366], [3.3732025487291226, 6.422677387315961], [3.372298255160005, 6.422678045642165], [3.3722985838248736, 6.423130344872218], [3.3745593195656194, 6.423128695945259], [3.374558658268329, 6.422224097711271], [3.373654365639615, 6.4222247583860845]]], [[[3.3817956927133945, 6.425837144534066], [3.3822461540874875, 6.423575313629868], [3.38134152320782, 6.423123689272291], [3.3813401767630213, 6.421314494193998], [3.3799827352675655, 6.419958605821899], [3.377721681639049, 6.419507978870579], [3.377270203696962, 6.42041291010721], [3.375914101673978, 6.42086620650569], [3.3759150970330443, 6.422223103704867], [3.377272201669747, 6.423126704056637], [3.377726349833607, 6.4258401641975365], [3.3790831324972475, 6.426291460058924], [3.3795366232488613, 6.428100320024696], [3.3799887744547683, 6.428099984387495], [3.3799881030481114, 6.427195386896967], [3.3808924037898183, 6.42719471451919], [3.380891394464544, 6.42583781836654], [3.3817956927133945, 6.425837144534066]]], [[[3.395810555434001, 6.423565006082385], [3.395810904903868, 6.424017304044472], [3.395358409082391, 6.42356535545723], [3.3944541163039252, 6.423566053009005], [3.394454464576238, 6.424018351045406], [3.3953594563697114, 6.424922249393911], [3.3962637514430916, 6.424921550096033], [3.3958123030345373, 6.42582649581289], [3.3967165996547872, 6.425825795616867], [3.3971669943379967, 6.423563955562025], [3.395810555434001, 6.423565006082385]], [[3.3962634015237425, 6.42446925217476], [3.3967151983300687, 6.424016604047185], [3.396715548623482, 6.424468901951595], [3.3962634015237425, 6.42446925217476]]], [[[3.397171204010668, 6.4289915296846285], [3.397169800383136, 6.427182338438353], [3.39536155162183, 6.427636037051439], [3.3958130022505943, 6.426731091649135], [3.39400370949282, 6.425827891411584], [3.3940047535623035, 6.427184785451043], [3.3949087039324923, 6.426731790346516], [3.394909750548498, 6.428088684189631], [3.3958144009841584, 6.428540283225675], [3.3949107973900774, 6.429445577960772], [3.3967197541083225, 6.429896476180921], [3.3962669018489504, 6.428992231027732], [3.397171204010668, 6.4289915296846285]]], [[[3.376824714409845, 6.429459222130483], [3.3768240484517484, 6.428554624355812], [3.376371896678352, 6.42855495721948], [3.3759204092410875, 6.42945988755258], [3.3750161039768947, 6.429460551375969], [3.375016766834043, 6.430365149307186], [3.3759210736965426, 6.430364485389646], [3.376824714409845, 6.429459222130483]]], [[[3.3817983911218485, 6.4294555337320505], [3.3817987285319475, 6.4299078323458145], [3.383607678151388, 6.430358777533559], [3.383608356289806, 6.43126337452916], [3.384060510074552, 6.431263035127196], [3.3840594917045923, 6.429906139693989], [3.3817983911218485, 6.4294555337320505]]], [[[3.3718863309751184, 6.477858823989344], [3.3723378636756327, 6.476953896052307], [3.3709812788422706, 6.476954888935034], [3.3705297436554598, 6.4778598158037495], [3.369173484853851, 6.478313102407787], [3.3691741423837254, 6.4792176992117], [3.370530733539084, 6.479216710813004], [3.3705300735931423, 6.478312114148224], [3.3718863309751184, 6.477858823989344]]]]}}]}