{"type": "FeatureCollection", "features": [{"type": "Feature", "properties": {"regime": 0}, "geometry": {"type": "MultiPolygon", "coordinates": [[[[3.2999473320597317, 6.4096092780646154], [3.2999515617494373, 6.416845082567986], [3.307681824361469, 6.416843197677637], [3.3080907127461434, 6.417744859176894], [3.3117068364930526, 6.4177426721873925], [3.3120707474856634, 6.416847056770945], [3.3162277309341683, 6.416835297751307], [3.318399645735058, 6.415033955315421], [3.319643378685917, 6.415100717084067], [3.319855940366083, 6.415928961962525], [3.3211563880899755, 6.415025722734562], [3.3285231961659685, 6.415027567405777], [3.3297936729660296, 6.417731350450989], [3.3331719265269757, 6.418687694969675], [3.336126066682933, 6.421345645792133], [3.3385994600967743, 6.42139794351775], [3.3406493439899982, 6.424056463018506], [3.3442669326170154, 6.425411465248344], [3.343860010175977, 6.426766463222068], [3.3426601361612245, 6.426693219641711], [3.342458113031036, 6.425865499549812], [3.339746245557014, 6.425867307046125], [3.339382378320094, 6.426762939693812], [3.328895771994508, 6.427683601097019], [3.3278899435801925, 6.43023217110188], [3.3257991109139184, 6.431750880869717], [3.3243749178671402, 6.430400297023175], [3.3192286665608877, 6.430368585872067], [3.318043608441766, 6.428595066032765], [3.3171403386696476, 6.428595626812129], [3.3151674969233995, 6.43120747032311], [3.3135247631918383, 6.431311667934525], [3.310648122701291, 6.4348286529248595], [3.3071972765588193, 6.435838531123478], [3.3069582534670854, 6.43668935202481], [3.2999632208048917, 6.436747433913895], [3.2999648128384886, 6.439460208052129], [3.3032176661110006, 6.439467497930028], [3.3044859614537283, 6.440362137097303], [3.3074769920889664, 6.437681481230537], [3.3095899266517304, 6.437665251626629], [3.310815177780082, 6.438549115796422], [3.3110161488333, 6.437721135967772], [3.31262327930828, 6.437643408417763], [3.312824247113038, 6.436815428007076], [3.314431374197119, 6.436737694917469], [3.316647265275347, 6.434929816962029], [3.3187871357553766, 6.4350289764638475], [3.318050271777902, 6.437640058461636], [3.319857882566156, 6.437638929866135], [3.3199335993663683, 6.43603121201153], [3.3220726175932023, 6.434021823448242], [3.3250817202631446, 6.434998570086449], [3.327093520169316, 6.437634348197835], [3.33211051717608, 6.436729206847098], [3.3334243792126528, 6.438534857495217], [3.3415516853408938, 6.438530007479111], [3.3418830997941327, 6.43764466033307], [3.3460832749454883, 6.437621836291114], [3.346284187876749, 6.436793845483126], [3.3474839850605513, 6.436718982470142], [3.3497022232174567, 6.438523972380794], [3.351167754449338, 6.438084741483998], [3.352415818252455, 6.439426707654745], [3.3539849714987673, 6.4394795494021135], [3.3542356761604464, 6.440330568666415], [3.35693703554037, 6.440328167635684], [3.357175975624564, 6.439477327660563], [3.358745052998845, 6.439422300952023], [3.3598496318755138, 6.437689070805633], [3.3614567468263745, 6.437611190014719], [3.363464987497759, 6.4349727132530825], [3.3668807244343344, 6.434893526419141], [3.3672445474753316, 6.433997876809349], [3.3719862483927625, 6.434909831567674], [3.3723083154227935, 6.435794199760911], [3.3747416464246873, 6.43582737019921], [3.3768418122367314, 6.437600592474562], [3.378638831020532, 6.437598743774311], [3.3790465223021338, 6.43669654155407], [3.3858726996757142, 6.436688733840541], [3.387959631767159, 6.434912908778151], [3.3929733344340716, 6.434102527693126], [3.3958014790170847, 6.437002661450304], [3.39471746871016, 6.439320059519123], [3.391301717466758, 6.439399433940693], [3.390159203211454, 6.441155574284417], [3.385877838392927, 6.442117351611693], [3.3855570791543927, 6.443002195108429], [3.3831655369055698, 6.44302399172305], [3.3802149963403005, 6.445686063434943], [3.3777415720541915, 6.445741827419707], [3.3775407080970172, 6.446569827659841], [3.3759335703757607, 6.446647760526931], [3.375732703173307, 6.447475760217415], [3.373221886092338, 6.448458947546236], [3.3731691226442737, 6.450028575367736], [3.372318867120664, 6.450268803584432], [3.3723019441508644, 6.454470282023185], [3.3714173066930093, 6.454803034441581], [3.3714204549975517, 6.458409800264085], [3.373126793162678, 6.459479033844741], [3.37322816132343, 6.46071482541552], [3.370520047429423, 6.46383908268173], [3.3705226810022273, 6.467456431351842], [3.371426014467449, 6.467455772373301], [3.372693558156742, 6.465654860997803], [3.378649742029893, 6.466546368155697], [3.37886119046406, 6.465717839962286], [3.380061046365675, 6.465642896812285], [3.381320739778159, 6.466783458943885], [3.381375829603779, 6.468353004273882], [3.3829049407226464, 6.468386804132563], [3.3839865965270235, 6.469421518617325], [3.3840909992819923, 6.471064748753657], [3.384995200386714, 6.471516882534741], [3.384093049555695, 6.473778535166274], [3.3868082635572287, 6.476490261980408], [3.388484175733986, 6.476621977563548], [3.3895235065409484, 6.479201972264004], [3.3912982617746357, 6.480384932949904], [3.391335079318995, 6.482818958636251], [3.392237095921665, 6.483226746489908], [3.392245773023121, 6.490959606949166], [3.3937749510794535, 6.490993369931341], [3.3949059862500084, 6.492101740559762], [3.394962535779198, 6.495480467203085], [3.395832232476582, 6.495759518449172], [3.3967749203232334, 6.50000201910284], [3.3994871651540937, 6.499999885186563], [3.3994714853509187, 6.4800998752601435], [3.3968099145256656, 6.477148574072589], [3.394943193309577, 6.471962066577742], [3.3931874650225096, 6.47081922708414], [3.3913208071015206, 6.465632701347331], [3.3904157454859063, 6.46472880121984], [3.3870779134800206, 6.464696402694258], [3.3849881785151688, 6.462923745039577], [3.3825547203702486, 6.4628906311317404], [3.380467399852558, 6.460709466301043], [3.3806261939449205, 6.454887802006492], [3.3822689779351416, 6.45478338518473], [3.3842086905192867, 6.452201131312656], [3.385884320931671, 6.4520668704977435], [3.3870268726342774, 6.450310738124477], [3.390403963672505, 6.449349640621451], [3.3915464936857083, 6.447593499233926], [3.3949235567304394, 6.4466323733013144], [3.396066065063017, 6.444876222919221], [3.3994431001079426, 6.443915068588542], [3.3994282640574855, 6.424919610305414], [3.397620714022425, 6.42492101767725], [3.397603284928307, 6.42821789310499], [3.396460187719808, 6.428948655795801], [3.394107607671898, 6.4274716412179025], [3.394003190137368, 6.425828411739158], [3.3931078210258825, 6.425464521041171], [3.393096116520973, 6.422210722289128], [3.3913058972366503, 6.420081376290139], [3.391282702116419, 6.415879931414807], [3.390432147913015, 6.415640973547822], [3.3903770456672784, 6.414071427290967], [3.385191545104007, 6.414926020521723], [3.3831958835028564, 6.412932640050419], [3.3831408041346274, 6.4113630915032465], [3.379522746536783, 6.408651985458026], [3.377715541063298, 6.410462516663602], [3.377618261622731, 6.41843809293058], [3.372297132319039, 6.420417068923163], [3.3720181273330136, 6.421286921504087], [3.3698233623932006, 6.421269533404037], [3.3686878789016697, 6.420055099309381], [3.3686743810504907, 6.41408749286131], [3.367067232281864, 6.414011899826966], [3.3659602538092064, 6.412280237563285], [3.36453833456837, 6.412728134918706], [3.36279884170037, 6.411884341443293], [3.3636544855184067, 6.4104743353922515], [3.3656803964916007, 6.410505146546595], [3.365960647537706, 6.411374597463597], [3.3731832205129004, 6.411369913214074], [3.3740974140000444, 6.410464128140367], [3.3740954375366123, 6.4077513717189705], [3.3713806737227183, 6.405039544660826], [3.369811627340338, 6.4049867503289395], [3.367762327656168, 6.403232949202994], [3.3560079817161856, 6.403241232213158], [3.35564415741124, 6.404136874790262], [3.3514872942565144, 6.40414894785105], [3.3501759277254517, 6.405956349407416], [3.3478708537793067, 6.405056012617221], [3.346835384984863, 6.407637523341268], [3.3448814433618703, 6.409546090888745], [3.342448277939993, 6.409582670037018], [3.3423726316162257, 6.411190389043983], [3.340233788101932, 6.4131998552210385], [3.336441088933549, 6.413185059768229], [3.334309951802171, 6.411397243642213], [3.3318366060321414, 6.411344922661316], [3.331585954756052, 6.410493888732209], [3.313512035555463, 6.410505773149569], [3.3131911656532242, 6.4113905780671745], [3.306686192529235, 6.412316412268998], [3.3044682146906563, 6.410511220665187], [3.3012155456907832, 6.410503930108442], [3.2999473320597317, 6.4096092780646154]], [[3.3954085809949603, 6.4882438861742395], [3.3950313348072734, 6.486636005996976], [3.396562864406108, 6.486510022032903], [3.396688824807679, 6.488041871691777], [3.3954085809949603, 6.4882438861742395]], [[3.3840525277606592, 6.4213129872638905], [3.382032407892377, 6.418651967460997], [3.383812049747357, 6.418652260914008], [3.3867671187157864, 6.422214501984777], [3.389200381987228, 6.422247607413108], [3.391213389281498, 6.424221853097184], [3.3901896519155788, 6.431182168918648], [3.383232253585981, 6.4310626415050764], [3.3822516742500937, 6.4280539655637225], [3.3831529735606334, 6.427644805625884], [3.3832050311234063, 6.4251705801123915], [3.384055239413254, 6.424930336285072], [3.3840525277606592, 6.4213129872638905]], [[3.3497084136908586, 6.419848873257606], [3.3509133041952825, 6.418641919361564], [3.353026170235164, 6.418655421263151], [3.355116238686325, 6.421332829779109], [3.3560194921100943, 6.421332202651802], [3.3573308735566236, 6.419524786201995], [3.3585307309549797, 6.419597996219218], [3.3587327766859936, 6.4204257088923695], [3.361444609821619, 6.420423802396686], [3.362348261050432, 6.419518563885312], [3.3623469831253403, 6.417710404494071], [3.3590942865897104, 6.417703483541977], [3.3587292061165535, 6.416808349532851], [3.355412701649887, 6.417236001139354], [3.3546650705873944, 6.4164247241398975], [3.3551648873994027, 6.415240197936415], [3.3646062876169593, 6.414994482127349], [3.3650602350867023, 6.416802838934837], [3.3659447596384946, 6.417123732181842], [3.365966456033631, 6.419515991806799], [3.3704905141849832, 6.423131136521693], [3.375914576898686, 6.422222584157824], [3.377138967391411, 6.420432482610086], [3.380156124281091, 6.420445205506451], [3.3813317598253962, 6.421678560330693], [3.381341062598861, 6.425429517589067], [3.3795361375159794, 6.426743943248277], [3.3795374779625202, 6.42855209846789], [3.380388049958736, 6.42879107333455], [3.3804431259472922, 6.430360621503084], [3.383080828643005, 6.432369382560906], [3.3831236075909157, 6.4336983189308015], [3.378915769836502, 6.43394623790422], [3.3777305033477893, 6.432172868270219], [3.3761613742341923, 6.432120098298012], [3.3759212188673153, 6.431269603505252], [3.3743520923927757, 6.431216827806411], [3.3741119404951356, 6.430366331934559], [3.3706598120139106, 6.429361059553458], [3.369588444763889, 6.427655823968949], [3.367196940537418, 6.427637550142299], [3.36687488809872, 6.426753177648961], [3.3655639181741686, 6.427656017481177], [3.3591894771467703, 6.427662710312846], [3.358736172053435, 6.42675894815697], [3.3563028809401483, 6.426725699039653], [3.356022636127352, 6.4258562429108395], [3.3543468937621594, 6.42572441030637], [3.351498647769898, 6.422240966372929], [3.3497930970096212, 6.4220762502437445], [3.3497084136908586, 6.419848873257606]], [[3.332592925873218, 6.43421392433659], [3.3336593674600397, 6.433161018087377], [3.3352284318833836, 6.433106064486516], [3.3363330807119396, 6.431372881192331], [3.3379401834381976, 6.431295075209357], [3.339251654802839, 6.429487700971614], [3.3448530906002047, 6.429501253029966], [3.3460800294284914, 6.43128963093572], [3.348471555443525, 6.431308002592134], [3.3487935800263524, 6.432192388120476], [3.35693135182265, 6.432186771750861], [3.357252155931853, 6.431301943397184], [3.360096326604991, 6.431280472519482], [3.3614515416285284, 6.432592082773175], [3.360498748747833, 6.436468700119913], [3.358337094686084, 6.4385163295854255], [3.3554067484288663, 6.438486125612255], [3.354221548964583, 6.436712697735755], [3.3517882095869913, 6.436679429735104], [3.3515079659316784, 6.4358099713472665], [3.3472653776598698, 6.434873321986125], [3.3469745622729383, 6.434003347839409], [3.3451775497785765, 6.434005084481094], [3.3430486937866926, 6.435795724546181], [3.3406571722657077, 6.435817320312356], [3.3403363364732717, 6.436702139797849], [3.3379448099310984, 6.436723723097383], [3.336490978092563, 6.438070377520126], [3.336144573542932, 6.4370884521603084], [3.3370388522065637, 6.435819719680976], [3.3358147276316856, 6.436705131721207], [3.333661658657343, 6.436672611124979], [3.332519681033254, 6.435414192627979], [3.332592925873218, 6.43421392433659]], [[3.339758810938112, 6.416237160269865], [3.341867398453062, 6.41412502476055], [3.349276587392574, 6.413198131235044], [3.3514409812360357, 6.4152427645726915], [3.351493608729284, 6.417309477143255], [3.3487837244174528, 6.417719816159929], [3.3476791461486433, 6.4194530234507585], [3.3460720835882456, 6.419530858001538], [3.345003114062834, 6.421237594905552], [3.3437677305014857, 6.421338915261586], [3.3397941573733037, 6.418390850732277], [3.339758810938112, 6.416237160269865]], [[3.3472610798311027, 6.4285411174507034], [3.3460963158852, 6.42735073012318], [3.346396752149469, 6.425881804787188], [3.3496852256546332, 6.427128754551751], [3.3493309523691774, 6.428565446677727], [3.3472610798311027, 6.4285411174507034]]], [[[3.3930867576127377, 6.408641773746628], [3.3930888347026813, 6.411354524014512], [3.393990722761277, 6.411762317482798], [3.3939972741276265, 6.4167814089833755], [3.3966084932106066, 6.418754471219137], [3.396712916236507, 6.420397700194302], [3.398445630323325, 6.42150248618768], [3.3985236005234505, 6.423110083295477], [3.399426852544444, 6.423109379416364], [3.3994212146016136, 6.415873653853282], [3.398551655290333, 6.415594599628939], [3.3985141252727975, 6.412255973865956], [3.3976187777394844, 6.4118920896001566], [3.3976063498205353, 6.407733694698175], [3.3967013865013764, 6.406829798091763], [3.394893899614246, 6.406831191915991], [3.3930867576127377, 6.408641773746628]]], [[[3.372333414180886, 6.470169940621636], [3.372335400654882, 6.472882690974303], [3.3750488432883783, 6.474689889116262], [3.3759525596164845, 6.4737846243214126], [3.375949884812646, 6.470167278797423], [3.3743806384502286, 6.47011451020008], [3.374129883273851, 6.469263504553532], [3.372333414180886, 6.470169940621636]]], [[[3.2999420510396424, 6.400563219735653], [3.29995421374925, 6.403276511456387], [3.3012989833767437, 6.402371118127739], [3.313098732852627, 6.402366238574804], [3.313507617785605, 6.403267896360818], [3.315315108155111, 6.403266789752947], [3.316626595535852, 6.401459471033545], [3.3279741665701317, 6.4014390699703245], [3.32796249741868, 6.4005455769049355], [3.2999420510396424, 6.400563219735653]]], [[[3.3144368678811316, 6.443975560981174], [3.314437424287797, 6.444879124328988], [3.3171493995022256, 6.444877446013291], [3.318052048129193, 6.442164114241319], [3.316244421014833, 6.442165237232347], [3.3161125021381244, 6.44384152981804], [3.3144368678811316, 6.443975560981174]]], [[[3.3081136104243183, 6.455739268265648], [3.3081152505797258, 6.458452038327446], [3.3099229368142433, 6.45845094136672], [3.3100250972542153, 6.45680755674156], [3.311730555547458, 6.456640631389905], [3.3118062979032046, 6.455032914547494], [3.3135376051208065, 6.453925712550799], [3.313571604323496, 6.452396218231409], [3.314440843964247, 6.452115949503696], [3.3162467431984064, 6.447592856097035], [3.314439096548355, 6.447593973632418], [3.311727724539159, 6.4503094487360375], [3.31074928461227, 6.454631527606555], [3.3081136104243183, 6.455739268265648]]], [[[3.2999786450772914, 6.462980957194172], [3.2999802437349284, 6.465693728543397], [3.3008835806304244, 6.465693195016114], [3.301988414873563, 6.4639600791101275], [3.303595630554745, 6.463882376110077], [3.3054027493270706, 6.461168523487888], [3.2999786450772914, 6.462980957194172]]], [[[3.2999866482863522, 6.476550010364619], [3.2999893192174863, 6.481071986616153], [3.3008926834411727, 6.481071451809462], [3.301131734143672, 6.480220633781101], [3.3027009516337613, 6.480165773199984], [3.3026998738976436, 6.478357607102422], [3.2999866482863522, 6.476550010364619]]]]}}, {"type": "Feature", "properties": {"regime": 1}, "geometry": {"type": "MultiPolygon", "coordinates": [[[[3.395831910453245, 6.451144063844265], [3.3967357403174723, 6.451153944623422], [3.3976379673557333, 6.448440495482149], [3.3958310354938765, 6.449346496673032], [3.395831910453245, 6.451144063844265]]], [[[3.3948890338189748, 6.400499014782176], [3.3948897278331316, 6.401402571755444], [3.3957929420494377, 6.4014018766339476], [3.3957922464479933, 6.400498319759585], [3.3948890338189748, 6.400499014782176]]], [[[3.393124296982001, 6.457489951937016], [3.3931249940979114, 6.45839350709433], [3.395837017930672, 6.458391406214969], [3.3958363160059215, 6.45748785135398], [3.393124296982001, 6.457489951937016]]], [[[3.3904063885461686, 6.451159870837238], [3.3904070801582584, 6.452063426513516], [3.3913103842294023, 6.452062733859033], [3.391309691017195, 6.451159178280547], [3.3904063885461686, 6.451159870837238]]], [[[3.385868280949616, 6.429452999516408], [3.385869644338892, 6.431261153201415], [3.389485833424962, 6.431258411588428], [3.3903866914825573, 6.426735780187394], [3.3885791330628336, 6.426737156016852], [3.388447453553561, 6.428413455112964], [3.385868280949616, 6.429452999516408]]], [[[3.3804626697283835, 6.4565949709457975], [3.38046469527912, 6.459307720197474], [3.3821076483216164, 6.459409676798558], [3.382274768078664, 6.46111555764867], [3.3839177269920966, 6.461217508035784], [3.3840848537279817, 6.462923387777789], [3.385893226880652, 6.463826615800385], [3.3877005791311174, 6.462016049972797], [3.3876985141849962, 6.4593033033206915], [3.385964417098317, 6.459551912306937], [3.3854463574704945, 6.456040661296296], [3.387695760455238, 6.4556838810079915], [3.3876943853674018, 6.453875729440539], [3.385886045770809, 6.452972505550643], [3.3838839358703834, 6.45605946108599], [3.3822706966482605, 6.4556890205339466], [3.382031793027627, 6.4565398697702205], [3.3804626697283835, 6.4565949709457975]]], [[[3.383186621910155, 6.471066471245957], [3.3822836031895034, 6.472875303778757], [3.3840920099458254, 6.47377853595224], [3.3849957077015205, 6.47287325607535], [3.384994338522968, 6.4710651051481864], [3.383186621910155, 6.471066471245957]]], [[[3.3777717890850636, 6.486448663820453], [3.3777724620066576, 6.487352219589917], [3.3795802377334456, 6.487350869374094], [3.3795795615918705, 6.4864473137942396], [3.3777717890850636, 6.486448663820453]]], [[[3.3768312324895002, 6.437601120207365], [3.3768325656498854, 6.439409275227957], [3.378640171345761, 6.439407938272708], [3.3786388317907896, 6.437599783630578], [3.3768312324895002, 6.437601120207365]]], [[[3.362360938938088, 6.436695366617778], [3.3650733844990195, 6.436704019080305], [3.365643695163013, 6.435363066008551], [3.366425117564495, 6.43618490570959], [3.3659793907445734, 6.437607969970059], [3.367655173070069, 6.437739762043887], [3.3677893337646716, 6.439415867785449], [3.3693584859305368, 6.439468662209627], [3.3695986351964065, 6.440319160222831], [3.3730199265961054, 6.439945018140922], [3.374123572330244, 6.444838855364947], [3.377741201108688, 6.446645385404897], [3.3777378559500866, 6.442123439582458], [3.376130619226709, 6.442047880262674], [3.3750589424311626, 6.440941085180759], [3.3750228812531415, 6.439411647169086], [3.373317269782709, 6.43924701324883], [3.373212914129788, 6.4376037764523755], [3.3709894543526837, 6.436428727955524], [3.37140230277973, 6.434891300342227], [3.3704990269797355, 6.434891955975703], [3.3705866626211938, 6.4366921476433285], [3.366672423844806, 6.436651610550802], [3.366870144720814, 6.43489405394311], [3.363264500955953, 6.434897149484354], [3.362360938938088, 6.436695366617778]]], [[[3.3759482503633187, 6.466548892134884], [3.37594891796495, 6.467452448801189], [3.37685225086145, 6.467451780184324], [3.3768515816557927, 6.466548223612197], [3.3759482503633187, 6.466548892134884]]], [[[3.373259084530122, 6.499116354991547], [3.373259750722864, 6.500019910779684], [3.3750675725850803, 6.500018574060892], [3.375066903165928, 6.49911501846011], [3.373259084530122, 6.499116354991547]]], [[[3.3723010764450696, 6.425844659635385], [3.3723030490277135, 6.428557414702584], [3.3741106173141917, 6.428556095995027], [3.374108635155006, 6.4258433414888145], [3.3723010764450696, 6.425844659635385]]], [[[3.3713875150180646, 6.487118370406041], [3.3705378576150054, 6.488262155379934], [3.37234563808922, 6.488260830774664], [3.3732493822801173, 6.487355569609332], [3.373248051879415, 6.48554741724237], [3.3714402812613944, 6.485548744512944], [3.3713875150180646, 6.487118370406041]]], [[[3.3659962621816644, 6.461128562283327], [3.3659982120949894, 6.463841315544142], [3.369614640353029, 6.463838701339128], [3.3705183487360575, 6.46293344637052], [3.370517033084156, 6.461125291706209], [3.3659962621816644, 6.461128562283327]]], [[[3.3696196231133175, 6.46926732359325], [3.369621594831513, 6.471980074879448], [3.370524936423547, 6.471979417043789], [3.370522959886813, 6.4692666660355895], [3.3696196231133175, 6.46926732359325]]], [[[3.366007326987258, 6.476506719454499], [3.3660086297457963, 6.478314873948054], [3.3678170308293724, 6.479218164433936], [3.3678150665239324, 6.476505413365423], [3.366007326987258, 6.476506719454499]]], [[[3.362383964309163, 6.468367934356823], [3.364194657737324, 6.471079395077156], [3.366002378339564, 6.471078096524746], [3.3660010770710653, 6.4692699415160595], [3.364431832765456, 6.469217141988704], [3.364181094483582, 6.468366130433532], [3.362383964309163, 6.468367934356823]]], [[[3.361469315909633, 6.453895006741592], [3.3623749510982677, 6.4557025212785435], [3.365086970305037, 6.455700584965298], [3.3659906735725045, 6.454795338107463], [3.3650850277172553, 6.452987830562197], [3.3623730229400706, 6.452989766055136], [3.361469315909633, 6.453895006741592]]], [[[3.363296864734945, 6.481020031778032], [3.3642007504479907, 6.481029967292497], [3.364199453576286, 6.479221812625927], [3.3632960984664084, 6.479222459937949], [3.363296864734945, 6.481020031778032]]], [[[3.359679800123719, 6.481034231487889], [3.359681722337907, 6.483746984534912], [3.362393891898494, 6.483745054246804], [3.362391955190676, 6.481032302014056], [3.359679800123719, 6.481034231487889]]], [[[3.3587537203670923, 6.450278528785845], [3.3587543558190984, 6.451182087778148], [3.3596576616173466, 6.451181451302374], [3.3605607289401513, 6.44937265497649], [3.3587537203670923, 6.450278528785845]]], [[[3.3524251866303802, 6.452996742037325], [3.353330788868606, 6.454804274569226], [3.3578515100161845, 6.454801119553349], [3.358755225343175, 6.453895884868648], [3.357849606194584, 6.45208836287926], [3.3524251866303802, 6.452996742037325]]], [[[3.3488270131873383, 6.481041807303974], [3.349732658297397, 6.482849342250686], [3.3513756871016556, 6.482951394168043], [3.3533521575529446, 6.485560630201539], [3.35515993185599, 6.485559367405361], [3.355360844535736, 6.48473137434285], [3.357871876118432, 6.483748264560564], [3.3569649290137717, 6.4801315499618095], [3.3556308090935127, 6.479819567412377], [3.3560592635001543, 6.478322989004763], [3.3542515151431167, 6.478324253600568], [3.353108788771842, 6.480080320462986], [3.34973078951344, 6.480136586172539], [3.3488270131873383, 6.481041807303974]]], [[[3.3524340465760907, 6.466554106442], [3.353337907400973, 6.466564062718991], [3.354241022034048, 6.4647552759514095], [3.352433321556274, 6.464756531450154], [3.3524340465760907, 6.466554106442]]], [[[3.3515496163527403, 6.494608908762101], [3.3515508711782327, 6.496417064843645], [3.353358684549654, 6.496415806374713], [3.3533574232716803, 6.494607650646339], [3.3515496163527403, 6.494608908762101]]], [[[3.341562700921494, 6.4376259186718015], [3.3415651187491133, 6.441243282489213], [3.3433749937078976, 6.443051270617986], [3.345017893480442, 6.443153350166421], [3.347821917497342, 6.445963597043544], [3.347899737171106, 6.447571209315913], [3.3497079974606523, 6.448474573041041], [3.3506110967555807, 6.44666579247146], [3.3497415059492543, 6.446386657068553], [3.3487993305539505, 6.4421440320675805], [3.347230168781723, 6.44209117480389], [3.346990055174037, 6.441240664311818], [3.3452816845851125, 6.441524468144094], [3.3442740209912873, 6.436719497498147], [3.341562700921494, 6.4376259186718015]]], [[[3.3397444455389733, 6.423153502191813], [3.3397456447749807, 6.424961665598739], [3.3406489060774476, 6.424961065243177], [3.3406477036532527, 6.423152902006573], [3.3397444455389733, 6.423153502191813]]], [[[3.3370422775677357, 6.439438124631011], [3.337042873551554, 6.440341686098984], [3.3387484836735677, 6.440506441611267], [3.3388533301149765, 6.4430542923969485], [3.3397566234542526, 6.443053691937396], [3.3397548192169095, 6.440340928766916], [3.3388498912577242, 6.439436928501939], [3.3370422775677357, 6.439438124631011]]], [[[3.3298252135354223, 6.466580893841052], [3.330730764373885, 6.468388468569408], [3.333164259107168, 6.468421829137066], [3.334349467497992, 6.4701953037644735], [3.335252809362759, 6.470194708790562], [3.335251617582742, 6.468386547741627], [3.333575736723592, 6.4682546542731965], [3.33344167528798, 6.466578535740026], [3.3298252135354223, 6.466580893841052]]], [[[3.31806549879774, 6.46206537125673], [3.318066628369621, 6.463873535866533], [3.3215827730113943, 6.466751016583726], [3.3216869738474206, 6.468394270678203], [3.326105234528156, 6.467652738658324], [3.325305700227436, 6.471095190090266], [3.3261568503555363, 6.471344835642494], [3.3262117715232926, 6.472914395907674], [3.3313166573133213, 6.472931088747914], [3.3316392730504645, 6.47472008447055], [3.332542623205409, 6.474719493902005], [3.3316352836402876, 6.4701981216279565], [3.3281841169633344, 6.471001775453314], [3.3271331579258563, 6.4698795141962195], [3.327111628588493, 6.4674872479944385], [3.3245003985488073, 6.465513832942156], [3.324396189709058, 6.463870579661512], [3.31806549879774, 6.46206537125673]]], [[[3.328904553577138, 6.442145614236985], [3.3316164498050833, 6.441249841103227], [3.3316158633331714, 6.440346279164682], [3.329808245085929, 6.440347449854406], [3.328904553577138, 6.442145614236985]]], [[[3.3262053918935446, 6.462964821116854], [3.3262059708400264, 6.463868382748486], [3.3271093022184317, 6.463867802811299], [3.327108721668798, 6.4629642412614], [3.3262053918935446, 6.462964821116854]]], [[[3.3244099309287485, 6.483771807289134], [3.3235066770786847, 6.4855805469608985], [3.3253150371360443, 6.486483991318207], [3.3271221106953215, 6.483770065572818], [3.3244099309287485, 6.483771807289134]]], [[[3.3171678970980336, 6.472921161486602], [3.3171684608794663, 6.473824723570696], [3.321224361962302, 6.477774776530873], [3.319884477251178, 6.478347070425839], [3.319887896289575, 6.483773639158872], [3.3226000772825697, 6.483771921618987], [3.3225983532315744, 6.481059158052462], [3.3217287155786037, 6.48077997739686], [3.321253749276135, 6.477783484869885], [3.3228344917769994, 6.4756842852828695], [3.325308081756196, 6.475628779954113], [3.325306924348403, 6.473820617469916], [3.322592035596137, 6.471108543005937], [3.318975537713167, 6.471110825551227], [3.3188436250245585, 6.472787116873429], [3.3171678970980336, 6.472921161486602]]], [[[3.3234773675214626, 6.439446896613746], [3.323477939519815, 6.440350459322592], [3.3243812294903186, 6.440349886311687], [3.3243806558947684, 6.439446323683888], [3.3234773675214626, 6.439446896613746]]], [[[3.3208003171561065, 6.496438522311678], [3.321705895249627, 6.498246109971243], [3.3235137207343772, 6.49824495774224], [3.3244175736591064, 6.497339778441734], [3.323512796270524, 6.495983975997382], [3.3244152570368417, 6.493722416252306], [3.3217035976676175, 6.494628746939339], [3.3216506776928263, 6.496198375325962], [3.3208003171561065, 6.496438522311678]]], [[[3.3217001995024478, 6.49009411964411], [3.3226041044776276, 6.4901041284875385], [3.3235067918716865, 6.487390789317166], [3.321699578888863, 6.488296540635311], [3.3217001995024478, 6.49009411964411]]], [[[3.318989179761369, 6.492821261073988], [3.318990887643785, 6.495534024347762], [3.319894275997321, 6.495533454454121], [3.3207975590286387, 6.493724720414062], [3.318989179761369, 6.492821261073988]]], [[[3.317174675578016, 6.483776382709831], [3.317175805802351, 6.485584545934837], [3.3189841557131956, 6.486488013424153], [3.318982450265999, 6.483775249182577], [3.317174675578016, 6.483776382709831]]], [[[3.3099228766776716, 6.456642774322441], [3.3099239764010058, 6.458450940734021], [3.3108288910953116, 6.459354992539584], [3.3135409442278188, 6.459353329691532], [3.3144447499866487, 6.458448169287023], [3.314001763066436, 6.455185106080425], [3.315346873470117, 6.454829199256708], [3.3150305647981813, 6.453149283923968], [3.316250107180744, 6.453019433301141], [3.316247303768864, 6.448497459021646], [3.3153439986647637, 6.448498018347823], [3.3152910568467524, 6.450067649637634], [3.314440768887076, 6.450307782784273], [3.3148910951096497, 6.453527774189481], [3.313538645337438, 6.4539267517739525], [3.3134370526734753, 6.456474739603687], [3.3099228766776716, 6.456642774322441]]], [[[3.3135481136179656, 6.469304997333893], [3.3135497862383874, 6.472017764547586], [3.315357519715233, 6.472016645961292], [3.315356959310696, 6.471113083654377], [3.314022883266247, 6.470800989163832], [3.314451455770581, 6.4693044394020545], [3.3135481136179656, 6.469304997333893]]], [[[3.3099168303471274, 6.446692137518316], [3.3099184777704207, 6.44940490807733], [3.310821784950441, 6.4494043582835845], [3.310820132725657, 6.446691587957714], [3.3099168303471274, 6.446692137518316]]], [[[3.309044382917513, 6.49915964084538], [3.3090449345047754, 6.500063202701327], [3.3099483318045753, 6.500062650168088], [3.3099477786049816, 6.499159088389583], [3.309044382917513, 6.49915964084538]]], [[[3.30812895179627, 6.481068149649413], [3.3081295002058644, 6.481971712227212], [3.3090328653439096, 6.481971162854636], [3.309032315326566, 6.481067600354048], [3.30812895179627, 6.481068149649413]]], [[[3.299970127212609, 6.448507292511814], [3.2999743830955133, 6.455743086015897], [3.3017815255609575, 6.454837414491523], [3.301883712152764, 6.4531940300620105], [3.3048262762885536, 6.450781237282038], [3.305395968133977, 6.452618604184726], [3.3044950958518093, 6.453931196003486], [3.307207121750137, 6.453929568253841], [3.3081092913978707, 6.4503116481775535], [3.306299508032628, 6.448503530486269], [3.303899558653061, 6.448934568267795], [3.3035753523288713, 6.447600035018585], [3.300873939890426, 6.447602155561023], [3.299970127212609, 6.448507292511814]]], [[[3.301783636909433, 6.456647661523257], [3.3017841719849055, 6.4575512255031065], [3.3026874942865176, 6.457550689445218], [3.3026869576094784, 6.4566471255409885], [3.301783636909433, 6.456647661523257]]], [[[3.299995739312732, 6.491928261866996], [3.2999962741491773, 6.492831824743819], [3.3008996593156286, 6.492831288958707], [3.3008991228686786, 6.491927726157064], [3.299995739312732, 6.491928261866996]]]]}}, {"type": "Feature", "properties": {"regime": 2}, "geometry": {"type": "MultiPolygon", "coordinates": [[[[3.3912865027536503, 6.419498317154062], [3.392192864594312, 6.422210375047904], [3.393077412905857, 6.42253121982644], [3.3930999319282384, 6.425828066487537], [3.3939505043019733, 6.426067018724541], [3.394005620992649, 6.4276365631205525], [3.3963540682861613, 6.427643959904713], [3.3976224835476803, 6.428538361115802], [3.3976203768227773, 6.425825614154081], [3.39597308090015, 6.426172008096776], [3.3958133973531073, 6.424425267363353], [3.3985225610185985, 6.423110084104616], [3.398521154723382, 6.421301932596275], [3.396711177434172, 6.419494144893492], [3.3949036459395363, 6.419495541495136], [3.3944516790986796, 6.42039996653048], [3.3912865027536503, 6.419498317154062]]], [[[3.299944162534075, 6.404181643449353], [3.2999473314522283, 6.409608238198701], [3.3008521388442595, 6.410512314309726], [3.3058689315653673, 6.40960743992975], [3.3062778104607142, 6.410509103555255], [3.3087310551871454, 6.410099276165866], [3.3098954694456517, 6.411411535956943], [3.313500968586677, 6.411409864791453], [3.3139193383292898, 6.410507182087245], [3.3320710853071245, 6.410041818127362], [3.3343115798494996, 6.412300805674413], [3.3370127977772657, 6.412299557598396], [3.3373024384268004, 6.411429193883206], [3.3424478411664205, 6.410486232741588], [3.3427686592223527, 6.409601412093712], [3.345160057823066, 6.40957981295825], [3.3469673816157735, 6.407769390072957], [3.347132051940183, 6.406063262342288], [3.350583225488211, 6.405957729425122], [3.3518076721642074, 6.404167684434573], [3.356007568196856, 6.404144793855254], [3.3564152770877755, 6.403242607721963], [3.3673550351387163, 6.4032348987306635], [3.3695731870099603, 6.405039809096341], [3.3712159650157005, 6.405141811184399], [3.374097135236392, 6.408654929894797], [3.3753641569479496, 6.4077586161875795], [3.378165157955099, 6.407747868996857], [3.378618477585752, 6.408651613633443], [3.3801875345213963, 6.40870438032859], [3.3831425181388366, 6.412266648584565], [3.3870048272862494, 6.4096244041639086], [3.3858679609285462, 6.414978918695722], [3.393993455554562, 6.413163024047478], [3.393120867839742, 6.4089204391297905], [3.395132418819663, 6.40688389526368], [3.3967018972604475, 6.406818174464533], [3.396699291012104, 6.404116008677918], [3.395848754661352, 6.403877058644118], [3.395792942850026, 6.401402916489563], [3.394877414617871, 6.400498503784623], [3.3397400546385563, 6.400537923642938], [3.3384180746127536, 6.40234582407939], [3.3135076184199392, 6.403268936225663], [3.313306662254179, 6.404096917292073], [3.3112694422894142, 6.4046261408150755], [3.299944162534075, 6.404181643449353]], [[3.38856353408175, 6.406835503397741], [3.389876716961247, 6.407093423747759], [3.3892168391063344, 6.408145158319944], [3.3886161417624625, 6.407950207892517], [3.38856353408175, 6.406835503397741]], [[3.3438005350438913, 6.4041536321608], [3.3438899467241603, 6.405954086078482], [3.335219655491356, 6.405604450164497], [3.3355739563823588, 6.404167765252802], [3.3438005350438913, 6.4041536321608]], [[3.3228311049395995, 6.406846627317889], [3.322464039281417, 6.40508050131011], [3.3257127515339255, 6.405467652376293], [3.3249008938347187, 6.406871059880821], [3.3228311049395995, 6.406846627317889]]], [[[3.3813386779575008, 6.418601220878444], [3.381339350068505, 6.419504778672659], [3.3839769975673195, 6.421513539065187], [3.384506327894203, 6.42355142783167], [3.383151983293512, 6.424932053092955], [3.382251062776967, 6.429454675708531], [3.3831016372984513, 6.42969364589085], [3.383156721853035, 6.4312631932138835], [3.3858686048159097, 6.431261153985853], [3.385921330622163, 6.429691526108887], [3.3867715447493025, 6.429451277438032], [3.386487701450858, 6.427742423563659], [3.388579465928378, 6.428545310101026], [3.3887796194975133, 6.426812709853172], [3.3912909895059653, 6.426734049625788], [3.391288916913595, 6.424021300395841], [3.3894789533862055, 6.422213486348546], [3.3869318293094763, 6.4221122303929485], [3.3840504944601038, 6.418599195270413], [3.3813386779575008, 6.418601220878444]]], [[[3.3832078004305317, 6.499108919830483], [3.3832084843786943, 6.5000124745763594], [3.385016304123432, 6.500011102317292], [3.3850156169488774, 6.499107547763754], [3.3832078004305317, 6.499108919830483]]], [[[3.3786680990000986, 6.475592840361695], [3.378669446630707, 6.477400992306573], [3.3795727969194496, 6.4774003178259125], [3.379571446074134, 6.475592166070862], [3.3786680990000986, 6.475592840361695]]], [[[3.3651133499530417, 6.49098092311293], [3.3651198691849267, 6.50002584946996], [3.3732587110579035, 6.500019911546563], [3.3734976458360264, 6.499169065847473], [3.375066902395584, 6.499113978605924], [3.3750730317110436, 6.49495557284013], [3.3759679738054382, 6.494590330243888], [3.3760699210350116, 6.4929469455642606], [3.3786798839599963, 6.492779118172665], [3.3787326271661424, 6.491209493135281], [3.3795829463761478, 6.490969250787394], [3.379580238511637, 6.487351909228219], [3.375963647028646, 6.487354603985765], [3.375511592585031, 6.4882590153983335], [3.372346014379625, 6.487357273710084], [3.3720669794004436, 6.488227126142607], [3.369114696209734, 6.488711116581825], [3.3678583268422644, 6.487985415424086], [3.3678216199886633, 6.485551381985138], [3.3669182539812574, 6.485552036378702], [3.366015152861355, 6.487360843762627], [3.3673501556544783, 6.4888571937741775], [3.366016459350582, 6.489171077194136], [3.365963676545543, 6.490740703270858], [3.3651133499530417, 6.49098092311293]]], [[[3.377720202552783, 6.4167947042253735], [3.377720868097382, 6.417698262463628], [3.3786241128202, 6.417697595844173], [3.378623445684176, 6.416794037700529], [3.377720202552783, 6.4167947042253735]]], [[[3.357830381367375, 6.423141181195984], [3.3578316444402057, 6.424949341106377], [3.3590987355021658, 6.424053064269178], [3.361345166001158, 6.424208156599564], [3.3614507556204942, 6.427660597855892], [3.3665114732369252, 6.426761608960571], [3.3668765750635625, 6.427656735909867], [3.369388069628046, 6.427731674961814], [3.3704950956166653, 6.429463326206955], [3.372864884944047, 6.42902337961087], [3.374815209697222, 6.429536924793328], [3.375017286214269, 6.430364628997554], [3.3759205535534274, 6.430363965843256], [3.3770630966849784, 6.4286078551217045], [3.3786321351621305, 6.4285527693613185], [3.378630129047866, 6.425840016270269], [3.3759145776615602, 6.422223624015042], [3.3708108765728437, 6.42311194865823], [3.3704888213163273, 6.422227578477355], [3.368813089812107, 6.422095792751803], [3.3668697059150445, 6.419516385583287], [3.3632535902981124, 6.419518962567379], [3.362846522836696, 6.421325753113012], [3.3596370683868404, 6.420426114604947], [3.3595614763330897, 6.422033832620394], [3.357830381367375, 6.423141181195984]], [[3.374102183425954, 6.428192562022259], [3.3723360178660022, 6.428728430849152], [3.3723095089210853, 6.426208193747285], [3.3737452213519936, 6.425851777894067], [3.374102183425954, 6.428192562022259]]], [[[3.3731968135526547, 6.414084220866387], [3.373198128992628, 6.415892378300579], [3.375909933733466, 6.415890396612983], [3.3759086087355343, 6.41408223974179], [3.3731968135526547, 6.414084220866387]]], [[[3.3714263944936587, 6.466552214479655], [3.3714277144915132, 6.46836036857211], [3.3723327511969368, 6.469264303965441], [3.3746813957229627, 6.469271789183742], [3.375949884043957, 6.470166238942159], [3.3750450262799223, 6.468810531754872], [3.3759465424945643, 6.46564429634937], [3.3723301040125975, 6.465646956297561], [3.3714263944936587, 6.466552214479655]]], [[[3.3678161061413308, 6.476505412612449], [3.367819380961922, 6.481027357468955], [3.3687227388241214, 6.481026701925838], [3.368854486968711, 6.479350406788475], [3.370530213348432, 6.479216191264658], [3.3717129773810277, 6.47744108157406], [3.3732420655611746, 6.477405010792349], [3.3750488440557658, 6.47469092897145], [3.3724374027769457, 6.472717772747851], [3.3723330368924445, 6.4710745381514965], [3.3705253175950562, 6.4710758592192485], [3.3696215955874766, 6.47198111473539], [3.3695707962538224, 6.476264532215949], [3.3678161061413308, 6.476505412612449]]], [[[3.372290566336276, 6.411371081847874], [3.3722912217549452, 6.412274640840963], [3.373194457492831, 6.412273984345247], [3.3731938004841058, 6.4113704254454085], [3.372290566336276, 6.411371081847874]]], [[[3.3451806034134153, 6.438528087916481], [3.3460867650234025, 6.441240237540369], [3.3487987121877687, 6.441238392061025], [3.3499413740641475, 6.439482336122887], [3.351457747222323, 6.43966697516202], [3.351493149736982, 6.441820660127123], [3.3506096509111485, 6.443046352460428], [3.3531904074311707, 6.44408216886683], [3.353305223013982, 6.445888116386911], [3.350830968818791, 6.446148471911916], [3.3501634558941644, 6.4453750457806045], [3.3506092331107955, 6.4439519929412885], [3.3497059392188606, 6.44395261269221], [3.3497077973500593, 6.446665372626254], [3.352969872843317, 6.446222033930744], [3.3541763703826835, 6.447806496845694], [3.3533295351173282, 6.452995076021648], [3.355137193688328, 6.452993819618206], [3.3553380964417587, 6.452165826210269], [3.356945258314193, 6.45208795710977], [3.357146157816985, 6.45125996314094], [3.358753316252363, 6.451182088509712], [3.360175747353462, 6.449829602170788], [3.361009532423789, 6.450795082294135], [3.359659339795472, 6.452087089155101], [3.359660615092505, 6.453895246657351], [3.362372625502979, 6.453893325329254], [3.3626934315381996, 6.453008494070958], [3.3650850269727792, 6.4529867907049505], [3.3651599531663448, 6.450474476329138], [3.3677948093931116, 6.448461850334215], [3.3668987660786867, 6.447194356977572], [3.3668878696371776, 6.4448451488561815], [3.3632679617806023, 6.4412293421492555], [3.36146034648836, 6.441230625058161], [3.3612226925614856, 6.44389066438496], [3.357757558667302, 6.443938089963649], [3.3578771301019974, 6.441511841503663], [3.358746835608057, 6.441220915622607], [3.3578407290998533, 6.439423975245758], [3.3545454698892785, 6.440310877778234], [3.3542234296776683, 6.439426496974364], [3.3525805416885524, 6.439324446485677], [3.35150920987031, 6.437619171466658], [3.3500436802982207, 6.438058403262732], [3.348093342159249, 6.437544764160806], [3.3478913051304273, 6.436717047264947], [3.3460837027753034, 6.436718274878496], [3.346030854969422, 6.438287905182054], [3.3451806034134153, 6.438528087916481]], [[3.3617440572430928, 6.448432268655457], [3.361595558344529, 6.445885481253864], [3.363139355885104, 6.445884384794611], [3.363141098170186, 6.448333229634893], [3.3617440572430928, 6.448432268655457]]], [[[3.366004721086976, 6.47288833036864], [3.366005371673842, 6.473791887832118], [3.366908716854278, 6.473791236242968], [3.366908064661774, 6.472887678871181], [3.366004721086976, 6.47288833036864]]], [[[3.3632471847130443, 6.410472965950677], [3.362344188105598, 6.412281765383833], [3.3650566206080725, 6.413184441758523], [3.3659602530676924, 6.412279197704486], [3.3659589638718517, 6.410471038533031], [3.3632471847130443, 6.410472965950677]]], [[[3.362394404157537, 6.483734470494779], [3.364202697567848, 6.483743758834993], [3.3642020491815376, 6.482840201542539], [3.3623936405445725, 6.481936898666823], [3.362394404157537, 6.483734470494779]]], [[[3.3533414609670436, 6.47018349689316], [3.353343346120407, 6.472896252976286], [3.3541711430609236, 6.4730972119323384], [3.3547004213742007, 6.4751351312682734], [3.3533458626009773, 6.476515686971227], [3.353347749638062, 6.4792284423783855], [3.354614978802907, 6.478332170735905], [3.3587724440564544, 6.478320039083699], [3.359877099833858, 6.476586806844727], [3.362388727205789, 6.476508274697721], [3.3632924704156446, 6.475603031028313], [3.362396386304067, 6.474335533148576], [3.362384858292745, 6.4710817285396605], [3.360577136949166, 6.471083014226454], [3.3593525747095083, 6.472873082702712], [3.3564638478038007, 6.47289241538233], [3.355204190735581, 6.4717517896297645], [3.3551491805484055, 6.470182237115667], [3.3533414609670436, 6.47018349689316]]], [[[3.3587787107218885, 6.486450834855012], [3.360587014465421, 6.4864601355521785], [3.35968068344172, 6.48374802512867], [3.3587773198255495, 6.483748664843907], [3.3587787107218885, 6.486450834855012]]], [[[3.3551087724651794, 6.460856542124898], [3.3524333208362753, 6.464755491591938], [3.354241021310356, 6.4647542360933965], [3.354479975169028, 6.463903397318392], [3.356953496405157, 6.463847741160321], [3.357405565541109, 6.462943344762573], [3.3596666001968027, 6.463845830576881], [3.360570327274574, 6.462940592280586], [3.360569046944629, 6.461132435600667], [3.358863364381031, 6.460967757318795], [3.3587590467166804, 6.459324516577387], [3.357931271075763, 6.459123563850183], [3.3569484257262396, 6.456611991475772], [3.355140754682321, 6.4566132550081194], [3.3551087724651794, 6.460856542124898]]], [[[3.3551118537444724, 6.415001667114716], [3.35601739057238, 6.416809200731494], [3.3578249207086035, 6.416807941862361], [3.357823659273541, 6.414999781377258], [3.3551118537444724, 6.415001667114716]]], [[[3.3524471228112334, 6.484657701149657], [3.3524483788965265, 6.486465857764459], [3.3542584598590666, 6.488273793277237], [3.3560662436532254, 6.488272526723208], [3.356064974317938, 6.486464370947519], [3.3524471228112334, 6.484657701149657]]], [[[3.3515477337015844, 6.491895114612027], [3.351549615631202, 6.494607868905005], [3.3533574225464315, 6.494606610789447], [3.3535963892346623, 6.4937557725819], [3.3551656346627667, 6.493700747828589], [3.3560681501596528, 6.4909873597868355], [3.3515477337015844, 6.491895114612027]]], [[[3.34154701434104, 6.414106282292545], [3.3397402478266245, 6.416820249885659], [3.342452067428805, 6.416818444954713], [3.342652979940091, 6.415990455024435], [3.34385272952934, 6.415915603044169], [3.3442616792271775, 6.416817232531893], [3.351495545464817, 6.417716923256637], [3.3514936862929985, 6.415004160780134], [3.347336720756381, 6.414997783499947], [3.3469716625289045, 6.414102639791355], [3.34154701434104, 6.414106282292545]]], [[[3.3496905695494466, 6.422230581045582], [3.351498647056571, 6.422239926512878], [3.351498027272987, 6.421336365785587], [3.3496898627125984, 6.420433002413633], [3.3496905695494466, 6.422230581045582]]], [[[3.346077055842809, 6.427660644503027], [3.346982500891026, 6.428575215884268], [3.3496943806333244, 6.428573369269165], [3.349693145580868, 6.42676520801824], [3.3481240311362375, 6.4267123509259205], [3.3478839246602785, 6.4258618400355445], [3.34607636065134, 6.425863065561998], [3.346077055842809, 6.427660644503027]]], [[[3.3434049847546636, 6.488270678402765], [3.3452132976680535, 6.488280033598246], [3.345212682654291, 6.487376474600911], [3.343404287539808, 6.48647310322117], [3.3434049847546636, 6.488270678402765]]], [[[3.3397775692243754, 6.472906545384231], [3.3397787779445074, 6.474714705265399], [3.3424909050809637, 6.474712883916483], [3.344298456975836, 6.47290246228704], [3.3442972325234726, 6.471094303134288], [3.343393889910766, 6.4710949142654], [3.3422110368906695, 6.472869963072352], [3.3397775692243754, 6.472906545384231]]], [[[3.3089950043033354, 6.417745354529864], [3.3090061289641373, 6.418649432823831], [3.3117073864370927, 6.418647276561241], [3.3121151852146027, 6.417745121511076], [3.3169678552473223, 6.41784263260245], [3.317057893395169, 6.419348100997451], [3.3153261513559555, 6.419550706350807], [3.3153267072037713, 6.420454270482256], [3.319815677474408, 6.4243496361169985], [3.319854396307727, 6.430402104400025], [3.3240545476298213, 6.430419456147076], [3.3252814187233413, 6.432207887549545], [3.327992164070241, 6.430396950067175], [3.328026121876746, 6.4288674556066905], [3.329096251298816, 6.427759178786141], [3.3316076514431976, 6.427680810742121], [3.3319279114014826, 6.425891393649832], [3.3370328929719757, 6.4267726634895315], [3.338195682065421, 6.425458938815084], [3.340219762567004, 6.4254147163951645], [3.3433630210569647, 6.426768454976267], [3.343361808708745, 6.424960292381693], [3.3424569033539844, 6.424056296858576], [3.3399052657775976, 6.4244031163641555], [3.339742806195434, 6.42224890119952], [3.33883791193039, 6.421344898593206], [3.33644643042262, 6.421326479418398], [3.3361244345813743, 6.42044208425123], [3.3283502434763346, 6.420437916221924], [3.3270803437371077, 6.418638732848324], [3.324568888853459, 6.418563583496269], [3.3243651821192284, 6.415022044363983], [3.3180362264189616, 6.415026009987251], [3.315907345243376, 6.416816539297813], [3.311707326762138, 6.41683910701385], [3.3104175348559064, 6.418191381723568], [3.3089950043033354, 6.417745354529864]], [[3.3207519570668254, 6.420451421697196], [3.32576932098152, 6.4195458296271095], [3.3266296282576104, 6.420922202261427], [3.325814930581551, 6.422248742005034], [3.321160918633303, 6.422258195049594], [3.3207519570668254, 6.420451421697196]]], [[[3.3379754180160996, 6.4828583505414805], [3.3379760197135755, 6.483761910384348], [3.3388793853632315, 6.483761307710414], [3.338878782057572, 6.4828577479522265], [3.3379754180160996, 6.4828583505414805]]], [[[3.3271149952303487, 6.471105652132963], [3.3271161585788445, 6.472913814482927], [3.3280195059368585, 6.472913232119682], [3.328018339375859, 6.471105069933732], [3.3271149952303487, 6.471105652132963]]], [[[3.325312018681025, 6.480152824447216], [3.325312597590361, 6.481056385549748], [3.3262159595900505, 6.481055805667644], [3.3262153790732074, 6.480152244646621], [3.325312018681025, 6.480152824447216]]], [[[3.323474505469964, 6.434923883277667], [3.3243704219571013, 6.436191460362764], [3.3243822690387392, 6.440349885651319], [3.326189888281051, 6.4403487341684], [3.326187002485716, 6.435826762075835], [3.3252715252236813, 6.434922222774012], [3.323474505469964, 6.434923883277667]]], [[[3.3171583501387683, 6.458435903002187], [3.322584008647341, 6.458443078364495], [3.3236196918852534, 6.455861610172048], [3.325295361124013, 6.455727547083899], [3.3252936302533698, 6.453014781258443], [3.3243903179527132, 6.453015357008223], [3.324356351288102, 6.454544850416043], [3.323166237492156, 6.455709946136303], [3.318975917025073, 6.454827460189721], [3.3187263262245983, 6.455678812009313], [3.3171571882254076, 6.455733718408908], [3.3171583501387683, 6.458435903002187]]], [[[3.3045162245013917, 6.489211756811333], [3.3045173105361427, 6.491019921831143], [3.306325659900175, 6.491923434439162], [3.3083724473936877, 6.4892623125987345], [3.3123553369439644, 6.488780605224847], [3.3161722810994365, 6.492083269596865], [3.3171814650070206, 6.494630559430608], [3.3189892783905646, 6.494629423990081], [3.319042206699305, 6.493059795387655], [3.319893075769521, 6.492809067807567], [3.319089133330896, 6.489367636369033], [3.321699112446796, 6.489200102432026], [3.322945524177702, 6.487856482739435], [3.32441178291107, 6.488293772349572], [3.3253150378028957, 6.486485031178466], [3.3244100479583287, 6.485581009753074], [3.322285856747603, 6.485453269038093], [3.3226000779435774, 6.483772961479638], [3.321696710783857, 6.483773535164622], [3.3221229181641476, 6.485282022511629], [3.3204731213011076, 6.487372720114411], [3.319186170901707, 6.487316781444209], [3.3172778287565885, 6.485419637790706], [3.3171708101731494, 6.479253375080048], [3.3140622776418995, 6.478117797799554], [3.3140415406665467, 6.475907941742419], [3.3153597647138326, 6.475635054314756], [3.3153592039893116, 6.474731492136424], [3.314139449933899, 6.474603152679186], [3.3144536933732778, 6.472922848457405], [3.313550344792834, 6.472923406703871], [3.313965291316978, 6.474460284922895], [3.3126470693630994, 6.4747331686330405], [3.312367936170577, 6.475602993680144], [3.3072212656172515, 6.475641082186901], [3.3072229061058636, 6.4783538503590385], [3.3084902204105022, 6.477457689791121], [3.309915753981554, 6.477769136091166], [3.3099020935952996, 6.4798827342620795], [3.309032804385905, 6.48016299732616], [3.309476340721876, 6.484330664395378], [3.3081311484289158, 6.484686559215972], [3.306323421309177, 6.486496859752268], [3.3062212474506816, 6.488140242570677], [3.3045162245013917, 6.489211756811333]], [[3.313555408165718, 6.481968908266002], [3.3153449444274234, 6.482288804280024], [3.315046077830422, 6.486471519470975], [3.313577476325189, 6.486170900723957], [3.313555408165718, 6.481968908266002]]], [[[3.3225758956174714, 6.44397048154326], [3.3225770379729385, 6.445778646633051], [3.324384676753611, 6.445777500579467], [3.3243835279969502, 6.443969335813787], [3.3225758956174714, 6.44397048154326]]], [[[3.3180870282598667, 6.496440234203588], [3.3180881639676962, 6.498248396366339], [3.318938830853662, 6.498487468591721], [3.318993736825855, 6.500057028925899], [3.319897133247995, 6.500056458632138], [3.320799850477016, 6.497343123757944], [3.3199491848143414, 6.4971040545981635], [3.3198942766539834, 6.495534494314565], [3.3180870282598667, 6.496440234203588]]], [[[3.3162405351969664, 6.436725994866605], [3.318049232234345, 6.437640059108842], [3.318952993033323, 6.436734892217782], [3.3189518651099896, 6.434926725844571], [3.3162399431811633, 6.434928411145266], [3.3162405351969664, 6.436725994866605]]], [[[3.317151001640178, 6.445783088171242], [3.317152125102906, 6.447591254094926], [3.3180554284434196, 6.447590691645038], [3.3180543017810096, 6.445782525880374], [3.317151001640178, 6.445783088171242]]], [[[3.314441326492997, 6.451212385770758], [3.3144418835376404, 6.4521159488624], [3.31624954620888, 6.452114830536844], [3.316248985962029, 6.451211267603092], [3.314441326492997, 6.451212385770758]]], [[[3.3135286451775547, 6.437643893427058], [3.3135297543947395, 6.439452060559262], [3.3153373723850574, 6.43945094764734], [3.315336256773072, 6.437642780830178], [3.3135286451775547, 6.437643893427058]]], [[[3.310849922486883, 6.493730922994878], [3.310851031888624, 6.495539086612438], [3.311756017378144, 6.496443132212846], [3.315372135113005, 6.495536291043843], [3.315371572628373, 6.494632729573977], [3.313802246876608, 6.494579777335143], [3.313562159115794, 6.493729251224314], [3.310849922486883, 6.493730922994878]]], [[[3.299964813448881, 6.439461247916832], [3.299969063239468, 6.446697043984721], [3.3067954346703723, 6.446695682259127], [3.307204347891066, 6.4475973423564605], [3.3099163394239963, 6.447595701792709], [3.3117239215557053, 6.4457853929167825], [3.3117222654733243, 6.443072622440562], [3.310115024486261, 6.442996854902909], [3.309008164401665, 6.441265064562819], [3.306616583857104, 6.441246510489193], [3.3062946243905693, 6.4403620952832625], [3.3038211347467112, 6.440309645738996], [3.303581093363371, 6.439459111097427], [3.299964813448881, 6.439461247916832]]], [[[3.309919577498789, 6.451215154728577], [3.30992122610202, 6.45392792480675], [3.3108245412921806, 6.453927374624281], [3.311728342950429, 6.4530222190787505], [3.311726684969177, 6.450309449371621], [3.309919577498789, 6.451215154728577]]], [[[3.3099294835349173, 6.467498010042496], [3.309930033984397, 6.4684015729477276], [3.3108333748455396, 6.468401021521296], [3.3117366473568755, 6.466592302458947], [3.3099294835349173, 6.467498010042496]]], [[[3.30720543768054, 6.449407589600584], [3.3072059817531323, 6.4503111533791575], [3.3081092907698406, 6.450310608314081], [3.308108745097518, 6.449407044612484], [3.30720543768054, 6.449407589600584]]], [[[3.301762272087329, 6.420463481505236], [3.301763336804724, 6.422271651856226], [3.3035730076553436, 6.42407979260441], [3.307189177640787, 6.4240776353785325], [3.3071880934720967, 6.422269466070708], [3.3047966014142687, 6.422250899245618], [3.3035698250241454, 6.4204624133879635], [3.301762272087329, 6.420463481505236]]], [[[3.3026853118633497, 6.452124105602628], [3.3026858481583785, 6.453027669667028], [3.3044940562737337, 6.453931196624671], [3.3053978697099593, 6.453026051771693], [3.305396245397139, 6.450313280440193], [3.3026853118633497, 6.452124105602628]]], [[[3.301786316132286, 6.461170680420408], [3.3017868515904825, 6.462074244239891], [3.3044989215158744, 6.462072628876928], [3.3035934738789736, 6.460265001912257], [3.301786316132286, 6.461170680420408]]], [[[3.3027014526672067, 6.479262209478761], [3.3027019912656104, 6.480165772579961], [3.303605353650241, 6.480165233019677], [3.3036048134445424, 6.479261669994328], [3.3027014526672067, 6.479262209478761]]], [[[3.2999935982666857, 6.488309850586973], [3.2999952033215423, 6.491022619232787], [3.300900161907478, 6.491926685677142], [3.3027079684424527, 6.491925608800454], [3.3018019304286197, 6.489213380258012], [3.2999935982666857, 6.488309850586973]]], [[[3.2999802443478594, 6.4656947684070305], [3.2999807769773857, 6.466598332216778], [3.3017884935077433, 6.466597262790457], [3.302692333396994, 6.465692121911853], [3.302691258119355, 6.463883954785368], [3.2999802443478594, 6.4656947684070305]]]]}}, {"type": "Feature", "properties": {"regime": 3}, "geometry": {"type": "MultiPolygon", "coordinates": [[[[3.3940244549076835, 6.452061682930935], [3.3949308992238785, 6.454773728129086], [3.3958342076037424, 6.4547730271648955], [3.3967378515178672, 6.4538677290464355], [3.396735741126257, 6.4511549844769], [3.3949280977194025, 6.451156388022664], [3.3940244549076835, 6.452061682930935]]], [[[3.377741043677212, 6.445730204570464], [3.380453532785524, 6.4457387725480775], [3.3815224264643624, 6.444031966923622], [3.383165175278291, 6.443927549243262], [3.3834441710514302, 6.443057691732678], [3.3885897772675055, 6.442114254647148], [3.391580349892177, 6.43943312960108], [3.3949179609501186, 6.439395610556696], [3.395821581032722, 6.438490315084096], [3.3958201808954565, 6.436682164065821], [3.3930945661811003, 6.433969959396041], [3.3876810019431787, 6.4348792109740875], [3.3855092665430244, 6.43668083733087], [3.37863920130717, 6.436695185562985], [3.3786412108861863, 6.439407937501994], [3.3803170000076035, 6.439539687494448], [3.380898338965491, 6.441734638618119], [3.380172876784383, 6.442991280340423], [3.3777395644917956, 6.443028036012958], [3.377741043677212, 6.445730204570464]]], [[[3.389486345130179, 6.4312478278231495], [3.3903901403305987, 6.431257721991194], [3.391293064581632, 6.429448878278221], [3.389485496778283, 6.429450257888914], [3.389486345130179, 6.4312478278231495]]], [[[3.3867905490931602, 6.453864793055543], [3.391311772547343, 6.453871924628007], [3.3913103850272406, 6.452063773713155], [3.388598393381842, 6.4520658484599736], [3.3883595018364354, 6.452916700054345], [3.3867903915058255, 6.4529718200229365], [3.3867905490931602, 6.453864793055543]]], [[[3.3831743676205175, 6.454783744958637], [3.383175726869629, 6.456591897427697], [3.384079039739747, 6.456591217112936], [3.3840776772864816, 6.454783064835955], [3.3831743676205175, 6.454783744958637]]], [[[3.3813792224018426, 6.472877023244448], [3.381380579106868, 6.474685174810992], [3.38318830897126, 6.474683814379757], [3.3831869458358863, 6.472875663196255], [3.3813792224018426, 6.472877023244448]]], [[[3.3795670830401, 6.468355397568234], [3.379568432347698, 6.470163549837993], [3.3822798433456076, 6.469256921715019], [3.382279164310804, 6.468353365777649], [3.3795670830401, 6.468355397568234]]], [[[3.3650873627529787, 6.454797026022904], [3.3650893059022993, 6.4575097802331], [3.3664446699162744, 6.456604728460581], [3.369610045154303, 6.457506519529995], [3.3706847614409043, 6.456635035519429], [3.3705167558775275, 6.459315056444277], [3.3732301174881103, 6.461122269775666], [3.3732287925818656, 6.459314115542093], [3.3709717117056535, 6.457120116563314], [3.371470865105178, 6.455030978780251], [3.3723211289206585, 6.4547907515434835], [3.3723178275573704, 6.450268804343551], [3.3714900627180704, 6.450067873045926], [3.371421640816082, 6.4488238017463], [3.3759331963223436, 6.44755131866529], [3.376836198622078, 6.445742496912279], [3.3732192404344703, 6.444840557441366], [3.3721509760031094, 6.447451944957516], [3.3696038737302603, 6.447556984039746], [3.370510647518559, 6.451626498058949], [3.369607150393729, 6.452079972972277], [3.3695322463588844, 6.454592286614902], [3.367259498945152, 6.454786254243105], [3.366001644616405, 6.453891251695115], [3.3650873627529787, 6.454797026022904]]], [[[3.371404128255459, 6.4366888729129395], [3.3741165711994143, 6.436697477357982], [3.3741159100375344, 6.43579391941368], [3.3714033423118357, 6.4348912995867735], [3.371404128255459, 6.4366888729129395]]], [[[3.3660021166738794, 6.469269940767635], [3.3660034179460743, 6.471078095776108], [3.366908450669661, 6.471982041004154], [3.3696205552235825, 6.47198007563559], [3.369672670513316, 6.4695058517071145], [3.3714266748911954, 6.468360369331526], [3.3705218322084742, 6.467004653120924], [3.37142205466417, 6.46202922980463], [3.36961502395883, 6.462935143135485], [3.367756129252956, 6.468124470621505], [3.3660021166738794, 6.469269940767635]]], [[[3.366899972825535, 6.460223313551646], [3.3669019272773557, 6.462936066633264], [3.3678052530900318, 6.462935414540391], [3.3678032938265434, 6.460222661734723], [3.366899972825535, 6.460223313551646]]], [[[3.3623852532774814, 6.470177130016734], [3.362385897158621, 6.471080687941596], [3.364194266060635, 6.471983993389519], [3.3641929710377054, 6.470175838079134], [3.3623852532774814, 6.470177130016734]]], [[[3.3623826757089503, 6.466558738568215], [3.362383963568419, 6.468366894499888], [3.3641916748954213, 6.468365602926715], [3.3641903806119564, 6.466557447359049], [3.3623826757089503, 6.466558738568215]]], [[[3.332517112767081, 6.434013477492151], [3.3325182884930133, 6.435821641480005], [3.3334231991035463, 6.43672565400476], [3.336135125903632, 6.43672387702935], [3.3373099674477213, 6.434499804198717], [3.3415598477098243, 6.434911076411399], [3.34172454002348, 6.433204950791876], [3.343908164395126, 6.43310950972845], [3.3442738416635027, 6.434909255358272], [3.3465335040461923, 6.434003647053702], [3.3469867952949985, 6.43490742059902], [3.350324444685884, 6.434940092845998], [3.350604685806757, 6.435809552047698], [3.353037396726031, 6.434938225958952], [3.3533182675040543, 6.436712283320577], [3.3551281648926095, 6.438520228737073], [3.357840094975025, 6.438518336030036], [3.3580409888833684, 6.437690341645747], [3.3605517876587196, 6.43670722992151], [3.3614529112439637, 6.432184635030778], [3.360537381835459, 6.431280161732979], [3.3492008964306548, 6.432190452065983], [3.3487919245239537, 6.431288828190462], [3.3462804098882617, 6.431213788815831], [3.3451734588104762, 6.429482080947232], [3.3388443378943418, 6.429486312946416], [3.3377397015949453, 6.4312195011362006], [3.336132599042095, 6.431297306478496], [3.33506357279802, 6.4330040248839016], [3.332517112767081, 6.434013477492151]]], [[[3.359665084809723, 6.460228476264061], [3.359665722866922, 6.461132034813577], [3.360569046208426, 6.461131395743227], [3.3605684065487904, 6.460227837283814], [3.359665084809723, 6.460228476264061]]], [[[3.34882825638673, 6.482851004737553], [3.348828877404569, 6.483754563548142], [3.351541050215335, 6.483752691281838], [3.3515404243692735, 6.482849132734315], [3.34882825638673, 6.482851004737553]]], [[[3.3469997051152616, 6.453905065187118], [3.3470003200963623, 6.45480862520029], [3.348807986328611, 6.454807390899935], [3.3488073681439805, 6.453903831060957], [3.3469997051152616, 6.453905065187118]]], [[[3.342472481989125, 6.4457667200106865], [3.3424736951455136, 6.447574881305342], [3.3433769961407376, 6.447574274015105], [3.3442801170506296, 6.445765503473006], [3.342472481989125, 6.4457667200106865]]], [[[3.3406995720840733, 6.499139320956274], [3.3407001801674743, 6.500042879963781], [3.342508008571156, 6.500041659559986], [3.3425073972612873, 6.499138100723533], [3.3406995720840733, 6.499139320956274]]], [[[3.337937043566779, 6.424963902762144], [3.3370339324914693, 6.426772662804847], [3.33974580552636, 6.426770869429353], [3.3406489067690517, 6.424962105104312], [3.337937043566779, 6.424963902762144]]], [[[3.3261886191527954, 6.436731363867106], [3.3261920829961644, 6.44215793806194], [3.328001909765178, 6.443965983282318], [3.3289052057204915, 6.443965401944163], [3.328923655067671, 6.44157310800317], [3.3300087295663965, 6.440423026888171], [3.3334245201129113, 6.440344061536377], [3.334328256848146, 6.439438868669215], [3.3325178379567832, 6.4367272838948315], [3.329805910137129, 6.43672904167116], [3.329353811542369, 6.4376334158854975], [3.3261886191527954, 6.436731363867106]]], [[[3.3316333748740967, 6.465675116764485], [3.3316339637029064, 6.466578677805437], [3.333441674606586, 6.466577495879805], [3.333441082568261, 6.4656739350053565], [3.3316333748740967, 6.465675116764485]]], [[[3.328013547806242, 6.462059057101514], [3.328014712705919, 6.463867219930059], [3.330726197638694, 6.462960863241909], [3.3298206574528124, 6.461153287629027], [3.328013547806242, 6.462059057101514]]], [[[3.3171690260391915, 6.474730365345825], [3.3171707194058033, 6.477443131031757], [3.318075681772129, 6.47834716701025], [3.321527489762077, 6.478448180193097], [3.321694990242434, 6.4810586916344946], [3.322596954474168, 6.48146660655705], [3.322246398692546, 6.484214279098699], [3.3201263793526237, 6.483720601536029], [3.3198862871572605, 6.482870078323532], [3.3171741102616443, 6.48287178111841], [3.317174674928125, 6.483775342848627], [3.318948723294811, 6.484053963288911], [3.318985764220533, 6.487392614073091], [3.320793551473336, 6.487391473458831], [3.3246104321380137, 6.483847385498984], [3.3271221100250488, 6.483769025712635], [3.32802593166799, 6.482863841073602], [3.328019506607835, 6.472914271980212], [3.3262117721905713, 6.4729154357683925], [3.3251432103084206, 6.475526737910979], [3.322595945640285, 6.475631549667913], [3.321306042970634, 6.476983854661057], [3.3189767685282847, 6.47472923341306], [3.3171690260391915, 6.474730365345825]]], [[[3.3235142338059966, 6.498234373992088], [3.324418153187119, 6.49824437887336], [3.324207440173186, 6.496487615626156], [3.327130281383629, 6.496433432165459], [3.327128529678588, 6.493720671175002], [3.3244162966943063, 6.493722415586421], [3.3235124499010738, 6.49462759469293], [3.3235142338059966, 6.498234373992088]]], [[[3.3071983636944235, 6.437647739336709], [3.306295121077665, 6.439456450724114], [3.3104301580239635, 6.4390070674042175], [3.314268868915155, 6.440459397728083], [3.314436867240839, 6.443974521118071], [3.3157823872557133, 6.444328766535013], [3.31534288016372, 6.446687772445439], [3.317150523446219, 6.446686651864014], [3.317149400148133, 6.444878485876083], [3.3158223414858314, 6.444266298514826], [3.3166305652049397, 6.443526278562787], [3.3180531741459367, 6.443972280262191], [3.3176575899756133, 6.442396227867257], [3.3192564708815864, 6.441736980606636], [3.320300064303743, 6.442504590044254], [3.3198628864495383, 6.443971149248154], [3.3225754268680063, 6.4448740448301916], [3.3207645933600283, 6.437142246335553], [3.3219049616632126, 6.435882364801666], [3.3234740375188374, 6.435827446804443], [3.3234728937704006, 6.434019281172318], [3.3216652964209983, 6.434020421920265], [3.319857790822341, 6.435830763066295], [3.3195374837983347, 6.437620174349122], [3.3174663217118763, 6.437621465657889], [3.316239463089291, 6.435833015161523], [3.3144318580502126, 6.43583413064204], [3.3123028805812877, 6.437624648350378], [3.3071983636944235, 6.437647739336709]], [[3.3162974402391083, 6.442403772626825], [3.3175540736256592, 6.442816461307848], [3.3164770249419546, 6.4434644167583945], [3.3162974402391083, 6.442403772626825]], [[3.313528402520101, 6.4380956755752665], [3.3151358686334285, 6.4377186111626505], [3.315261565036881, 6.439250497983093], [3.313730143470482, 6.439376230817367], [3.313528402520101, 6.4380956755752665]]], [[[3.31989474510731, 6.494629892725409], [3.3198981729189256, 6.500056457974889], [3.32351487680578, 6.500054158671068], [3.3212788299460105, 6.497042374991174], [3.321703132444254, 6.495533348371297], [3.31989474510731, 6.494629892725409]]], [[[3.3144524953790566, 6.469304438759035], [3.314453613381344, 6.471112603488876], [3.3153569586658023, 6.4711120437924725], [3.315355837451908, 6.469303879220306], [3.3144524953790566, 6.469304438759035]]], [[[3.3108211722883594, 6.446691587324334], [3.3108228245186693, 6.449404357649936], [3.3126310325274515, 6.450307855797163], [3.3144386137079835, 6.448497537493114], [3.3144374996994554, 6.446689371158431], [3.3108211722883594, 6.446691587324334]]], [[[3.300898015024198, 6.488309314560995], [3.3018035079105506, 6.490116942461719], [3.3045157275157933, 6.490115320030947], [3.305419602211323, 6.489210173405627], [3.305521233859699, 6.486662188222914], [3.307226794026849, 6.486495273353414], [3.3090345177656846, 6.484684969749425], [3.3090328659769406, 6.481972202716725], [3.3067846252605113, 6.479821440072095], [3.3072296544503135, 6.476004619056059], [3.3099334058593524, 6.4756383945667], [3.3117410826798013, 6.473828082849258], [3.3117399738523923, 6.472019917841311], [3.3072190785527953, 6.472022671023508], [3.307091844100271, 6.475051914097386], [3.3045075423632064, 6.474738113113551], [3.306757388718266, 6.479601655945291], [3.3063010513828157, 6.482556936819387], [3.30451242362976, 6.482879538708575], [3.302704689130143, 6.484689826779379], [3.302651709801, 6.486259456562672], [3.300898015024198, 6.488309314560995]]], [[[3.3081103309682147, 6.450311647549345], [3.308111423179096, 6.4521198147197], [3.309919636702619, 6.453023322157184], [3.3108223366945038, 6.450310001479075], [3.3081103309682147, 6.450311647549345]]], [[[3.3072092522101135, 6.455739814421949], [3.3072108875516117, 6.4584525847151255], [3.3081142109927835, 6.458452038956454], [3.3081125708429093, 6.45573926889439], [3.3072092522101135, 6.455739814421949]]], [[[3.306312529877614, 6.469297785020828], [3.3081207811482853, 6.469307275766842], [3.308120233834811, 6.468403712738822], [3.3063119673022534, 6.467500201896444], [3.306312529877614, 6.469297785020828]]], [[[3.302682092003726, 6.446696481359478], [3.303587510134219, 6.448504112183369], [3.3062995074084633, 6.448502490622546], [3.306298422234446, 6.446694322887674], [3.302682092003726, 6.446696481359478]]], [[[3.302701991885499, 6.480166812442741], [3.3027025305606927, 6.481070375511766], [3.3045102981052947, 6.481069294007507], [3.304509756213204, 6.480165731090505], [3.302701991885499, 6.480166812442741]]], [[[3.299989319831907, 6.481073026479159], [3.2999909230588256, 6.483785795898434], [3.3008942921120163, 6.483785260865958], [3.301797625599268, 6.481976557614792], [3.299989319831907, 6.481073026479159]]], [[[3.2999743837074815, 6.455744125879937], [3.299974915500047, 6.4566476900425815], [3.300878236351105, 6.456647157267856], [3.3008777029572003, 6.45574359318038], [3.2999743837074815, 6.455744125879937]]]]}}, {"type": "Feature", "properties": {"regime": 4}, "geometry": {"type": "MultiPolygon", "coordinates": [[[[3.3804613193265336, 6.454785778047285], [3.3804626689521124, 6.456593931090523], [3.3822703347524583, 6.456592577700983], [3.3860865423970714, 6.453048059774007], [3.387781076897711, 6.4529789694335244], [3.387697488116482, 6.456588475879545], [3.3900891230645973, 6.456606645661511], [3.390411236687851, 6.45749099902249], [3.395472880999872, 6.457496304534662], [3.395838760342508, 6.459296000088961], [3.3994551436580664, 6.45929317577247], [3.399443100921325, 6.443916108441971], [3.395827527852047, 6.444823521175712], [3.394723061583521, 6.446556822460763], [3.3913079555260137, 6.44754079543166], [3.390203467995045, 6.449274088036403], [3.3867883335272246, 6.450258032261989], [3.382068481087949, 6.454707829471339], [3.3804613193265336, 6.454785778047285]], [[3.395201474335096, 6.4542840546628675], [3.39503034364415, 6.45132115198774], [3.3965407505318956, 6.450782443182556], [3.3966356045015145, 6.453702965505215], [3.395201474335096, 6.4542840546628675]], [[3.3884287536930153, 6.453841275307417], [3.3888770326816484, 6.452099545173973], [3.3912774079433414, 6.451892759411494], [3.3910331321912084, 6.4538382293155], [3.3884287536930153, 6.453841275307417]]], [[[3.397619309703587, 6.423111826242967], [3.39762071321516, 6.424919977822818], [3.3985239685271207, 6.424919275339559], [3.3994268533551453, 6.423110419270642], [3.397619309703587, 6.423111826242967]]], [[[3.394955488689963, 6.4864355706803085], [3.3949568966576136, 6.488243718361383], [3.3967646718729934, 6.488242306680257], [3.3967632574612807, 6.486434159395839], [3.394955488689963, 6.4864355706803085]]], [[[3.299974916112103, 6.4566487299065844], [3.299978644464623, 6.462979917330428], [3.3017863481447023, 6.462978848507416], [3.3018393310658825, 6.461409217369883], [3.3030322156370238, 6.460730673264974], [3.30495121278306, 6.461609476098751], [3.3026922977179134, 6.4638839541669135], [3.3025603319059225, 6.465560244216879], [3.299980777590404, 6.466599372080374], [3.2999866476723705, 6.476548970501431], [3.3040582160551693, 6.480628883471849], [3.3031098880487, 6.481068474346244], [3.3027009522536472, 6.480166813062766], [3.3008931876186076, 6.4801678879728275], [3.30133272420771, 6.4825385159710605], [3.2999909236735085, 6.483786835761328], [3.3000005605077023, 6.500068645496674], [3.318992697154831, 6.500057029581292], [3.3189915578977245, 6.498248867707189], [3.3180873603405336, 6.497796616129537], [3.3189892790452773, 6.494630463850655], [3.317313312741387, 6.494498520941704], [3.316274305594622, 6.491918361617396], [3.3126543861860607, 6.488302200035062], [3.3113870535614107, 6.489198371563443], [3.3081338959805664, 6.489209570448835], [3.305940045910157, 6.491466990592483], [3.3045157281403617, 6.490116359893144], [3.3018035085295563, 6.49011798232418], [3.3018040655228402, 6.491926667976274], [3.300473151242532, 6.49072293024168], [3.3004561823913434, 6.4886636128278115], [3.301801391437839, 6.488307737677925], [3.3027577074563075, 6.484928363278884], [3.304644430311831, 6.483011415572919], [3.3063201966838998, 6.482877410592537], [3.306479946008256, 6.480722989093867], [3.309032314693626, 6.481066560491921], [3.309936165593733, 6.480161406636409], [3.309934510151396, 6.477448639353376], [3.308126756415733, 6.477449739567365], [3.306759362940922, 6.478806815854226], [3.305432324178304, 6.477129842187361], [3.30499705872664, 6.475008850459334], [3.307220225366404, 6.475640042953219], [3.3073839455140885, 6.472124719127912], [3.311575231315772, 6.472122166634658], [3.3117070102878605, 6.473549410553819], [3.3099338944028025, 6.474734831284153], [3.30993444548123, 6.475638393932304], [3.312646585643896, 6.475636731687206], [3.3128475654148506, 6.474808751776402], [3.313834102257522, 6.474831523508913], [3.3135536933020786, 6.478349979931563], [3.317068788324869, 6.479418283183873], [3.3171741096118463, 6.48287074125717], [3.3198862865019056, 6.4828690384625665], [3.3207889777080486, 6.480155703276392], [3.319938341279352, 6.47991663251868], [3.319883437624757, 6.478347071080875], [3.318354290479615, 6.478313082949882], [3.317204447096984, 6.477164416945014], [3.317188177646658, 6.475050838492899], [3.3180723768636655, 6.474728760647566], [3.3176574178251954, 6.473191886413461], [3.31897563250038, 6.472918990011267], [3.319254184971958, 6.471144560038689], [3.322184686915836, 6.4711104594112205], [3.3244035744691, 6.4738201552304], [3.3262113124307433, 6.473818997714186], [3.3262095717800415, 6.471106234061206], [3.325381786794864, 6.470905228793711], [3.3253069884293884, 6.469705056848001], [3.3266719280232575, 6.468844049415933], [3.3280193783158394, 6.471104029402181], [3.3293723755743567, 6.471501297220783], [3.3280205462223016, 6.472914271309076], [3.3280216730629055, 6.478837992073784], [3.3271202359265124, 6.47924706106659], [3.3280054341304064, 6.4804715756954145], [3.327991849545238, 6.482585170439297], [3.3271225672848215, 6.482865464199695], [3.327020461160848, 6.4845088481291775], [3.32531549737407, 6.485580429741866], [3.325213385272903, 6.487223813452908], [3.3241331259829434, 6.488260041198565], [3.3226039937487863, 6.488295965885211], [3.3224090488692886, 6.489572346758923], [3.3189869028460457, 6.489202856443026], [3.320799743592893, 6.495532881631591], [3.3235114095776654, 6.49462655549694], [3.3238753476869043, 6.493730932665322], [3.32709480682122, 6.493999385525169], [3.3269982654731303, 6.496301561680515], [3.3244180345425702, 6.496436217171584], [3.3242861374519266, 6.498112507678851], [3.3226103285289112, 6.498246574192545], [3.3235159164763344, 6.500054158006384], [3.340699140498762, 6.500042880663767], [3.341151268143818, 6.499138496749644], [3.34230698995285, 6.499213942604098], [3.3425196300608317, 6.500042171622993], [3.3651188295189964, 6.5000258502201165], [3.365137096370145, 6.497633569219503], [3.366021811546365, 6.4973008238367145], [3.3651186240733257, 6.496000016792585], [3.365147453146786, 6.491259590043891], [3.366016725063213, 6.4909792315361745], [3.366295118347896, 6.489204785144608], [3.3696330671417827, 6.489167412805163], [3.371440565579669, 6.487356898014663], [3.3718919636613407, 6.485547893562429], [3.373146047691706, 6.4857123356813435], [3.3741554974670316, 6.48825949818833], [3.3759632771832786, 6.4882581606828555], [3.378092218846683, 6.486467380871598], [3.3795716644795615, 6.486810858796252], [3.37957450496664, 6.490605718079563], [3.3786795727107695, 6.490970966546721], [3.378626829321918, 6.492540591601399], [3.375967671857143, 6.492782178184954], [3.37591492018856, 6.494351803342634], [3.375064593300529, 6.494592039930678], [3.3750686122498212, 6.500018573290296], [3.3832074447149494, 6.500012475363677], [3.3836594942871954, 6.499108057689627], [3.3848152169587378, 6.499183406121586], [3.3850173437869526, 6.500011101526259], [3.396773880661196, 6.5000020199180275], [3.3958659173279915, 6.495480801633593], [3.39497042160492, 6.49511692273315], [3.3949586765805995, 6.491863133703123], [3.3922644770684673, 6.4906391101155245], [3.392238438697516, 6.4828193008953345], [3.391353783950926, 6.482498461717224], [3.391331948625157, 6.4801062161784975], [3.3895990416920707, 6.479001419712676], [3.389521080277504, 6.477393823555969], [3.38697299101454, 6.476387989545232], [3.3849963936187293, 6.473778891271713], [3.3814825785166076, 6.474520254929392], [3.381481468887184, 6.4730417897929176], [3.3840899596776715, 6.4710647495392895], [3.3840885941051573, 6.469256598290658], [3.383172956587927, 6.468352173084929], [3.3810600950001657, 6.469129782911894], [3.381373434658476, 6.466544853036454], [3.380468387940595, 6.465640934287892], [3.3786606896443248, 6.465642283161941], [3.378421776198639, 6.466493131000168], [3.37504454614168, 6.467454156435706], [3.374991789728213, 6.469023783069815], [3.3737989910404043, 6.469702491702256], [3.3723310502297026, 6.468360747749795], [3.3705233405772486, 6.46836206825898], [3.370525316837351, 6.471074819363375], [3.372333036131043, 6.471073498295838], [3.3735792653207737, 6.469729762862773], [3.3758216275075608, 6.469850979207611], [3.375918452252265, 6.473505958196587], [3.3750492161443746, 6.473786331845543], [3.374013767837033, 6.476367890876432], [3.3714343246956684, 6.4774073762383555], [3.370251559723961, 6.479182485333192], [3.368160191291095, 6.479657179453854], [3.3661106349837584, 6.478149956848782], [3.3662859789840067, 6.476540427817961], [3.369623844548072, 6.476503060229279], [3.369620555979544, 6.471981115491532], [3.3672288438819837, 6.471962853671595], [3.366906759055046, 6.471078484318646], [3.3634728385353814, 6.471443721727288], [3.362391103448245, 6.466922272629244], [3.3640883768441983, 6.466722364052053], [3.36419336215102, 6.46927019984596], [3.366905453070933, 6.469268249780984], [3.3678091756405406, 6.4683629989968665], [3.3696146411080203, 6.463839741195404], [3.3661986016790952, 6.4637654651551015], [3.3660154434880285, 6.46144903216932], [3.367374147020316, 6.460675295537475], [3.3723264172322804, 6.462027529163815], [3.3723250953472097, 6.460219374807621], [3.370524660180783, 6.458951510842298], [3.3714180974971795, 6.456601646222807], [3.3682097091627456, 6.457505875834202], [3.367800681781191, 6.4566042710685885], [3.3654429137201203, 6.457047059401642], [3.365086971049833, 6.455701624822437], [3.3625753381682912, 6.455626672441041], [3.361468276337679, 6.453895007479002], [3.3596685272827798, 6.453531700715371], [3.3597123803474154, 6.45232561883009], [3.361466352073118, 6.4511801720752], [3.3614657118176794, 6.450276613353405], [3.356945665543966, 6.451184397242265], [3.358298311791103, 6.453378060508907], [3.3576129710132587, 6.454748399992821], [3.3534955169002734, 6.45470201290537], [3.352882002285228, 6.453381839727357], [3.3534041064615154, 6.451387360254921], [3.3542315880656512, 6.451185250483868], [3.3542290766734513, 6.447567892960137], [3.3533336928769866, 6.447203933432109], [3.353322232910659, 6.443950121937412], [3.3517530658638575, 6.443897278907993], [3.351087522989641, 6.442746619098046], [3.351510454165917, 6.439428371457971], [3.3464403803329006, 6.440777529264556], [3.3456374901865176, 6.439045925771379], [3.346083275649522, 6.437622876151141], [3.3442756697446363, 6.4376240975391905], [3.345183047196061, 6.442145450228483], [3.348520744399361, 6.442178131715315], [3.3488016049749385, 6.443952191695462], [3.350120097047895, 6.444223358889026], [3.349707177646832, 6.445760772727173], [3.3505349287988055, 6.445961740279607], [3.3506032991661274, 6.447205817380924], [3.3492338499648895, 6.448022572906256], [3.348001742862661, 6.44740629566438], [3.3478974652378803, 6.445763049768262], [3.3451826196874994, 6.4430510912543335], [3.3436134549029837, 6.442998223003699], [3.341667125398751, 6.441078370021496], [3.341562265879232, 6.4385305203344325], [3.337530818685501, 6.438261129851197], [3.3382234390108043, 6.436757448147265], [3.343369091513853, 6.43581446533482], [3.344272802128266, 6.434909256058544], [3.3442715850149716, 6.433101094211603], [3.341559679719087, 6.433102913354238], [3.341152526573138, 6.434909690453297], [3.339952633452911, 6.434836441534363], [3.339750610734804, 6.434008720573828], [3.3370386993462047, 6.434010515985422], [3.336034090819458, 6.43836830295065], [3.3343287052917163, 6.438535306236481], [3.333259658948715, 6.440242021482612], [3.3316169028808282, 6.440346278489586], [3.331337818510127, 6.441216112559118], [3.329808829032468, 6.441252051820168], [3.3285079266929705, 6.443510559460781], [3.3266869770112546, 6.44189922396357], [3.3270942182179954, 6.4403491955565], [3.323986481765616, 6.44011826902037], [3.3243783596954652, 6.435827913403591], [3.321666434432509, 6.435829627738282], [3.3207621670660137, 6.436745382916652], [3.321636642060773, 6.44233186946374], [3.320062142432292, 6.442086111459637], [3.319849567463573, 6.441257868065552], [3.318053087681953, 6.442164113593654], [3.3180001539118353, 6.443733745112892], [3.3171498778533675, 6.443973882256685], [3.3176581556781115, 6.447135840435994], [3.315507613906911, 6.446585522765635], [3.315340723709206, 6.44487960678306], [3.3144901491337513, 6.444640523578132], [3.314433600941835, 6.440357148457427], [3.312864442825193, 6.44030418510715], [3.3108151784124624, 6.438550155660106], [3.309504072876155, 6.439452858069336], [3.304486462585737, 6.4394585721169895], [3.304487001004168, 6.440362136477435], [3.3087295749645906, 6.441299142608643], [3.3099146334112266, 6.4430726833095795], [3.311620248488074, 6.443237529420032], [3.311715531044863, 6.445421855821087], [3.3108211716551597, 6.446690547460982], [3.314074067854996, 6.4466977659558715], [3.314439095907695, 6.447592933769463], [3.316144726886046, 6.447757763924939], [3.3162309576675746, 6.452698959773041], [3.3148058776278906, 6.4530121565083585], [3.3135375329348133, 6.452117545803885], [3.3134617960406407, 6.453725262802522], [3.3117304893056936, 6.454832464525407], [3.3117315951303476, 6.456640630753693], [3.3133008036160523, 6.45669359513133], [3.3139662835992785, 6.457844307080465], [3.313177493275576, 6.459345382457085], [3.3072636169125706, 6.4582139846086735], [3.3073412521835714, 6.455871691025187], [3.3108250927973004, 6.4548319777961805], [3.309014735951544, 6.452120307761211], [3.3072070720108964, 6.45212140043078], [3.3067997841599195, 6.453928155632232], [3.3017814949105095, 6.453029245827765], [3.3017285114810684, 6.4545988774416045], [3.299974916112103, 6.4566487299065844]], [[3.3796201349252177, 6.468593924389023], [3.3808768768840394, 6.469006450209497], [3.3797998623584116, 6.46965453752895], [3.3796201349252177, 6.468593924389023]], [[3.3677718311257148, 6.48757023882562], [3.366509787836809, 6.486715325153385], [3.367590171332882, 6.486060389622727], [3.3677718311257148, 6.48757023882562]], [[3.359679600375858, 6.481486010765398], [3.3621534788339913, 6.48108535921081], [3.36369380094491, 6.483512257382596], [3.359920200252443, 6.483693928421777], [3.359679600375858, 6.481486010765398]], [[3.349416866449006, 6.483626103998536], [3.349969339947848, 6.480189308773952], [3.3533473394444773, 6.4801330414592995], [3.3533799579663137, 6.476794355261753], [3.355152971681197, 6.47560878778481], [3.3542466916968943, 6.4728966638452325], [3.3533620747960105, 6.47257575598141], [3.3535063358083272, 6.470285529602604], [3.35501734915333, 6.470314284727484], [3.3560564992406094, 6.472894359006864], [3.35967299585627, 6.472891811915626], [3.360777637679111, 6.471158578172593], [3.36228285309408, 6.4712466449246895], [3.3628399129274484, 6.4751293821827725], [3.3622864859292325, 6.476343504014319], [3.359676597032062, 6.476511242670527], [3.3585719406965433, 6.478244474507141], [3.356060303122629, 6.478322988275651], [3.3551565417426885, 6.479228219955255], [3.3551571736703, 6.480131778277407], [3.3568001937867504, 6.480233813059996], [3.356967239934252, 6.481939705278628], [3.3578692308360023, 6.48234755592698], [3.35680322872077, 6.4845514683909595], [3.3551603390251885, 6.484655808548342], [3.355901362306224, 6.488170495263754], [3.3544969405826337, 6.488220739576208], [3.352550390182494, 6.486300943110556], [3.3524454549076235, 6.48375310358753], [3.349416866449006, 6.483626103998536]], [[3.3541886111594073, 6.46542030469189], [3.3524853437104647, 6.465870721754895], [3.3524667888981736, 6.464130601020692], [3.353336023415014, 6.4638502661020905], [3.3534380435302786, 6.462206880227182], [3.3551428672724795, 6.461135210472686], [3.3551937937337013, 6.456851785201945], [3.35666983251155, 6.456646095957188], [3.3578197115752606, 6.4577946714254555], [3.3578557256689883, 6.4593241124008784], [3.3587253426102506, 6.4596032323678], [3.3587613598472665, 6.461132673013661], [3.360495480877344, 6.460884155632206], [3.360536229341783, 6.462661924486619], [3.3542414321143936, 6.463850676411942], [3.3541886111594073, 6.46542030469189]], [[3.3590177173189484, 6.486408362112241], [3.359430206513809, 6.485151326496831], [3.360078116497093, 6.486228630556261], [3.3590177173189484, 6.486408362112241]], [[3.3533555302147393, 6.491892817169318], [3.3537194127541716, 6.4909971756440585], [3.3556060242941474, 6.491341718556465], [3.3550336125862157, 6.493568884982723], [3.3533578320588924, 6.493703052080005], [3.3532828528681495, 6.496215364035424], [3.351871280883677, 6.496397886346489], [3.3515669081558856, 6.4922155850959244], [3.3533555302147393, 6.491892817169318]], [[3.34364399387903, 6.48822821279491], [3.344056523083176, 6.4869711876402745], [3.344704404010847, 6.488048512906497], [3.34364399387903, 6.48822821279491]], [[3.342479105459591, 6.472904211750483], [3.342690615717377, 6.472075695390735], [3.3442242849435257, 6.471750620094161], [3.3422904052487548, 6.474637312693592], [3.33985433257983, 6.474514159015281], [3.3399780680387585, 6.472982117659412], [3.342479105459591, 6.472904211750483]], [[3.3436921696182695, 6.445893955009761], [3.3426013186098933, 6.446986590489643], [3.34260448791083, 6.445898587206877], [3.3436921696182695, 6.445893955009761]], [[3.3351243977026392, 6.469606588427711], [3.334032045043221, 6.46851540555173], [3.335119781188595, 6.4685185904526366], [3.3351243977026392, 6.469606588427711]], [[3.3310511579183193, 6.468369304085557], [3.33035711307341, 6.466775305473981], [3.33163292410177, 6.466578678483304], [3.331871917011922, 6.465727848346656], [3.3333883650073837, 6.465912537186363], [3.333204316776312, 6.468333966485122], [3.3310511579183193, 6.468369304085557]], [[3.3301079238819673, 6.47287797022366], [3.3299297892992996, 6.470364075669302], [3.3313566806087427, 6.470232212716088], [3.3325087039984562, 6.473081354799203], [3.3301079238819673, 6.47287797022366]], [[3.3280476279969937, 6.462337728027454], [3.329562647890067, 6.461648661349921], [3.3302366807005925, 6.462690150643589], [3.3282853584606036, 6.46337757834538], [3.3280476279969937, 6.462337728027454]], [[3.3216847910104352, 6.466586107688583], [3.318085379298574, 6.463553038926571], [3.3183859129535103, 6.462084126927052], [3.3241577164017344, 6.463923618846177], [3.32569838585892, 6.467255247613759], [3.3243995357256693, 6.467488985300807], [3.3240786540950067, 6.468373795927525], [3.32192544954176, 6.468341232544162], [3.3216847910104352, 6.466586107688583]], [[3.3240756521767874, 6.455600269096751], [3.3251665623788176, 6.454507670628422], [3.32516335677148, 6.455595675356988], [3.3240756521767874, 6.455600269096751]], [[3.3203945142981133, 6.443776058572488], [3.3213278940246105, 6.442627399302055], [3.3225758949606057, 6.443969441680984], [3.3241831389406853, 6.444045169734589], [3.324308864859511, 6.445577052530406], [3.3227774279667575, 6.445702813302154], [3.3216705199708016, 6.44397105299001], [3.3203945142981133, 6.443776058572488]], [[3.3171569495511126, 6.456185500083566], [3.3204095709768384, 6.454835251493007], [3.3207746164493543, 6.455730413654787], [3.323321913448791, 6.45583199094021], [3.3234793965267038, 6.457174366432107], [3.3222205585204865, 6.458435137559628], [3.3175223165698253, 6.458438088720459], [3.3171569495511126, 6.456185500083566]], [[3.3141377728502555, 6.471889346032784], [3.3152287386115193, 6.470796766796369], [3.315225513377805, 6.471884771821625], [3.3141377728502555, 6.471889346032784]], [[3.3152285694785153, 6.470523917284344], [3.314136255300173, 6.469432689661899], [3.31522399540902, 6.469435917037879], [3.3152285694785153, 6.470523917284344]], [[3.3120346365598152, 6.496409051148219], [3.3108847637961993, 6.495260372918747], [3.310981933697031, 6.493862797941277], [3.3134303105471443, 6.493861288778286], [3.314015173776349, 6.495063160026832], [3.3134318256244275, 6.496310141633183], [3.3120346365598152, 6.496409051148219]], [[3.3065515341256373, 6.469255337135949], [3.3069641435686834, 6.467998337366652], [3.3076119219794466, 6.469075715918558], [3.3065515341256373, 6.469255337135949]]], [[[3.391283741607521, 6.415879930621258], [3.3912865019599208, 6.419497277298613], [3.392191480034628, 6.420401182233448], [3.3967111766294393, 6.4194931050387245], [3.396710477427273, 6.418589548900877], [3.3940727997262674, 6.41658085594673], [3.3939948456934297, 6.414973256834148], [3.3921873295399507, 6.414974642878956], [3.391283741607521, 6.415879930621258]]], [[[3.388563369943592, 6.405931425607047], [3.3885654222567276, 6.408644177631312], [3.3894686498902318, 6.408643492859188], [3.3903715424932055, 6.406834651397743], [3.388563369943592, 6.405931425607047]]], [[[3.3858935815953135, 6.462923059266731], [3.3867993188372743, 6.464730523792231], [3.3895113784759334, 6.464728454581561], [3.388604251230223, 6.461111804745915], [3.3858935815953135, 6.462923059266731]]], [[[3.3858669171679945, 6.427643805847793], [3.3858675982259756, 6.42854736284234], [3.3876751636200955, 6.428545996207971], [3.387674479371948, 6.427642439407067], [3.3858669171679945, 6.427643805847793]]], [[[3.385890154750725, 6.458400080786845], [3.3858915244067993, 6.460208232420766], [3.3867948433987185, 6.460207546907929], [3.3867934705366625, 6.458399395467448], [3.385890154750725, 6.458400080786845]]], [[[3.383150630072305, 6.423122858526056], [3.383151305856495, 6.424026415969217], [3.3849588558727213, 6.424025059882704], [3.384958176900651, 6.423121502631823], [3.383150630072305, 6.423122858526056]]], [[[3.3804655189483146, 6.46110632979499], [3.3822761262586476, 6.46292474971483], [3.384083814140294, 6.462923388562425], [3.3840824503224107, 6.461115236735068], [3.3824065897527573, 6.460983503462336], [3.3822723714867355, 6.459307406089374], [3.380464696055723, 6.459308760052637], [3.3804655189483146, 6.46110632979499]]], [[[3.3723030497840094, 6.428558454559976], [3.372304365059369, 6.430366611159147], [3.377492051569508, 6.4322259313531], [3.3786371910530324, 6.433980353623151], [3.383157714927894, 6.43397698493202], [3.383156360543952, 6.432168830860488], [3.38054511764882, 6.430195702027215], [3.3795357685601517, 6.427648541573469], [3.3768245685937814, 6.428555143901374], [3.3755349294735764, 6.4299075744478245], [3.3723030497840094, 6.428558454559976]]], [[[3.357767438563396, 6.442840890066785], [3.3569406035455214, 6.443946564246957], [3.361461226705152, 6.443943382540488], [3.3615361719363728, 6.44143106688325], [3.3631361396779558, 6.44136139147984], [3.366812329627674, 6.445045698530742], [3.367337892295159, 6.447944034207993], [3.365084124783145, 6.450274035268701], [3.365086714229024, 6.45389138807905], [3.369608077191239, 6.454792726844151], [3.370609034398781, 6.4499863646313775], [3.3732221691659223, 6.450267103310773], [3.373220846532839, 6.448458948306982], [3.3718646718397887, 6.448018219946487], [3.3723913977403113, 6.4459462556237135], [3.3741225327782245, 6.444838856127104], [3.37412120807974, 6.443030700925989], [3.3732258202037944, 6.442666776589844], [3.3733175113891885, 6.43957774026944], [3.3748581626882803, 6.439513915325211], [3.3750252479367644, 6.441219801675126], [3.3775374766627495, 6.442199293985883], [3.377739563722714, 6.443026996156804], [3.3804515108111928, 6.443024981996493], [3.3813544895706107, 6.441216153334559], [3.380503896208434, 6.440977181436152], [3.380448816971909, 6.4394076340015936], [3.3769972837500752, 6.4393070064595435], [3.3768295261342876, 6.436696523487525], [3.375260383045505, 6.436643751562211], [3.3750202265908817, 6.435793256532367], [3.3723089749047963, 6.4366998376062305], [3.37321227942021, 6.439004487513977], [3.372072037187291, 6.440264477013878], [3.3680277901211597, 6.439362808993689], [3.3674711766413052, 6.436831394867697], [3.371403616176167, 6.436699456680234], [3.3714029598085187, 6.435795898455824], [3.369593018285673, 6.433988013184906], [3.3668811157739693, 6.4339899669223115], [3.3666492138844566, 6.435289450753127], [3.365073133019848, 6.434895860707668], [3.3647947544740044, 6.436670308768], [3.3614571474829362, 6.436707630077243], [3.3612562594806903, 6.437535625507149], [3.359263124118331, 6.438060661734544], [3.357840501936373, 6.4376147757714595], [3.3582895148538396, 6.44084640641498], [3.357767438563396, 6.442840890066785]], [[3.371339618029045, 6.449612211665147], [3.3696578824683825, 6.4491265347811035], [3.369679703386517, 6.447757424371508], [3.37165982362433, 6.447628899529738], [3.371339618029045, 6.449612211665147]]], [[[3.3578246987668536, 6.414999780651665], [3.357825960205581, 6.416807941136561], [3.358730877699438, 6.4177119089803085], [3.3622942829713276, 6.417949009113187], [3.3614462872912365, 6.421328401299059], [3.363253832279056, 6.4213271223862245], [3.36353221087012, 6.419552674274254], [3.365965416532103, 6.419515992549424], [3.365057908653987, 6.414994680639536], [3.3578246987668536, 6.414999780651665]]], [[[3.3605599621885873, 6.447551833852689], [3.361465468932684, 6.448466375503446], [3.3632731098402227, 6.448465091141637], [3.3632711790887626, 6.445752335420973], [3.3614635477881003, 6.445753619238068], [3.3605599621885873, 6.447551833852689]]], [[[3.3578316451666943, 6.424950380965601], [3.3578329086026764, 6.426758540748227], [3.3587378446570915, 6.427662507252283], [3.361449716101916, 6.427660598590279], [3.3614471629614333, 6.424043240607978], [3.3587353106712112, 6.424045148187125], [3.3578316451666943, 6.424950380965601]]], [[[3.349699748844738, 6.434906611298643], [3.3497003667714256, 6.435810171722397], [3.3513797332788005, 6.4354936638461355], [3.351509626679506, 6.436713530848317], [3.353317227966158, 6.436712284039447], [3.353315978525379, 6.434904124068783], [3.349699748844738, 6.434906611298643]]], [[[3.3514996872786074, 6.42224096565936], [3.351500307153153, 6.423144526354642], [3.3524035641248076, 6.423143905430438], [3.3524029426574393, 6.422240344823209], [3.3514996872786074, 6.42224096565936]]], [[[3.3433628482238738, 6.424960291684347], [3.3433640605757633, 6.426768454278725], [3.344267324722269, 6.42676784736785], [3.344266109181282, 6.424959684945609], [3.3433628482238738, 6.424960291684347]]], [[[3.3352105451184797, 6.404159831709576], [3.335211724823349, 6.405967997301395], [3.344253359068104, 6.405962013403165], [3.3442521475446774, 6.40415384951397], [3.3352105451184797, 6.404159831709576]]], [[[3.3162193000346725, 6.40145806389222], [3.315316147629231, 6.4032667891147135], [3.3270705442545196, 6.403259437439303], [3.3274783045448433, 6.402357271585887], [3.3388253699810755, 6.402347213579122], [3.339728436107263, 6.400538451257242], [3.327974116639346, 6.400546089419561], [3.327566358514051, 6.401448255612327], [3.3162193000346725, 6.40145806389222]]], [[[3.3316081643490794, 6.427670226966664], [3.3334162641152703, 6.4276796353100725], [3.334319389734344, 6.425870880967498], [3.331607519951063, 6.425872645338757], [3.3316081643490794, 6.427670226966664]]], [[[3.324367365766855, 6.416831250380168], [3.3243685095889473, 6.41863941706335], [3.326841891648688, 6.418691772302788], [3.3279868309831064, 6.420446319980324], [3.332143848728108, 6.4204528519240105], [3.332519466914731, 6.421348520164284], [3.3343158472855134, 6.420442228066232], [3.333410377807732, 6.418634652602671], [3.331841287351872, 6.418581744188195], [3.3297920523651126, 6.416827788185531], [3.324367365766855, 6.416831250380168]]], [[[3.3207428651563653, 6.405073677177866], [3.320743429266956, 6.4059772413409695], [3.322312481699014, 6.406030185754229], [3.322552535396503, 6.4068807119699915], [3.3252643072340455, 6.406879000631187], [3.3261680031150114, 6.405973823272272], [3.326167429464308, 6.405070259595167], [3.3207428651563653, 6.405073677177866]]], [[[3.3135581960396494, 6.4864808142802435], [3.3153665073984273, 6.486490276283426], [3.315363697190863, 6.481968307555152], [3.3144587326511066, 6.481064266948976], [3.3135553695946287, 6.481064825903368], [3.3135581960396494, 6.4864808142802435]]], [[[3.300847371176186, 6.402371902787308], [3.299944161927097, 6.404180603583219], [3.3104309287700775, 6.404183581510221], [3.3107964639252443, 6.405983360078539], [3.3116996944208212, 6.405982812425177], [3.311831624072905, 6.4043065182785925], [3.3135071301728, 6.40417250172249], [3.313506027163618, 6.402364332101333], [3.300847371176186, 6.402371902787308]]], [[[3.306299461797599, 6.446694322263507], [3.3063010899928016, 6.449407093749364], [3.307870276417931, 6.449460075954304], [3.3081103303401824, 6.450310607685874], [3.3117266843337734, 6.450308409508507], [3.311726132255172, 6.449404846117434], [3.309994041131039, 6.449204365660708], [3.309916340055442, 6.447596741656117], [3.3075677807232915, 6.4475889524175924], [3.306299461797599, 6.446694322263507]]], [[[3.3090350071517864, 6.48378140671206], [3.3090355574061725, 6.484684969115989], [3.309938927295993, 6.484684417900764], [3.309938375433171, 6.483780855574272], [3.3090350071517864, 6.48378140671206]]], [[[3.3045151381513582, 6.487402551800334], [3.3045156806633105, 6.488306114459688], [3.3063234736800395, 6.488305025287512], [3.3063223816647103, 6.486496860380321], [3.3045151381513582, 6.487402551800334]]], [[[3.3035875107528576, 6.448505152047355], [3.3035880483421614, 6.44940871616395], [3.3044913560675755, 6.44940817758359], [3.304490816878768, 6.448504613543068], [3.3035875107528576, 6.448505152047355]]], [[[3.2999690638505603, 6.446698083849131], [3.2999701266013415, 6.448506252647482], [3.302681588272804, 6.447600046232922], [3.3026810524402177, 6.446696481976274], [3.2999690638505603, 6.446698083849131]]]]}}, {"type": "Feature", "properties": {"regime": 5}, "geometry": {"type": "MultiPolygon", "coordinates": [[[[3.3949099218097323, 6.427636905776072], [3.394910618827685, 6.428540461792788], [3.396718883350799, 6.429443658848414], [3.3962703438882773, 6.427116669910201], [3.3976203760153982, 6.425824574299686], [3.39761897230573, 6.424016422783512], [3.395811425059125, 6.424017823569947], [3.3962548926510987, 6.427280792502579], [3.3949099218097323, 6.427636905776072]]], [[[3.3903780851548286, 6.4140714264994765], [3.3903794611514906, 6.415879580297759], [3.392186980886696, 6.415878200433656], [3.3924258523797013, 6.415027347254053], [3.3939948448947748, 6.414972216978856], [3.393993456352987, 6.413164063902841], [3.391281671790839, 6.413166140386404], [3.3903780851548286, 6.4140714264994765]]], [[[3.3858533009015916, 6.409551862131302], [3.38314319353356, 6.413171246267255], [3.38585634139554, 6.414978407513543], [3.387660799325136, 6.40955049956775], [3.3858533009015916, 6.409551862131302]]], [[[3.375914953569864, 6.421319025127184], [3.3759162800973876, 6.423127181487499], [3.3776489631495745, 6.4242320398781985], [3.3786325056215065, 6.427648170974738], [3.3795357677892732, 6.427647501716907], [3.3813430234576445, 6.425836962109112], [3.3813396573982355, 6.421315014509315], [3.3804241154464756, 6.420410577311493], [3.3768185792669354, 6.420413762491241], [3.375914953569864, 6.421319025127184]]], [[[3.3659606482791147, 6.411375637322431], [3.3659619376642995, 6.413183796429917], [3.368655662112642, 6.4144079904930935], [3.368679972310205, 6.420418645474532], [3.3695849145944505, 6.42132259257794], [3.37229674917723, 6.421320628353079], [3.372535656228393, 6.420469782517268], [3.377720495005465, 6.418602861293542], [3.377723976485683, 6.410826050694859], [3.3795223749221095, 6.40955554456241], [3.3795217070588763, 6.408651986226861], [3.378616771931691, 6.407748055938101], [3.375000744083085, 6.407750710989764], [3.372840213677436, 6.41181177434391], [3.3659606482791147, 6.411375637322431]], [[3.3736497503897684, 6.415892569197087], [3.3733616732633207, 6.414186248181198], [3.375806618390815, 6.414247158296813], [3.375745072996222, 6.415788370185828], [3.3736497503897684, 6.415892569197087]]], [[[3.364163023096687, 6.426755114794205], [3.3641636657580505, 6.42765867407508], [3.3659712325365096, 6.427657384306777], [3.365970586685398, 6.42675382520868], [3.364163023096687, 6.426755114794205]]], [[[3.3496892455839196, 6.419528401586686], [3.354215073002387, 6.42585645732201], [3.357831869085515, 6.426758541475162], [3.357864473998302, 6.423419849828897], [3.359637297788077, 6.422234275077389], [3.359636028882734, 6.4204261153348305], [3.3587311048247304, 6.419522149540899], [3.3569235652996428, 6.419523412137573], [3.355589737341492, 6.42088017602001], [3.3533047432359124, 6.418621319842539], [3.350592917226004, 6.418623182721299], [3.3496892455839196, 6.419528401586686]]], [[[3.3542081965478685, 6.415906893290815], [3.355113732053056, 6.417714428528185], [3.3560169791014243, 6.4177138017571185], [3.356015723861114, 6.415905640978012], [3.3542081965478685, 6.415906893290815]]], [[[3.346067810829863, 6.413198648876549], [3.346973313131062, 6.415006200507521], [3.3505894033692276, 6.415003740168265], [3.3496838886780917, 6.413196195613148], [3.346067810829863, 6.413198648876549]]], [[[3.339740248515503, 6.416821289747225], [3.3397414465447666, 6.418629453600963], [3.343360422474751, 6.421340846529648], [3.345167971048071, 6.42133963144766], [3.3462369402006646, 6.419632894224381], [3.348783299564155, 6.418623377985468], [3.348782069652186, 6.41681521585709], [3.344625088281772, 6.416808817376251], [3.344260033224269, 6.415913671614467], [3.339740248515503, 6.416821289747225]]], [[[3.337023823245496, 6.411395467574146], [3.3361207302638913, 6.413204225879102], [3.3406410920089717, 6.41320124282428], [3.342447841860098, 6.410487272603116], [3.3397360557179017, 6.410489075738856], [3.3394970971455797, 6.411339909365744], [3.337023823245496, 6.411395467574146]]], [[[3.331596989915132, 6.409589798266589], [3.331598157900522, 6.411397964144662], [3.3334056736383495, 6.411396792386342], [3.3334050867579132, 6.410493229561044], [3.331596989915132, 6.409589798266589]]], [[[3.324366838664847, 6.416819627395186], [3.328887764223038, 6.416827329453847], [3.3288866047950396, 6.415019163461499], [3.324366221616224, 6.415022043706234], [3.324366838664847, 6.416819627395186]]], [[[3.3207519110838453, 6.41954733778652], [3.3207536088648073, 6.422260108378091], [3.3261783548679538, 6.42225668155105], [3.32708207476789, 6.421351501830815], [3.326176628374498, 6.419543912418682], [3.3234647898516654, 6.419545631954828], [3.323012693411888, 6.420450000969067], [3.3207519110838453, 6.41954733778652]]], [[[3.299951562357641, 6.416846122433607], [3.299963220194762, 6.436746394049081], [3.3071967799199684, 6.436742096007017], [3.307435802629942, 6.435891275013557], [3.31081297791524, 6.434930700609303], [3.31368961776747, 6.431413714732323], [3.3153323517662927, 6.4313095165773815], [3.317398959607043, 6.429090674235339], [3.3198533567790647, 6.430402105050174], [3.319849401627797, 6.424070921520857], [3.315784525080715, 6.420078165066368], [3.317133698104325, 6.419548550660821], [3.3171325796343827, 6.417740382755071], [3.3094247165698882, 6.418196332925954], [3.3080891303823705, 6.416841294950134], [3.299951562357641, 6.416846122433607]], [[3.303893375327278, 6.424060646455973], [3.301815281899065, 6.420702019033833], [3.3032494595740207, 6.420481559231253], [3.3044762349312387, 6.422270045905602], [3.3070233655346826, 6.422371712868577], [3.3071700357517866, 6.423757160822685], [3.303893375327278, 6.424060646455973]]], [[[3.303564440720132, 6.409607150616023], [3.304469790128296, 6.411414785429733], [3.3060388599479658, 6.411467778868003], [3.306278890041711, 6.412318313710994], [3.3098949761571346, 6.412316141337993], [3.309893884458281, 6.410507971665035], [3.3089890619069138, 6.409603912255762], [3.307633708496263, 6.41050881214461], [3.3064781896287196, 6.410433277059899], [3.3062762319193144, 6.409605538915423], [3.303564440720132, 6.409607150616023]]]]}}]}